job_id,trace,policy,prefetching,sample,experiment,status,author_peak,author_wr,author_iomiss,train_s,sim_s,error,ours_peak,ours_wr,ours_iomiss,ours_median,d_peak,exact
20230325_Region6_s0_baleen_20230327_tracedrop_old,20230325/Region6,Baleen,All on Partial Hit,0.0,20230327_tracedrop_old,done,41.30698005698192,35.77559666430187,0.6524153363668882,15.8,340.7,,43.26696451693124,33.879020707564216,,21.72023062657521,1.9599844599493181,False
20230325_Region6_s0_coinflip_20230327_tracedrop_old,20230325/Region6,CoinFlip,No prefetching,0.0,20230327_tracedrop_old,done,45.39756539756362,35.5978188121595,0.765558060410445,43.0,57.2,,43.445334757789325,35.5978188121595,,24.00278773070799,-1.9522306397742923,False
20230325_Region6_s0_coinflip_20230410_static_pf,20230325/Region6,CoinFlip,No prefetching,0.0,20230410_static_pf,done,43.44533475783566,35.56937435581672,0.7655830165292694,22.9,65.1,,43.445334757789325,35.56937435581672,,24.00278773070799,-4.633449179891613e-11,True
20230325_Region6_s0_rejectx_20230327_tracedrop_old,20230325/Region6,RejectX,No prefetching,0.0,20230327_tracedrop_old,done,42.8496989121988,35.6118318899166,0.7029223615143373,27.9,65.1,,42.32107938357459,35.6118318899166,,22.52917127293638,-0.5286195286242048,False
20230325_Region6_s0_rejectx_20230410_static_pf,20230325/Region6,RejectX,No prefetching,0.0,20230410_static_pf,done,42.32107938357985,35.67332211171644,0.7029098834549251,18.2,63.3,,42.32107938357459,35.67332211171644,,22.52917127293638,-5.258016244624741e-12,True
20230325_Region7_s0_baleen_20230327_tracedrop_XX,20230325/Region7,Baleen,ML-Range on ML-When,0.0,20230327_tracedrop_XX,done,37.591847966845535,36.34452726953292,0.7319787757214962,13.8,329.4,,40.06092981087392,38.57766734432648,,21.301753647587997,2.4690818440283877,False
20230325_Region7_s0_coinflip_20230327_tracedrop_XX,20230325/Region7,CoinFlip,No prefetching,0.0,20230327_tracedrop_XX,done,50.45841427091477,35.66958646018958,0.8588189141969718,31.6,64.9,,48.96095571100894,35.66958646018958,,23.932850371110174,-1.49745855990583,False
20230325_Region7_s0_coinflip_20230410_static_pf,20230325/Region7,CoinFlip,No prefetching,0.0,20230410_static_pf,done,48.96095571095526,35.68631880129508,0.8588431797592857,11.4,63.7,,48.96095571100894,35.68631880129508,,23.932850371110174,5.368150368667557e-11,True
20230325_Region7_s0_rejectx_20230327_tracedrop_XX,20230325/Region7,RejectX,No prefetching,0.0,20230327_tracedrop_XX,done,40.729619917118285,35.70995323310661,0.7924000258832665,12.2,61.1,,42.455387205313436,35.70995323310661,,22.6882390899374,1.7257672881951507,False
20230325_Region7_s0_rejectx_20230410_static_pf,20230325/Region7,RejectX,No prefetching,0.0,20230410_static_pf,done,42.45538720538712,36.000468505550955,0.7921250161770416,11.2,54.3,,42.455387205313436,36.000468505550955,,22.676062980241127,-7.368328169832239e-11,True
