job,rep,threshold,wr,peak,matched,n_sims
20230325_Region6_s0_baleen_20230327_tracedrop_old,0,0.806378,35.31755725701741,43.20967689714432,True,
20230325_Region6_s0_baleen_20230327_tracedrop_old,1,0.812151,35.27279906836039,43.20967689714432,True,6.0
20230325_Region6_s0_baleen_20230327_tracedrop_old,2,0.801113,35.67499531503071,43.26696451693124,True,6.0
20230325_Region6_s0_baleen_20230327_tracedrop_old,3,0.806378,35.40686448391717,43.26696451693124,True,3.0
20230325_Region6_s0_baleen_20230327_tracedrop_old,4,0.800241,35.56665540043102,43.26696451693124,True,6.0
20230325_Region6_s0_baleen_20230327_tracedrop_old,5,0.811872,35.59489070635951,43.32425213671816,True,6.0
20230325_Region6_s0_baleen_20230327_tracedrop_old,6,0.795933,35.57481226658813,43.26696451693124,True,6.0
20230325_Region6_s0_baleen_20230327_tracedrop_old,7,0.810764,35.634629285073686,43.20967689714432,True,6.0
20230325_Region6_s0_baleen_20230327_tracedrop_old,8,0.797559,35.65428942401649,43.20967689714432,True,6.0
20230325_Region7_s0_baleen_20230327_tracedrop_XX,0,0.62094,35.82226907277732,39.97936091680971,True,
20230325_Region7_s0_baleen_20230327_tracedrop_XX,1,0.62094,35.48134762275264,39.955079642524005,True,3.0
20230325_Region7_s0_baleen_20230327_tracedrop_XX,2,0.62094,35.54932275849375,40.35483035477437,True,3.0
20230325_Region7_s0_baleen_20230327_tracedrop_XX,3,0.62094,35.778974140166824,40.03601722346233,True,3.0
20230325_Region7_s0_baleen_20230327_tracedrop_XX,4,0.62094,35.72187502614428,40.0892579642055,True,3.0
20230325_Region7_s0_baleen_20230327_tracedrop_XX,5,0.627236,35.65389989040317,40.00427350421711,True,6.0
20230325_Region7_s0_baleen_20230327_tracedrop_XX,6,0.630767,35.640932326046396,40.4248899248332,True,6.0
20230325_Region7_s0_baleen_20230327_tracedrop_XX,7,0.62094,35.29561863648152,39.93079836824462,True,3.0
20230325_Region7_s0_baleen_20230327_tracedrop_XX,8,0.614709,35.75596717114675,40.10139860134518,True,6.0
