key,ts,phase,instance,form,form_params,solver,family,cfg_hash,cfg,budget,seed,wall,over_budget,objective,obj_levels,peak_W_util,sts_W,n_sel,feasible,moves,status,sol,tag,affinity,level_secs
69a9fbdea6744616,2026-10-01T14:37:04,smoke,full_Region7_s0,F1,"{""k"": 4, ""name"": ""F1"", ""tau"": 0.0}",greedy,classical,bf21a9e8fb,{},1.0,0,0.033,0,32.48943157536906,"[34.246066, 33.772517, 32.946015, 32.515152, 32.339128, 32.053435, 31.066401, 30.976739]",30.976738539238564,1994.471825174825,15404,1,"{""rep_n_add"": 26, ""rep_n_drop"": 0, ""rep_n_fill"": 9}",ok,,,0-7,"[0.001, 0.001, 0.001, 0.001, 0.001, 0.001, 0.001, 0.001]"
24d5648d7d92b2a0,2026-10-01T14:37:04,smoke,full_Region6_s0.3,F1,"{""k"": 4, ""name"": ""F1"", ""tau"": 0.0}",greedy,classical,bf21a9e8fb,{},1.0,0,0.026,0,31.910011574074097,"[34.027308, 33.535742, 31.848339, 31.848339, 31.443587, 31.276402, 31.019555, 30.280821]",30.280821030821027,2875.770024475522,7972,1,"{""rep_n_add"": 15, ""rep_n_drop"": 0, ""rep_n_fill"": 7}",ok,,,0-7,"[0.001, 0.001, 0.001, 0.0, 0.0, 0.001, 0.001, 0.0]"
911c513e21f18ae4,2026-10-01T14:37:05,smoke,full_Region7_s0,F1,"{""k"": 4, ""name"": ""F1"", ""tau"": 0.0}",pgreedy,classical,bf21a9e8fb,{},1.0,0,0.107,0,27.41405035936291,"[34.262141, 27.979409, 26.662426, 26.328137, 26.328137, 26.328137, 25.712008, 25.712008]",25.712007899507952,1950.2642482517476,15597,1,"{""rep_n_add"": 2034, ""rep_n_drop"": 0, ""rep_n_fill"": 13563}",ok,,,0-7,"[0.043, 0.003, 0.004, 0.001, 0.001, 0.0, 0.001, 0.0]"
decaf090ce2718f5,2026-10-01T14:37:05,smoke,full_Region6_s0.3,F1,"{""k"": 4, ""name"": ""F1"", ""tau"": 0.0}",pgreedy,classical,bf21a9e8fb,{},1.0,0,0.05,0,26.14508466070967,"[32.524281, 27.305475, 26.465278, 25.893745, 25.110609, 24.246811, 24.036891, 23.577587]",23.577586765086803,2780.8162482517464,8000,1,"{""rep_n_add"": 1638, ""rep_n_drop"": 0, ""rep_n_fill"": 6362}",ok,,,0-7,"[0.014, 0.003, 0.002, 0.001, 0.002, 0.003, 0.001, 0.002]"
d734ca9a2215a33e,2026-10-01T14:37:06,smoke,full_Region7_s0,F1,"{""k"": 4, ""name"": ""F1"", ""tau"": 0.0}",lp,classical,bf21a9e8fb,{},1.0,0,0.396,0,24.381058177933234,"[24.638063, 24.578137, 24.516803, 24.393648, 24.373381, 24.373381, 24.087526, 24.087526]",24.087525900025927,1894.396489510489,15124,1,"{""rep_n_add"": 0, ""rep_n_drop"": 0, ""rep_n_fill"": 0, ""start_n_add"": 760, ""start_n_drop"": 0, ""start_n_fill"": 8354}",ok,,,0-7,"[0.162, 0.036, 0.03, 0.024, 0.021, 0.021, 0.021, 0.016]"
01cfb2c8c03a6a1d,2026-10-01T14:37:06,smoke,full_Region6_s0.3,F1,"{""k"": 4, ""name"": ""F1"", ""tau"": 0.0}",lp,classical,bf21a9e8fb,{},1.0,0,0.506,0,24.67116881960635,"[32.524281, 25.687387, 24.598032, 23.638031, 23.098679, 22.788559, 22.664141, 22.370241]",22.3702408702409,2781.2905139860122,8014,1,"{""rep_n_add"": 0, ""rep_n_drop"": 0, ""rep_n_fill"": 0, ""start_n_add"": 501, ""start_n_drop"": 0, ""start_n_fill"": 418}",ok,,,0-7,"[0.217, 0.051, 0.034, 0.036, 0.037, 0.036, 0.034, 0.033]"
5e877a569e3079ce,2026-10-01T14:37:14,smoke,full_Region7_s0,F1,"{""k"": 4, ""name"": ""F1"", ""tau"": 0.0}",pt,ising,bf21a9e8fb,{},1.0,0,1.009,0,24.15261792605542,"[24.433793, 24.261995, 24.087526, 24.087526, 24.087526, 24.087526, 24.087526, 24.087526]",24.087525900025927,1841.8537762237759,14899,1,"{""eim_acc"": 248199, ""rep_n_add"": 0, ""rep_n_drop"": 0, ""rep_n_fill"": 1, ""start_n_add"": 669, ""start_n_drop"": 0, ""start_n_fill"": 9348}",ok,,,0-7,"[0.227, 0.129, 0.114, 0.113, 0.112, 0.09, 0.104, 0.073]"
2130717995f6dc71,2026-10-01T14:37:15,smoke,full_Region6_s0.3,F1,"{""k"": 4, ""name"": ""F1"", ""tau"": 0.0}",pt,ising,bf21a9e8fb,{},1.0,0,1.008,0,24.558746519684043,"[32.524281, 25.682482, 24.412765, 23.559619, 23.081083, 22.732825, 22.376813, 22.100104]",22.100103600103584,2762.0616923076905,7913,1,"{""eim_acc"": 101450, ""rep_n_add"": 0, ""rep_n_drop"": 0, ""rep_n_fill"": 0, ""start_n_add"": 308, ""start_n_drop"": 0, ""start_n_fill"": 499}",ok,,,0-7,"[0.215, 0.115, 0.122, 0.115, 0.112, 0.102, 0.09, 0.1]"
74cd418610ee2d60,2026-10-01T14:37:22,smoke,full_Region7_s0,F1,"{""k"": 4, ""name"": ""F1"", ""tau"": 0.0}",cpsat,classical,bf21a9e8fb,{},1.0,0,0.56,0,24.381058177933234,"[24.638063, 24.578137, 24.516803, 24.393648, 24.373381, 24.373381, 24.087526, 24.087526]",24.087525900025927,1894.396489510489,15124,1,"{""cp_improved"": 0, ""cp_time"": 0.1411576271057129, ""rep_n_add"": 0, ""rep_n_drop"": 0, ""rep_n_fill"": 0}",ok,,,0-7,"[0.18, 0.045, 0.038, 0.032, 0.029, 0.028, 0.027, 0.149]"
ba4966f08c0f3998,2026-10-01T14:37:23,smoke,full_Region6_s0.3,F1,"{""k"": 4, ""name"": ""F1"", ""tau"": 0.0}",cpsat,classical,bf21a9e8fb,{},1.0,0,0.923,0,24.67116881960635,"[32.524281, 25.687387, 24.598032, 23.638031, 23.098679, 22.788559, 22.664141, 22.370241]",22.3702408702409,2781.2905139860122,8014,1,"{""cp_improved"": 0, ""cp_time"": 0.39052557945251465, ""rep_n_add"": 0, ""rep_n_drop"": 0, ""rep_n_fill"": 0}",ok,,,0-7,"[0.224, 0.046, 0.046, 0.048, 0.048, 0.048, 0.047, 0.395]"
52f9e64219adbb55,2026-10-01T14:37:24,smoke,full_Region7_s0,F1,"{""k"": 4, ""name"": ""F1"", ""tau"": 0.0}",sb,ising,bf21a9e8fb,{},1.0,0,1.032,0,24.381058177933234,"[24.638063, 24.578137, 24.516803, 24.393648, 24.373381, 24.373381, 24.087526, 24.087526]",24.087525900025927,1894.396489510489,15124,1,"{""rep_n_add"": 0, ""rep_n_drop"": 0, ""rep_n_fill"": 0, ""sb_decoded"": 5, ""sb_improved"": 0, ""sb_rounds"": 5, ""sb_start_obj"": 42.13046853146862, ""sb_time"": 0.8149490356445312, ""start_n_add"": 760, ""start_n_drop"": 0, ""start_n_fill"": 8354}",ok,,,0-7,"[0.121, 0.034, 0.156, 0.163, 0.133, 0.157, 0.021, 0.214]"
06b47fd9115bf06f,2026-10-01T14:37:25,smoke,full_Region6_s0.3,F1,"{""k"": 4, ""name"": ""F1"", ""tau"": 0.0}",sb,ising,bf21a9e8fb,{},1.0,0,0.905,0,24.67116881960635,"[32.524281, 25.687387, 24.598032, 23.638031, 23.098679, 22.788559, 22.664141, 22.370241]",22.3702408702409,2781.2905139860122,8014,1,"{""rep_n_add"": 0, ""rep_n_drop"": 0, ""rep_n_fill"": 0, ""sb_decoded"": 3, ""sb_improved"": 0, ""sb_rounds"": 3, ""sb_start_obj"": 42.631779720279766, ""sb_time"": 0.5150213241577148, ""start_n_add"": 501, ""start_n_drop"": 0, ""start_n_fill"": 418}",ok,,,0-7,"[0.214, 0.034, 0.034, 0.147, 0.037, 0.178, 0.2, 0.033]"
62c4301623f1075c,2026-10-01T14:37:27,smoke,full_Region7_s0,F1,"{""k"": 4, ""name"": ""F1"", ""tau"": 0.0}",mq,ising,bf21a9e8fb,{},1.0,0,1.339,0,24.366072584822646,"[24.638063, 24.578137, 24.396918, 24.393648, 24.373381, 24.373381, 24.087526, 24.087526]",24.087525900025927,1892.2384895104888,15137,1,"{""mq_time"": 1.2950468063354492, ""mq_tries"": 1, ""mq_wins"": 4, ""rep_n_add"": 0, ""rep_n_drop"": 0, ""rep_n_fill"": 2, ""start_n_add"": 755, ""start_n_drop"": 0, ""start_n_fill"": 8530}",ok,,,0-7,"[0.156, 0.034, 1.014, 0.023, 0.02, 0.02, 0.02, 0.016]"
d69fbb38633f7a68,2026-10-01T14:37:28,smoke,full_Region6_s0.3,F1,"{""k"": 4, ""name"": ""F1"", ""tau"": 0.0}",mq,ising,bf21a9e8fb,{},1.0,0,1.008,0,24.6562479765605,"[32.524281, 25.687387, 24.598032, 23.638031, 23.098679, 22.74066, 22.62772, 22.335195]",22.335194897694908,2761.375458041956,7913,1,"{""mq_time"": 0.9839789867401123, ""mq_tries"": 4, ""mq_wins"": 8, ""rep_n_add"": 0, ""rep_n_drop"": 0, ""rep_n_fill"": 7, ""start_n_add"": 474, ""start_n_drop"": 0, ""start_n_fill"": 413}",ok,,,0-7,"[0.214, 0.034, 0.034, 0.178, 0.036, 0.173, 0.144, 0.174]"
8a68fdb67dd42a6d,2026-10-01T14:37:30,smoke,full_Region7_s0,F1,"{""k"": 4, ""name"": ""F1"", ""tau"": 0.0}",milp,classical,bf21a9e8fb,{},1.0,0,0.889,0,24.345326259388813,"[24.638063, 24.578137, 24.516803, 24.393648, 24.373381, 24.087526, 24.087526, 24.087526]",24.087525900025927,1894.2659965034961,15129,1,"{""milp_improved"": 1, ""rep_n_add"": 0, ""rep_n_drop"": 0, ""rep_n_fill"": 64, ""start_n_add"": 677, ""start_n_drop"": 0, ""start_n_fill"": 8434}",ok,,,0-7,"[0.152, 0.052, 0.03, 0.025, 0.023, 0.168, 0.138, 0.252]"
d69ac1c035f16c3b,2026-10-01T14:37:30,smoke,full_Region6_s0.3,F1,"{""k"": 4, ""name"": ""F1"", ""tau"": 0.0}",milp,classical,bf21a9e8fb,{},1.0,0,0.907,0,24.64919021950275,"[32.524281, 25.687387, 24.598032, 23.638031, 23.098679, 22.788559, 22.580905, 22.277648]",22.277648277648353,2776.3147832167815,7984,1,"{""milp_improved"": 2, ""rep_n_add"": 0, ""rep_n_drop"": 0, ""rep_n_fill"": 2, ""start_n_add"": 491, ""start_n_drop"": 0, ""start_n_fill"": 435}",ok,,,0-7,"[0.214, 0.037, 0.037, 0.038, 0.039, 0.038, 0.203, 0.28]"
3e58f7be716aec22,2026-10-01T14:37:32,smoke,full_Region7_s0,F1,"{""k"": 4, ""name"": ""F1"", ""tau"": 0.0}",ls,classical,bf21a9e8fb,{},1.0,0,1.008,0,24.16304470991973,"[24.635198, 24.144004, 24.087526, 24.087526, 24.087526, 24.087526, 24.087526, 24.087526]",24.087525900025927,1862.2928146853144,14773,1,"{""ls_acc"": 2597757, ""rep_n_add"": 0, ""rep_n_drop"": 0, ""rep_n_fill"": 11, ""start_n_add"": 672, ""start_n_drop"": 0, ""start_n_fill"": 9978}",ok,,,0-7,"[0.225, 0.111, 0.106, 0.116, 0.107, 0.109, 0.099, 0.097]"
59a57bc352f4612b,2026-10-01T14:37:33,smoke,full_Region6_s0.3,F1,"{""k"": 4, ""name"": ""F1"", ""tau"": 0.0}",ls,classical,bf21a9e8fb,{},1.0,0,1.032,0,24.512992505179795,"[32.524281, 25.687387, 24.489656, 23.622216, 23.010506, 22.598614, 22.228972, 21.942308]",21.942307692307793,2748.074755244753,7540,1,"{""ls_acc"": 976558, ""rep_n_add"": 0, ""rep_n_drop"": 0, ""rep_n_fill"": 4, ""start_n_add"": 488, ""start_n_drop"": 0, ""start_n_fill"": 366}",ok,,,0-7,"[0.214, 0.118, 0.113, 0.105, 0.109, 0.111, 0.113, 0.108]"
06ce6055506cc8e2,2026-10-01T14:37:34,smoke,full_Region7_s0,F1,"{""k"": 4, ""name"": ""F1"", ""tau"": 0.0}",eim,ising,bf21a9e8fb,{},1.0,0,1.042,0,24.120291456228976,"[24.34965, 24.087526, 24.087526, 24.087526, 24.087526, 24.087526, 24.087526, 24.087526]",24.087525900025927,1855.6435419580416,14825,1,"{""eim_acc"": 2998550, ""rep_n_add"": 0, ""rep_n_drop"": 0, ""rep_n_fill"": 37, ""start_n_add"": 639, ""start_n_drop"": 0, ""start_n_fill"": 10710}",ok,,,0-7,"[0.239, 0.117, 0.102, 0.111, 0.109, 0.114, 0.103, 0.101]"
7d73f84e7bec269e,2026-10-01T14:37:35,smoke,full_Region6_s0.3,F1,"{""k"": 4, ""name"": ""F1"", ""tau"": 0.0}",eim,ising,bf21a9e8fb,{},1.0,0,1.03,0,24.444942210567188,"[32.524281, 25.638937, 24.3097, 23.477305, 22.94616, 22.556511, 22.201535, 21.905109]",21.90510878010884,2750.7112587412566,7667,1,"{""eim_acc"": 548460, ""rep_n_add"": 0, ""rep_n_drop"": 0, ""rep_n_fill"": 2, ""start_n_add"": 484, ""start_n_drop"": 0, ""start_n_fill"": 369}",ok,,,0-7,"[0.217, 0.126, 0.141, 0.118, 0.12, 0.079, 0.081, 0.103]"
