inst,labels,seed,split,feat,n_rows,pos_rate,purity,n_cells,rounds,train_logloss,val_logloss,train_acc,val_acc,train_auc,val_auc,val_logloss_const
Region7_s0,baleen,1,block,orig,31105,0.34782189358624016,0.9850506349461501,22231,944,0.19601937443419812,0.24816267343576384,0.9167167908203396,0.8878002528445006,0.9740077871629044,0.9582763684693056,0.6644934441050537
Region7_s0,baleen,1,block,load,31105,0.34782189358624016,0.9931843755023309,24582,1050,0.1719899639448806,0.24601207693680233,0.9306898625827048,0.8890644753476612,0.9828309616184927,0.9592410356273882,0.6644934441050537
Region7_s0,baleen,1,block,shuf,31105,0.34782189358624016,0.9930557788136956,24636,925,0.19289163594910713,0.24865652743711983,0.9206033405820571,0.8869574378423936,0.9758705492093016,0.9581466752768667,0.6644934441050537
Region7_s0,baleen,1,block,load+tod,31105,0.34782189358624016,0.9977495579488829,27289,935,0.17398710930267702,0.2461566518004792,0.9317077684726784,0.8911715128529287,0.9829532680047683,0.9594470663181899,0.6644934441050537
Region7_s0,baleen,1,time,orig,31105,0.34782189358624016,0.9850506349461501,22231,1055,0.20711263030240917,0.20453438483063094,0.9107569355135036,0.9131040394299796,0.9719601095097711,0.9682913778415903,0.6251081218542117
Region7_s0,baleen,1,time,load,31105,0.34782189358624016,0.9931843755023309,24582,1058,0.18809370756929678,0.2038596851415746,0.9242605180966379,0.9105325190185364,0.979984247234625,0.9686906753060232,0.6251081218542117
Region7_s0,P0,1,block,orig,31105,0.3150297379842469,0.9660183250281306,22231,631,0.3797281169840227,0.4502179739452134,0.8245037708786379,0.7692793931731985,0.8933241222898816,0.8461643670137102,0.6358503298468818
Region7_s0,P0,1,block,load,31105,0.3150297379842469,0.9819000160745861,24582,872,0.3050138010115787,0.4220292461607446,0.8605006246240688,0.7796038769490097,0.9394634318662942,0.8641631531977101,0.6358503298468818
Region7_s0,P0,1,block,shuf,31105,0.3150297379842469,0.9816106735251567,24636,678,0.37326462037740343,0.4509097113997083,0.8307500115671124,0.767488411293721,0.8987549627471384,0.8452227394482227,0.6358503298468818
Region7_s0,P0,1,block,load+tod,31105,0.3150297379842469,0.9907731875904195,27289,870,0.28599559610134245,0.4154534296355135,0.8741960856891685,0.7844500632111252,0.9494415183591267,0.8696405693552228,0.6358503298468818
Region7_s0,P0,1,time,orig,31105,0.3150297379842469,0.9660183250281306,22231,458,0.41740367685528323,0.4272563989519518,0.8091585522689693,0.7848494589092467,0.8866432524141771,0.8402126809512002,0.5634751925471454
Region7_s0,P0,1,time,load,31105,0.3150297379842469,0.9819000160745861,24582,491,0.3799639523715734,0.38989093596179675,0.8284493845305897,0.792135433408336,0.9143597853817472,0.8419020538633717,0.5634751925471454
Region7_s0,T2,1,block,orig,31105,0.3418421475647002,0.9689438996945828,22231,839,0.3197439474153173,0.3929706526044915,0.8648961273307731,0.8184787189211968,0.926235837694258,0.894043237328681,0.6625982031359695
Region7_s0,T2,1,block,load,31105,0.3418421475647002,0.9813213309757274,24582,886,0.2651140881832653,0.37248938775275087,0.8863646879193078,0.821323219553308,0.9576336186024293,0.9058658417199322,0.6625982031359695
Region7_s0,T2,1,block,shuf,31105,0.3418421475647002,0.9817071210416332,24636,839,0.31546409142924187,0.3927455282916081,0.8672558182575302,0.8180573114201433,0.9306693206577846,0.8941148503744448,0.6625982031359695
Region7_s0,T2,1,block,load+tod,31105,0.3418421475647002,0.9909339334512136,27289,850,0.25612428837384665,0.36820285708305694,0.8931661500023135,0.8242730720606827,0.9616775670565456,0.908616396911497,0.6625982031359695
Region7_s0,T2,1,time,orig,31105,0.3418421475647002,0.9689438996945828,22231,761,0.35309210186090223,0.3367326869096075,0.84714311960316,0.8548162434372656,0.9157760623608594,0.9171627764768343,0.6046060145545089
Region7_s0,T2,1,time,load,31105,0.3418421475647002,0.9813213309757274,24582,939,0.2922939383424077,0.31566991705811304,0.8730020209443322,0.8631736847744562,0.9508358100407113,0.9197000113766721,0.6046060145545089
Region7_s0,C2,1,block,orig,31105,0.3362803407812249,0.985436425012056,22231,950,0.21448698080123585,0.27799357402501157,0.9100541340859668,0.8697850821744627,0.9690130265434613,0.9459023066413778,0.6553477129287789
Region7_s0,C2,1,block,load,31105,0.3362803407812249,0.9934094197074426,24582,953,0.19365659149488657,0.27618858764643045,0.9207421459306898,0.8719974715549936,0.9781695669070349,0.9471480059239192,0.6553477129287789
Region7_s0,C2,1,block,shuf,31105,0.3362803407812249,0.9931843755023309,24636,1173,0.19824791090682017,0.278227407738573,0.9194928977929949,0.8710493046776233,0.9750082350748799,0.9454455856013906,0.6553477129287789
Region7_s0,C2,1,block,load+tod,31105,0.3362803407812249,0.9976531104324063,27289,930,0.18565617013295319,0.2753112323077137,0.9275436080136955,0.872102823430257,0.9810306552427659,0.9480490546655687,0.6553477129287789
Region7_s0,C2,1,time,orig,31105,0.3362803407812249,0.985436425012056,22231,1230,0.2270188419763345,0.2150521722794963,0.9042807275399596,0.9064609450337512,0.9662871944085567,0.9660055445753346,0.6106776068125456
Region7_s0,C2,1,time,load,31105,0.3362803407812249,0.9934094197074426,24582,970,0.21986675639270045,0.21854432892544634,0.9113999632555576,0.9051751848280296,0.9723751894214984,0.9642570908421966,0.6106776068125456
Region7_s0,F1PT,1,block,orig,31105,0.26314097411991644,0.9675936344639126,22231,801,0.34357731326272967,0.4118463175715349,0.8609170406699671,0.8111040876527602,0.8914794903148031,0.8541282154226213,0.5886537964893649
Region7_s0,F1PT,1,block,load,31105,0.26314097411991644,0.9810962867706157,24582,993,0.24567139596296075,0.36592558610439563,0.903946698746125,0.8350189633375474,0.9567536495458288,0.8880504283516859,0.5886537964893649
Region7_s0,F1PT,1,block,shuf,31105,0.26314097411991644,0.9809676900819804,24636,827,0.33712472486233047,0.41257463397608174,0.863600610743534,0.8096291613990729,0.9002994674032915,0.8535228729016873,0.5886537964893649
Region7_s0,F1PT,1,block,load+tod,31105,0.26314097411991644,0.9909339334512136,27289,1080,0.21544295806070615,0.3484252609683638,0.9211585619765882,0.8448166877370418,0.9696506443968884,0.8994391725455668,0.5886537964893649
Region7_s0,F1PT,1,time,orig,31105,0.26314097411991644,0.9675936344639126,22231,317,0.4172126608678623,0.3930222903566516,0.8301028844387286,0.8240651451837565,0.8810924109622954,0.8123919012398669,0.4833460681107729
Region7_s0,F1PT,1,time,load,31105,0.26314097411991644,0.9810962867706157,24582,586,0.33063760166361783,0.33873302658151727,0.867214771265846,0.8647808850316083,0.9281194064349255,0.821244685421601,0.4833460681107729
Region7_s0,F1EIM,1,block,orig,31105,0.22800192895032953,0.9707121041633178,22231,754,0.3133650746744064,0.40247917904883407,0.8778050247536205,0.81826801517067,0.8942477105619941,0.846657281408383,0.5653198404319406
Region7_s0,F1EIM,1,block,load,31105,0.22800192895032953,0.9830252371001447,24582,964,0.21808878974692147,0.35642176871361764,0.9204645352334243,0.8436578171091446,0.961298012899412,0.8862710683050646,0.5653198404319406
Region7_s0,F1EIM,1,block,shuf,31105,0.22800192895032953,0.9832181321330976,24636,849,0.30158648852319114,0.40287939924914545,0.8827094804053116,0.8200589970501475,0.9057477793734109,0.8467605768495595,0.5653198404319406
Region7_s0,F1EIM,1,block,load+tod,31105,0.22800192895032953,0.9914161710335959,27289,981,0.19853338177351998,0.33818026861324263,0.9282839032064035,0.8514538558786346,0.9703512556233104,0.8986878845543401,0.5653198404319406
Region7_s0,F1EIM,1,time,orig,31105,0.22800192895032953,0.9707121041633178,22231,400,0.3864615921615504,0.3399990919975032,0.842917508726805,0.8599592842601521,0.8813476597086453,0.8223222870736984,0.4256265002273094
Region7_s0,F1EIM,1,time,load,31105,0.22800192895032953,0.9830252371001447,24582,686,0.300444853685636,0.29149456505479165,0.8829230203931655,0.8927461695060538,0.9357519336981808,0.8199604438540881,0.4256265002273094
Region7_s0,F1CPSAT,1,block,orig,31105,0.2585436425012056,0.968558109628677,22231,820,0.3363116827586962,0.41335141822962324,0.864155832138065,0.8076274757690687,0.8957069614209986,0.852104171083503,0.5897144510292505
Region7_s0,F1CPSAT,1,block,load,31105,0.2585436425012056,0.9824144028291272,24582,960,0.23981797487223408,0.35012919114950797,0.9063989265719705,0.8407079646017699,0.959104274679243,0.8982366199011249,0.5897144510292505
Region7_s0,F1CPSAT,1,block,shuf,31105,0.2585436425012056,0.9823179553126506,24636,831,0.33089933181628006,0.41346441214873325,0.8662379123675565,0.8079435313948589,0.9022928938890002,0.8516892273424714,0.5897144510292505
Region7_s0,F1CPSAT,1,block,load+tod,31105,0.2585436425012056,0.9912875743449606,27289,1133,0.20288003840305993,0.3357004410921928,0.9269883866191644,0.8508217446270544,0.9736231413974272,0.9070959331561533,0.5897144510292505
Region7_s0,F1CPSAT,1,time,orig,31105,0.2585436425012056,0.968558109628677,22231,375,0.4091535677902111,0.3788822280354337,0.8276226345765203,0.8280295724847316,0.8820257901247849,0.8370856846541079,0.4729363262494861
Region7_s0,F1CPSAT,1,time,load,31105,0.2585436425012056,0.9824144028291272,24582,588,0.32674466578545297,0.326503102621604,0.8670310490538307,0.8672452587592414,0.931128689251621,0.8295440726634821,0.4729363262494861
Region7_s0.1,baleen,1,block,orig,31713,0.3545549143884211,0.9849588496830952,22086,1083,0.19833818973455156,0.24753417880345396,0.9160679145119216,0.8856215777732711,0.9737464779601493,0.9561178815165707,0.6555889183210367
Region7_s0.1,baleen,1,block,load,31713,0.3545549143884211,0.9918960678586068,24408,1050,0.17373508600582507,0.2525447584034356,0.931627843119308,0.8864327722571487,0.9831620551425502,0.9546691570022796,0.6555889183210367
Region7_s0.1,baleen,1,block,shuf,31713,0.3545549143884211,0.9923690600069373,24529,1090,0.19173084613393265,0.24737797592042032,0.9219257699876436,0.8886635570878118,0.9770775893598409,0.9563588021494593,0.6555889183210367
Region7_s0.1,baleen,1,block,load+tod,31713,0.3545549143884211,0.9975404408286822,27392,1084,0.1651875374572251,0.24947639543678052,0.9365246441810443,0.8881565605353884,0.9854897504710387,0.9561180371069786,0.6555889183210367
Region7_s0.1,baleen,1,time,orig,31713,0.3545549143884211,0.9849588496830952,22086,1221,0.20951035640296595,0.2065647401681507,0.9109419343213658,0.9107630859785579,0.971053414998859,0.9667106364732011,0.6268981620366846
Region7_s0.1,baleen,1,time,load,31713,0.3545549143884211,0.9918960678586068,24408,1112,0.1901875706582707,0.20024136711902613,0.9247263390242804,0.9106579777170486,0.9796831043623767,0.9692852915832468,0.6268981620366846
Region7_s0.1,P0,1,block,orig,31713,0.32507173714249676,0.9671743449058746,22086,758,0.3717722838790453,0.4269452003977686,0.8306713651549128,0.7845264652200366,0.9005311870575309,0.8646929243420135,0.6413642281201092
Region7_s0.1,P0,1,block,load,31713,0.32507173714249676,0.9820578311733359,24408,1044,0.29632018026227397,0.4007970501949724,0.8685643677634891,0.7880754410870006,0.944464809797823,0.8784451430782039,0.6413642281201092
Region7_s0.1,P0,1,block,shuf,31713,0.32507173714249676,0.9808595843975657,24529,757,0.36879309561498047,0.42711024670792974,0.8322731225115555,0.7843236665990672,0.9043655640248034,0.8648277873492766,0.6413642281201092
Region7_s0.1,P0,1,block,load+tod,31713,0.32507173714249676,0.9905716898432819,27392,895,0.2929128117128333,0.3977445556664138,0.8699373026406114,0.7872642466031231,0.9468644444849534,0.8806148569438185,0.6413642281201092
Region7_s0.1,P0,1,time,orig,31713,0.32507173714249676,0.9671743449058746,22086,529,0.41285161654048536,0.4075640674889594,0.8066129104914636,0.8034475509775069,0.888314426821778,0.8707928359982668,0.5784533637615565
Region7_s0.1,P0,1,time,load,31713,0.32507173714249676,0.9820578311733359,24408,802,0.34365422702215065,0.35060003058458566,0.8423802874003333,0.8172167332352323,0.9282299963961934,0.8775435024347972,0.5784533637615565
Region7_s0.1,T2,1,block,orig,31713,0.3419733232428342,0.9743953583703844,22086,915,0.2867665793876444,0.33247174039438204,0.8820191295592879,0.8561143784222267,0.9429041886865304,0.9227528859666994,0.6505536317391263
Region7_s0.1,T2,1,block,load,31713,0.3419733232428342,0.9855579730709804,24408,915,0.24921535545847975,0.32489493688576426,0.8984943480847558,0.8579395660109511,0.9624444585601527,0.927448032051924,0.6505536317391263
Region7_s0.1,T2,1,block,shuf,31713,0.3419733232428342,0.985589505880869,24529,933,0.28134065535479896,0.3332757242208246,0.8859091117111345,0.8584465625633746,0.946554653707296,0.9223703070176957,0.6505536317391263
Region7_s0.1,T2,1,block,load+tod,31713,0.3419733232428342,0.9928420521552676,27392,961,0.23655691903425013,0.3236239888574905,0.9055878449498879,0.857026972216589,0.9674344015245416,0.9283513347167444,0.6505536317391263
Region7_s0.1,T2,1,time,orig,31713,0.3419733232428342,0.9743953583703844,22086,953,0.30558218866118664,0.2930025672340575,0.8713906031803235,0.8812276644944292,0.9370830190001865,0.940428536870593,0.6096407782214205
Region7_s0.1,T2,1,time,load,31713,0.3419733232428342,0.9855579730709804,24408,891,0.27530513631288145,0.274198717555448,0.885175007883238,0.8856422114778222,0.9551940302896316,0.9417693187596443,0.6096407782214205
Region7_s0.1,C2,1,block,orig,31713,0.32447261375461167,0.9856841043105351,22086,1025,0.2128225648450088,0.2742726412257976,0.9147407441307034,0.8747718515514095,0.9687306457268169,0.9479923417912727,0.6456083682230013
Region7_s0.1,C2,1,block,load,31713,0.32447261375461167,0.9925267240563806,24408,925,0.19537677878528184,0.27815150725090354,0.9238478788156148,0.8784222267288583,0.9766848786886568,0.9465532047714892,0.6456083682230013
Region7_s0.1,C2,1,block,shuf,31713,0.32447261375461167,0.9924636584366033,24529,1154,0.20189833676219157,0.2749632696575986,0.9221088279712599,0.8750760494828635,0.9731375099777289,0.9476701673330178,0.6456083682230013
Region7_s0.1,C2,1,block,load+tod,31713,0.32447261375461167,0.9976035064484596,27392,986,0.1818419530698558,0.27786327077411166,0.929843027779049,0.8796390184546745,0.9809768390632067,0.946610328386993,0.6456083682230013
Region7_s0.1,C2,1,time,orig,31713,0.32447261375461167,0.9856841043105351,22086,1191,0.22386734669420538,0.22613128003876568,0.9068426505698455,0.9020391002732815,0.9670986310206514,0.9617889141302454,0.5979419382488514
Region7_s0.1,C2,1,time,load,31713,0.32447261375461167,0.9925267240563806,24408,1156,0.20149319664749699,0.21508107686572478,0.9231046443533493,0.9079251629178053,0.9765261128505274,0.962926701781191,0.5979419382488514
Region7_s0.1,F1PT,1,block,orig,31713,0.2690694667801848,0.9672058777157633,22086,685,0.3483628804921226,0.4059351304364725,0.8557960734062514,0.8167714459541675,0.8920913164998623,0.861781640451113,0.6000056134776046
Region7_s0.1,F1PT,1,block,load,31713,0.2690694667801848,0.9805442562986788,24408,1145,0.23847168513102504,0.3529630268724283,0.9120406388723629,0.8421212735753397,0.9593713448272174,0.8988775049802502,0.6000056134776046
Region7_s0.1,F1PT,1,block,shuf,31713,0.2690694667801848,0.9802604610096806,24529,690,0.34497562519344904,0.406530521396794,0.8592284105990573,0.8191036300953154,0.8972688617301019,0.8612349711256272,0.6000056134776046
Region7_s0.1,F1PT,1,block,load+tod,31713,0.2690694667801848,0.9891527133982909,27392,1112,0.21730128268040833,0.3383973633405313,0.9223834149466844,0.8488136280673292,0.9690662413542985,0.9080643293229478,0.6000056134776046
Region7_s0.1,F1PT,1,time,orig,31713,0.2690694667801848,0.9672058777157633,22086,310,0.41655849866441386,0.3919548951450063,0.8271543763232578,0.83550557073786,0.8839043547136576,0.853378845330404,0.49388608966516984
Region7_s0.1,F1PT,1,time,load,31713,0.2690694667801848,0.9805442562986788,24408,705,0.31321796428300397,0.3060233802800014,0.8723816388125591,0.8755518183729241,0.9369880731344652,0.8515875422747801,0.49388608966516984
Region7_s0.1,F1EIM,1,block,orig,31713,0.23602308201683853,0.9711159461419607,22086,715,0.32404406495955795,0.38029905849955425,0.8709898860464051,0.8344149259785033,0.8930236506628527,0.86650697688592,0.5680576629947786
Region7_s0.1,F1EIM,1,block,load,31713,0.23602308201683853,0.9823731592722228,24408,840,0.24491216438287972,0.34152363482370596,0.9056793739416961,0.8549989860068952,0.9520068892299788,0.89477386602756,0.5680576629947786
Region7_s0.1,F1EIM,1,block,shuf,31713,0.23602308201683853,0.981742503074449,24529,675,0.32445231314301987,0.3814163278656212,0.8706695345750767,0.8336037314946259,0.8962955483753026,0.8656613702841102,0.5680576629947786
Region7_s0.1,F1EIM,1,block,load+tod,31713,0.23602308201683853,0.9900356320751742,27392,949,0.21335859249487793,0.3321055643816078,0.9240309367992312,0.8591563577367674,0.9671013823948499,0.9021156922368941,0.5680576629947786
Region7_s0.1,F1EIM,1,time,orig,31713,0.23602308201683853,0.9711159461419607,22086,354,0.3930500540029295,0.3466143522993401,0.8337762962295598,0.8627286104687828,0.8846639210216871,0.8549346193629672,0.4413115849464922
Region7_s0.1,F1EIM,1,time,load,31713,0.23602308201683853,0.9823731592722228,24408,885,0.2813689514961399,0.28041274293353885,0.8858056669219334,0.8898465419381963,0.9462439899289584,0.8354841550640618,0.4413115849464922
Region7_s0.1,F1CPSAT,1,block,orig,31713,0.27351559297448996,0.9696969696969697,22086,684,0.33954637266104204,0.4062356994824007,0.8594114685826736,0.8184952342324072,0.9013793685543819,0.8654658912261413,0.6087570596990525
Region7_s0.1,F1CPSAT,1,block,load,31713,0.27351559297448996,0.9828461514205531,24408,950,0.24451855572930362,0.36897967608714843,0.9061370189007368,0.8367471101196512,0.9573876432585351,0.8908194776138412,0.6087570596990525
Region7_s0.1,F1CPSAT,1,block,shuf,31713,0.27351559297448996,0.9823731592722228,24529,689,0.3356257815433175,0.40698881728217173,0.8628438057754794,0.8195092273372541,0.9057606821599469,0.8650356102686764,0.6087570596990525
Region7_s0.1,F1CPSAT,1,block,load+tod,31713,0.27351559297448996,0.9912654116608332,27392,1014,0.21751811783529384,0.35475232893396935,0.9211477735572743,0.8445548570269722,0.9683637558789995,0.9005715151978282,0.6087570596990525
Region7_s0.1,F1CPSAT,1,time,orig,31713,0.27351559297448996,0.9696969696969697,22086,350,0.40394571286109743,0.3809036987725162,0.831749177890896,0.8426529325204961,0.8911792487015207,0.8787888494533718,0.5000837131530472
Region7_s0.1,F1CPSAT,1,time,load,31713,0.27351559297448996,0.9828461514205531,24408,757,0.3051245662589689,0.2935030589710278,0.8731924861480247,0.8770233340340551,0.9410266684277017,0.8808650820234516,0.5000837131530472
Region7_s0.2,baleen,1,block,orig,31316,0.3682781964490995,0.9847043045088772,21911,1147,0.19622707953128085,0.253694752488178,0.9173926926059389,0.8867241562865964,0.9747012096348419,0.9558570657797091,0.6677297371701926
Region7_s0.2,baleen,1,block,load,31316,0.3682781964490995,0.9933899604036276,24371,1095,0.17839274328290874,0.2511024556402512,0.9290699265611458,0.8853401469179176,0.9820126706660385,0.9575087910122788,0.6677297371701926
Region7_s0.2,baleen,1,block,shuf,31316,0.3682781964490995,0.992974837143952,24467,1050,0.1949908207255476,0.25614874941587823,0.9193084888017151,0.8838496752901096,0.9764429937633508,0.9550980595632965,0.6677297371701926
Region7_s0.2,baleen,1,block,load+tod,31316,0.3682781964490995,0.9976050581172563,27072,1143,0.16709065242588955,0.24727289676541475,0.9377822378324134,0.8869370808048547,0.9852164214218597,0.9593041133091885,0.6677297371701926
Region7_s0.2,baleen,1,time,orig,31316,0.3682781964490995,0.9847043045088772,21911,972,0.22219608804937574,0.21860989094126143,0.9049313443729757,0.9026077700904737,0.9682342832464428,0.9645325279918125,0.6412483260734975
Region7_s0.2,baleen,1,time,load,31316,0.3682781964490995,0.9933899604036276,24371,1084,0.19486625822478712,0.21798334062004626,0.9212170977601387,0.902288451303885,0.9785910023201184,0.9648493122847088,0.6412483260734975
Region7_s0.2,P0,1,block,orig,31316,0.3331843147272959,0.9569868437859241,21911,620,0.38568338192585916,0.45846445192472635,0.8203712995484195,0.7723836899819014,0.8940841353129433,0.8437895473182554,0.6473887949809837
Region7_s0.2,P0,1,block,load,31316,0.3331843147272959,0.9748371439519734,24371,893,0.3090962178203352,0.4249961468446106,0.8604661770743055,0.7822846800809113,0.9393421884972725,0.866671124413997,0.6473887949809837
Region7_s0.2,P0,1,block,shuf,31316,0.3331843147272959,0.9744539532507345,24467,620,0.3832056929889831,0.4588992572346405,0.8268029010628107,0.7734483125731928,0.8984996057729668,0.8433898481812441,0.6473887949809837
Region7_s0.2,P0,1,block,load+tod,31316,0.3331843147272959,0.9859177417294673,27072,895,0.29564439837071754,0.41437965006522476,0.8700451580531862,0.7896305759608219,0.9468696406215773,0.8743555450664772,0.6473887949809837
Region7_s0.2,P0,1,time,orig,31316,0.3331843147272959,0.9569868437859241,21911,502,0.41941393204733596,0.42708717919245953,0.8089959399662424,0.7979776476849388,0.8844526482870635,0.8545450565476311,0.5928363544475607
Region7_s0.2,P0,1,time,load,31316,0.3331843147272959,0.9748371439519734,24371,595,0.3630990715393855,0.39128502130264914,0.8309839879567538,0.802767429483768,0.9205042523384652,0.8568052020166159,0.5928363544475607
Region7_s0.2,T2,1,block,orig,31316,0.35173713117895006,0.9606590880061311,21911,855,0.33587999866009366,0.3954581053613442,0.8581398531222917,0.8241243479186628,0.919663241060747,0.891432359591915,0.661682230338324
Region7_s0.2,T2,1,block,load,31316,0.35173713117895006,0.976018648614127,24371,1019,0.27077844285662017,0.37223352233870716,0.8854171418145327,0.8293409986159906,0.9565171714150679,0.9049643914586865,0.661682230338324
Region7_s0.2,T2,1,block,shuf,31316,0.35173713117895006,0.975252267211649,24467,859,0.3301016559414769,0.39714049331421586,0.8632486429776947,0.8225274140317258,0.9258640031680624,0.8905013818109536,0.661682230338324
Region7_s0.2,T2,1,block,load+tod,31316,0.35173713117895006,0.9866202580150721,27072,1095,0.2503896857403573,0.35741003086506345,0.895315422159376,0.8366868944959012,0.9643852371246695,0.9139500692312813,0.661682230338324
Region7_s0.2,T2,1,time,orig,31316,0.35173713117895006,0.9606590880061311,21911,636,0.37194143498902005,0.36265007111497,0.8407006979608594,0.8467269824374667,0.9076258135626145,0.9076499329711022,0.6147454373053997
Region7_s0.2,T2,1,time,load,31316,0.35173713117895006,0.976018648614127,24371,808,0.3111836320461952,0.32687608780569005,0.8651521372200174,0.8550292708887707,0.9441850802460027,0.915416225926373,0.6147454373053997
Region7_s0.2,C2,1,block,orig,31316,0.3516732660620769,0.9834908672882872,21911,951,0.22605758161021272,0.3007030993889796,0.9094102084568718,0.8630895347599276,0.9657750584221354,0.9377070398347878,0.6556519664856659
Region7_s0.2,C2,1,block,load,31316,0.3516732660620769,0.9927513092348959,24371,900,0.2056482465671072,0.29986474937694335,0.9198102449482279,0.8637283083147025,0.9755690617767494,0.9384505400536172,0.6556519664856659
Region7_s0.2,C2,1,block,shuf,31316,0.3516732660620769,0.9926555115595862,24467,899,0.22606252981860903,0.30297411375223654,0.9100944213839347,0.862663685723411,0.9669023601363373,0.9368323841576953,0.6556519664856659
Region7_s0.2,C2,1,block,load+tod,31316,0.3516732660620769,0.9971580022991442,27072,853,0.1988570107938904,0.3019535898748131,0.924234821876568,0.8651123176833813,0.9783952260249925,0.9377004465217111,0.6556519664856659
Region7_s0.2,C2,1,time,orig,31316,0.3516732660620769,0.9834908672882872,21911,1090,0.24524611548619626,0.23865894130613713,0.8980429724921308,0.8928153273017563,0.9607335787594125,0.9594678314296337,0.6235930789022416
Region7_s0.2,C2,1,time,load,31316,0.3516732660620769,0.9927513092348959,24371,1155,0.2154435187501142,0.22899047552606505,0.9150586195885224,0.8976051091005854,0.9741985135911042,0.9615119063567732,0.6235930789022416
Region7_s0.2,F1PT,1,block,orig,31316,0.273374632775578,0.9591582577596117,21911,733,0.36622181094319417,0.4255884346189322,0.8477398166309356,0.8017672735015438,0.8830361681972726,0.8472939596832725,0.5994158524517125
Region7_s0.2,F1PT,1,block,load,31316,0.273374632775578,0.9758589858219441,24371,870,0.273150646467042,0.3690299002163308,0.8929434840122246,0.836580432236772,0.9481459179543208,0.8859766917427594,0.5994158524517125
Region7_s0.2,F1PT,1,block,shuf,31316,0.273374632775578,0.9748052113935368,24467,743,0.3622513116111782,0.42745517085864954,0.849336313460749,0.802725433833706,0.8896300788742545,0.845240518603063,0.5994158524517125
Region7_s0.2,F1PT,1,block,load+tod,31316,0.273374632775578,0.9873547068591135,27072,1020,0.23636256213547818,0.34535080901708,0.9108698627012727,0.8448844884488449,0.9634935203228161,0.9028273288084115,0.5994158524517125
Region7_s0.2,F1PT,1,time,orig,31316,0.273374632775578,0.9591582577596117,21911,315,0.429098766971505,0.415709349311338,0.8195337803932302,0.8096860031931878,0.8719351180238384,0.8139596323418357,0.5113091463980441
Region7_s0.2,F1PT,1,time,load,31316,0.273374632775578,0.9758589858219441,24371,535,0.3388684923349134,0.3587792981623308,0.8608183933214726,0.8562001064395955,0.9269219460581501,0.8136539959926959,0.5113091463980441
Region7_s0.2,F1EIM,1,block,orig,31316,0.28471069102056457,0.958902797292119,21911,645,0.37521114586574045,0.43571014935860997,0.8406696163846189,0.7983604812094113,0.881817038602662,0.8463385947460607,0.6107709083333333
Region7_s0.2,F1EIM,1,block,load,31316,0.28471069102056457,0.9757951207050709,24371,885,0.2713108846059637,0.37933692073222947,0.8934908543538749,0.8317896305759608,0.949773726127884,0.8830674547297798,0.6107709083333333
Region7_s0.2,F1EIM,1,block,shuf,31316,0.28471069102056457,0.9747094137182271,24467,675,0.3696460565905548,0.4369968198420952,0.8442731378004835,0.7954860002129245,0.8886937067152377,0.8447764668761045,0.6107709083333333
Region7_s0.2,F1EIM,1,block,load+tod,31316,0.28471069102056457,0.9877698301187892,27072,870,0.2500997376745295,0.3559140280013034,0.9050768599188067,0.8417970829340998,0.9592501632469421,0.9007542124106522,0.6107709083333333
Region7_s0.2,F1EIM,1,time,orig,31316,0.28471069102056457,0.958902797292119,21911,332,0.42484257715607404,0.42356689509794027,0.8232744856530267,0.8084087280468334,0.8761289737192319,0.8145589936666009,0.5307284519461163
Region7_s0.2,F1EIM,1,time,load,31316,0.28471069102056457,0.9757951207050709,24371,576,0.32875762586684065,0.37124920687586577,0.8656083207882852,0.8478978179882917,0.9327231255357744,0.8195786412573622,0.5307284519461163
Region7_s0.2,F1CPSAT,1,block,orig,31316,0.26813769319197855,0.9598607740452165,21911,674,0.362597438016911,0.42639118604552023,0.8499749121926744,0.801980198019802,0.8823980626478536,0.8490896018504827,0.6033251100821244
Region7_s0.2,F1CPSAT,1,block,load,31316,0.26813769319197855,0.9762741090816196,24371,823,0.26290641918251023,0.38077095786253456,0.8957259499156137,0.832641328648994,0.9509120427062,0.8779081258787254,0.6033251100821244
Region7_s0.2,F1CPSAT,1,block,shuf,31316,0.26813769319197855,0.9750606718610295,24467,669,0.36031887490953024,0.42714233663084594,0.8503398257537745,0.8035771319067391,0.887150957900631,0.8478401288098334,0.6033251100821244
Region7_s0.2,F1CPSAT,1,block,load+tod,31316,0.26813769319197855,0.9877378975603526,27072,1086,0.21493123867329186,0.35201880443360584,0.9187611184600648,0.8478654317044607,0.9704765666307803,0.8990369886838928,0.6033251100821244
Region7_s0.2,F1CPSAT,1,time,orig,31316,0.26813769319197855,0.9598607740452165,21911,279,0.43344055796553665,0.4095547948881698,0.8204917658865928,0.8177754124534327,0.872180082474022,0.8190376115240435,0.5003798347671905
Region7_s0.2,F1CPSAT,1,time,load,31316,0.26813769319197855,0.9762741090816196,24371,566,0.3298348985062498,0.33992626555266536,0.8642397700834816,0.8650345928685471,0.9312649722702977,0.8221208182518538,0.5003798347671905
Region7_s0.3,baleen,1,block,orig,30505,0.3640714636944763,0.9862317652843796,21764,1319,0.18855232469768032,0.21896739262409645,0.9231794383626845,0.9056345444971038,0.9770204403887321,0.9666378866462526,0.6649451930510714
Region7_s0.3,baleen,1,block,load,30505,0.3640714636944763,0.9934109162432389,24068,1290,0.16345302495927916,0.21719473874301962,0.9396001903855307,0.9056345444971038,0.9860418230590094,0.96778619862764,0.6649451930510714
Region7_s0.3,baleen,1,block,shuf,30505,0.3640714636944763,0.9938370758891985,24112,1360,0.1792914664177102,0.22098014556137707,0.9307948595906711,0.9048973143759874,0.9811586419714589,0.9660148167100023,0.6649451930510714
Region7_s0.3,baleen,1,block,load+tod,30505,0.3640714636944763,0.9980658908375676,26875,1391,0.15000576204171076,0.21421073567146695,0.947405997144217,0.9084781463928383,0.989217158318536,0.9689336863489915,0.6649451930510714
Region7_s0.3,baleen,1,time,orig,30505,0.3640714636944763,0.9862317652843796,21764,1099,0.20479382612485214,0.21407670239011606,0.9135016156980283,0.9096372377622378,0.9732215449551731,0.9668373905214307,0.6432661614837969
Region7_s0.3,baleen,1,time,load,30505,0.3640714636944763,0.9934109162432389,24068,1035,0.18649594760021915,0.21631205647843657,0.9254905633868777,0.9054851398601399,0.9810387317522997,0.9662511880233927,0.6432661614837969
Region7_s0.3,P0,1,block,orig,30505,0.3248975577774135,0.9641370267169317,21764,614,0.387039155461368,0.4278800072645181,0.8226558781532604,0.7937862032648763,0.892781502934896,0.8654184533805348,0.642105371156213
Region7_s0.3,P0,1,block,load,30505,0.3248975577774135,0.9805933453532207,24068,925,0.3116335627637182,0.3963411983687261,0.8597810566396954,0.8032648762506582,0.9378180277612096,0.8849680294629587,0.642105371156213
Region7_s0.3,P0,1,block,shuf,30505,0.3248975577774135,0.9801016226848057,24112,614,0.3844793705572412,0.4282095150499926,0.8255116611137554,0.7949447077409163,0.8963852688086659,0.8653134848676285,0.642105371156213
Region7_s0.3,P0,1,block,load+tod,30505,0.3248975577774135,0.989837731519423,26875,870,0.30229395287779914,0.39251052681380794,0.8644455021418372,0.8087414428646656,0.9435230686980645,0.8883909372454877,0.642105371156213
Region7_s0.3,P0,1,time,orig,30505,0.3248975577774135,0.9641370267169317,21764,570,0.41510444576043526,0.3970047760128912,0.8099564464009741,0.8103146853146853,0.8851894098482744,0.8870093777277929,0.57950383953638
Region7_s0.3,P0,1,time,load,30505,0.3248975577774135,0.9805933453532207,24068,736,0.35706631076916745,0.3858844906700517,0.8347773146630451,0.8085664335664335,0.9221901983362373,0.8789195831137265,0.57950383953638
Region7_s0.3,T2,1,block,orig,30505,0.3464022291427635,0.9709555810522865,21764,749,0.33323423997419616,0.37043979085960277,0.8584959543074726,0.8423380726698262,0.9231036113538826,0.9026383974609892,0.655229326924933
Region7_s0.3,T2,1,block,load,30505,0.3464022291427635,0.9828552696279298,24068,1140,0.2578693375327024,0.34675763893741846,0.8920990004759638,0.8383359662980516,0.9604829617260018,0.9174383905782216,0.655229326924933
Region7_s0.3,T2,1,block,shuf,30505,0.3464022291427635,0.9829208326503852,24112,840,0.32206294894169374,0.3715179238591245,0.8663969538315088,0.8407582938388626,0.9295754549998675,0.901830633545302,0.655229326924933
Region7_s0.3,T2,1,block,load+tod,30505,0.3464022291427635,0.9913128995246681,26875,933,0.2622310803839811,0.34641282602886003,0.8915278438838649,0.8394944707740917,0.9597038939420188,0.9182139275686758,0.655229326924933
Region7_s0.3,T2,1,time,orig,30505,0.3464022291427635,0.9709555810522865,21764,730,0.35830030114114275,0.33563594197579283,0.8466257668711656,0.8570804195804196,0.9143266334761974,0.9287043240563925,0.610737409677681
Region7_s0.3,T2,1,time,load,30505,0.3464022291427635,0.9828552696279298,24068,960,0.29434050705401205,0.3085824240305468,0.8741160492670819,0.8609047202797203,0.9496172214386223,0.9302699585771479,0.610737409677681
Region7_s0.3,C2,1,block,orig,30505,0.34607441403048683,0.9864612358629733,21764,975,0.22389254407119355,0.25751493450424945,0.9075202284626368,0.8906793048973144,0.9671939238721121,0.9539321558148282,0.6589374146595788
Region7_s0.3,C2,1,block,load,30505,0.34607441403048683,0.9938698574004261,24068,1195,0.18398740637277608,0.24625749236469152,0.9305092812946216,0.8912058978409689,0.9811567702554296,0.9587624531382828,0.6589374146595788
Region7_s0.3,C2,1,block,shuf,30505,0.34607441403048683,0.9943943615800689,24112,975,0.22096245402491596,0.25828906466344487,0.910899571632556,0.8911005792522381,0.9689863257835641,0.953490103806731,0.6589374146595788
Region7_s0.3,C2,1,block,load+tod,30505,0.34607441403048683,0.9981970168824783,26875,1180,0.1754345801860258,0.24694041511542317,0.9370775821037601,0.8919431279620853,0.9839252833181504,0.958557337566432,0.6589374146595788
Region7_s0.3,C2,1,time,orig,30505,0.34607441403048683,0.9864612358629733,21764,1057,0.22862736252234536,0.24399097406003148,0.9061958507001359,0.8934659090909091,0.9669672927330151,0.9564881987948384,0.6222688826234416
Region7_s0.3,C2,1,time,load,30505,0.34607441403048683,0.9938698574004261,24068,1055,0.20353713953928534,0.2366137600592815,0.9201985669460966,0.8981643356643356,0.9770633825179861,0.9576185560594974,0.6222688826234416
Region7_s0.3,F1PT,1,block,orig,30505,0.24514014096049827,0.9676774299295198,21764,492,0.3513883832802589,0.41428904848405,0.8548310328415041,0.8218009478672986,0.8826729193850318,0.8341105491100154,0.5738404731908151
Region7_s0.3,F1PT,1,block,load,30505,0.24514014096049827,0.9806589083756762,24068,745,0.2557412852864548,0.3558363149115539,0.9021418372203712,0.8478146392838336,0.9488507164612614,0.8855691487366516,0.5738404731908151
Region7_s0.3,F1PT,1,block,shuf,30505,0.24514014096049827,0.9801344041960335,24112,491,0.34984884903124697,0.4149330711914051,0.855449785816278,0.8205371248025276,0.8861437913484702,0.8339085172500353,0.5738404731908151
Region7_s0.3,F1PT,1,block,load+tod,30505,0.24514014096049827,0.9896082609408293,26875,795,0.22869952322184095,0.34964151049227477,0.9158019990480724,0.8488678251711427,0.9624379002541132,0.8915318873907535,0.5738404731908151
Region7_s0.3,F1PT,1,time,orig,30505,0.24514014096049827,0.9676774299295198,21764,306,0.4207782283970652,0.36067956265568796,0.8268159040884185,0.8606861888111889,0.870474455023933,0.8770561075036372,0.4507916697674483
Region7_s0.3,F1PT,1,time,load,30505,0.24514014096049827,0.9806589083756762,24068,1130,0.2668226546633494,0.2915650612505733,0.8995457312789772,0.8751092657342657,0.9543037167559315,0.8849303749449613,0.4507916697674483
Region7_s0.3,F1EIM,1,block,orig,30505,0.21170299950827734,0.9731847238157679,21764,521,0.3045459411012621,0.38301678743102613,0.8859114707282246,0.8322274881516588,0.8938627670971577,0.8476252796415048,0.5475355737430793
Region7_s0.3,F1EIM,1,block,load,30505,0.21170299950827734,0.9828224881167021,24068,750,0.22032451403052253,0.3333971587020691,0.9187529747739172,0.8560294892048447,0.9571536417839643,0.8958573479546715,0.5475355737430793
Region7_s0.3,F1EIM,1,block,shuf,30505,0.21170299950827734,0.9822652024258318,24112,619,0.2923973831071577,0.38293093708088405,0.8915754402665398,0.8332806740389679,0.9043378742018255,0.8464342368767619,0.5475355737430793
Region7_s0.3,F1EIM,1,block,load+tod,30505,0.21170299950827734,0.9910834289460744,26875,855,0.19295536977479238,0.3211248467003146,0.9318895763921942,0.859083728278041,0.970610668366015,0.9061728233971755,0.5475355737430793
Region7_s0.3,F1EIM,1,time,orig,30505,0.21170299950827734,0.9731847238157679,21764,559,0.35407514818214286,0.29151756489071634,0.8571160960989088,0.8930288461538461,0.886993451162113,0.8962107939049384,0.40228687206867236
Region7_s0.3,F1EIM,1,time,load,30505,0.21170299950827734,0.9828224881167021,24068,610,0.29482462270140514,0.256514850298426,0.8847000421486442,0.9020979020979021,0.9346836063140095,0.8869959690237916,0.40228687206867236
Region7_s0.3,F1CPSAT,1,block,orig,30505,0.2695951483363383,0.9690870349123094,21764,525,0.3484808263617671,0.4140331376033425,0.8551642075202285,0.8176935229067931,0.8971556271943503,0.8562222925083213,0.604079256990455
Region7_s0.3,F1CPSAT,1,block,load,30505,0.2695951483363383,0.9827569250942468,24068,795,0.2538926388570073,0.35631511253632725,0.8987624940504522,0.8447604002106371,0.955259761327707,0.8999702954991456,0.604079256990455
Region7_s0.3,F1CPSAT,1,block,shuf,30505,0.2695951483363383,0.9821996394033765,24112,550,0.34408888292867973,0.41387034371425646,0.8564969062351261,0.8191679831490258,0.9011260742629293,0.8560287092841901,0.604079256990455
Region7_s0.3,F1CPSAT,1,block,load+tod,30505,0.2695951483363383,0.9920340927716768,26875,830,0.23323720895574834,0.3503179038542297,0.9090433127082341,0.8502369668246446,0.9642226878163713,0.9034878883684268,0.604079256990455
Region7_s0.3,F1CPSAT,1,time,orig,30505,0.2695951483363383,0.9690870349123094,21764,355,0.4074028399859846,0.3765932808041401,0.8317332459139231,0.8364291958041958,0.8864202356048886,0.8949843439120649,0.4938682188635098
Region7_s0.3,F1CPSAT,1,time,load,30505,0.2695951483363383,0.9827569250942468,24068,839,0.29381824399817397,0.3159386686366318,0.8794548775347726,0.8587194055944056,0.9464122213030678,0.8930675943442382,0.4938682188635098
Region6_s0,baleen,1,block,orig,24858,0.3319253359079572,0.9856384262611634,18721,1139,0.2078469206793939,0.2703223824808991,0.9171213600597323,0.8850543843158318,0.9708463222179537,0.946112657737459,0.6323117035951938
Region6_s0,baleen,1,block,load,24858,0.3319253359079572,0.9910290449754606,20330,1162,0.18865008288362156,0.2710957923573689,0.9297570501407156,0.8861286424063382,0.9796845702150827,0.9460802645836763,0.6323117035951938
Region6_s0,baleen,1,block,shuf,24858,0.3319253359079572,0.9908279024861212,20322,1079,0.20661169266611898,0.2725479212487002,0.9197633679857561,0.8857257956223983,0.9727316255799522,0.945392186492833,0.6323117035951938
Region6_s0,baleen,1,block,load+tod,24858,0.3319253359079572,0.9957357792260036,22710,1125,0.18234753877515913,0.27114615712439427,0.9334903222100971,0.8865314891902779,0.9824620728721848,0.946016461127806,0.6323117035951938
Region6_s0,baleen,1,time,orig,24858,0.3319253359079572,0.9856384262611634,18721,944,0.22001342477092697,0.2901503213468461,0.912696131961607,0.8810832551280332,0.9666880538076564,0.9377936378235825,0.636870964495458
Region6_s0,baleen,1,time,load,24858,0.3319253359079572,0.9910290449754606,20330,902,0.2078532203038199,0.2983610539804365,0.9180412667394677,0.8746480761496179,0.9737000212300361,0.9336001684338481,0.636870964495458
Region6_s0,P0,1,block,orig,24858,0.29885751066055194,0.970110226084158,18721,713,0.3530105694060102,0.43295051076420044,0.8510711619091379,0.7914596481804753,0.9072211686162958,0.8444218133941498,0.5999909078264659
Region6_s0,P0,1,block,load,24858,0.29885751066055194,0.9798455225681874,20330,811,0.301276917658289,0.4220683764115424,0.8785250703578198,0.7977709144621995,0.9439811296356655,0.8525101513571226,0.5999909078264659
Region6_s0,P0,1,block,shuf,24858,0.29885751066055194,0.9785984391342827,20322,691,0.3525946943379454,0.43447405516915644,0.8533111251507668,0.7883711561702699,0.9096104129033831,0.8432067534203972,0.5999909078264659
Region6_s0,P0,1,block,load+tod,24858,0.29885751066055194,0.989098077077802,22710,822,0.28003810491913067,0.40693129988592697,0.8919648498075929,0.8082449308446354,0.9553268341502525,0.8645203281014529,0.5999909078264659
Region6_s0,P0,1,time,orig,24858,0.29885751066055194,0.970110226084158,18721,506,0.37381830350339407,0.4639530874772551,0.8397609057991838,0.7731599410108594,0.897442017181601,0.8192756554782794,0.6085075213762215
Region6_s0,P0,1,time,load,24858,0.29885751066055194,0.9798455225681874,20330,511,0.3445583685539803,0.46583411868839925,0.8572331743203633,0.7727577423247084,0.9224551534821808,0.8186444554470269,0.6085075213762215
Region6_s0,T2,1,block,orig,24858,0.3205406710113444,0.9747767318368332,18721,774,0.30680215729895244,0.3829689325543506,0.8786399402676469,0.8337585604941588,0.9315421560916061,0.8869335028376663,0.6249721287299738
Region6_s0,T2,1,block,load,24858,0.3205406710113444,0.9826212889210717,20330,810,0.2736991715717141,0.3729141571954907,0.8914479352133708,0.8341614072780985,0.9543233012366936,0.8948418187029322,0.6249721287299738
Region6_s0,T2,1,block,shuf,24858,0.3205406710113444,0.9819374044573176,20322,775,0.3027083811665586,0.38361120838364604,0.8807650335994486,0.832952866926279,0.935042919348767,0.8863622745670598,0.6249721287299738
Region6_s0,T2,1,block,load+tod,24858,0.3205406710113444,0.9896210475500845,22710,1046,0.23272872945044681,0.3605444215184338,0.9156854861868934,0.841546931650329,0.9706233121727533,0.9024810813923723,0.6249721287299738
Region6_s0,T2,1,time,orig,24858,0.3205406710113444,0.9747767318368332,18721,778,0.30589820594665257,0.3930872608112435,0.8775216966492327,0.824909505295616,0.9313836001151481,0.8813649748788186,0.630656055923496
Region6_s0,T2,1,time,load,24858,0.3205406710113444,0.9826212889210717,20330,665,0.2883915674894837,0.396338830714625,0.8832116788321168,0.8216919158064083,0.9484072742244399,0.8823854716653392,0.630656055923496
Region6_s0,C2,1,block,orig,24858,0.30621932577037575,0.990908359481857,18721,735,0.237335209768066,0.31006053228518965,0.9061512836712423,0.8689405129582383,0.9626039735353604,0.927376798636481,0.612957047011108
Region6_s0,C2,1,block,load,24858,0.30621932577037575,0.996017378711079,20330,950,0.20181811432550545,0.30067030708247755,0.9237263798747918,0.8713575936618773,0.975646986005992,0.9307631159213413,0.612957047011108
Region6_s0,C2,1,block,shuf,24858,0.30621932577037575,0.9957357792260036,20322,770,0.231096808452442,0.3108819634442244,0.910114295560278,0.8692090774808647,0.9651878381926564,0.9269169357747664,0.612957047011108
Region6_s0,C2,1,block,load+tod,24858,0.30621932577037575,0.9987931450639633,22710,877,0.20242706325430387,0.29958160568383335,0.9253345586123715,0.8705519000939976,0.976515875625606,0.9312358002383081,0.612957047011108
Region6_s0,C2,1,time,orig,24858,0.30621932577037575,0.990908359481857,18721,895,0.2190602826694262,0.3249008207875279,0.9159147077418243,0.8609733208204853,0.9669541520014817,0.9204519695524523,0.6154852316750478
Region6_s0,C2,1,time,load,24858,0.30621932577037575,0.996017378711079,20330,760,0.21828829540439174,0.32827981773251175,0.9146502672567389,0.8586941949322966,0.9707497025003644,0.9176483792762863,0.6154852316750478
Region6_s0,F1PT,1,block,orig,24858,0.26945047871912464,0.965765548314426,18721,704,0.3525568154114059,0.40479224853795925,0.8572741370398024,0.8197932053175776,0.8963324801922121,0.8468121393640802,0.5646908253571272
Region6_s0,F1PT,1,block,load,24858,0.26945047871912464,0.9757019872877947,20330,838,0.2853821258714379,0.3934248550456976,0.8928838090862099,0.8290586813481939,0.9454876842658648,0.8594633458944538,0.5646908253571272
Region6_s0,F1PT,1,block,shuf,24858,0.26945047871912464,0.9746560463432296,20322,709,0.34905284062499975,0.4054927810963115,0.859686405146172,0.82194172149859,0.9029032888160868,0.8469426334935253,0.5646908253571272
Region6_s0,F1PT,1,block,load+tod,24858,0.26945047871912464,0.9866441387078606,22710,1019,0.23588164803968584,0.3767387388572524,0.9188444087071391,0.8372498992883041,0.967237773763267,0.8718105784295173,0.5646908253571272
Region6_s0,F1PT,1,time,orig,24858,0.26945047871912464,0.965765548314426,18721,416,0.37440047780264035,0.4475398890577574,0.8501063279498822,0.786566563882558,0.8864370757199243,0.8130123018899709,0.5728433056159565
Region6_s0,F1PT,1,time,load,24858,0.26945047871912464,0.9757019872877947,20330,454,0.33447376763085523,0.4457770295808788,0.8705672739812633,0.7901863520579167,0.9229571675443414,0.8134080306213648,0.5728433056159565
Region6_s0,F1EIM,1,block,orig,24858,0.24917531579370827,0.9627484109743342,18721,625,0.3447774375035481,0.3936706933274708,0.8633048073057262,0.8261044715993018,0.8947139075947405,0.8434308700831933,0.5460632952058645
Region6_s0,F1EIM,1,block,load,24858,0.24917531579370827,0.9732078204199855,20330,836,0.2696604831920432,0.3809548919006992,0.9010395726839354,0.8375184638109305,0.9493284889818067,0.8590256610919335,0.5460632952058645
Region6_s0,F1EIM,1,block,shuf,24858,0.24917531579370827,0.9717595944967415,20322,694,0.3336087189765385,0.39263885902328577,0.868301648383206,0.8273130119511213,0.9049176482793306,0.8441696885277957,0.5460632952058645
Region6_s0,F1EIM,1,block,load+tod,24858,0.24917531579370827,0.9843511143293909,22710,866,0.2371385162781672,0.3681011900599261,0.9201654126701511,0.8420840606955821,0.9646527061074324,0.8698051828113889,0.5460632952058645
Region6_s0,F1EIM,1,time,orig,24858,0.24917531579370827,0.9627484109743342,18721,468,0.35348159241419214,0.42829384487407524,0.8617736651531698,0.8031907762434642,0.8912850968694748,0.814779399758724,0.5495518272555486
Region6_s0,F1EIM,1,time,load,24858,0.24917531579370827,0.9732078204199855,20330,438,0.32605762684706735,0.4199831217777237,0.8755100867865969,0.8047995709880681,0.9234826144378093,0.8257975719428737,0.5495518272555486
Region6_s0,F1CPSAT,1,block,orig,24858,0.2586290127926623,0.9650012068549361,18721,582,0.3599561807910375,0.4118823767921364,0.85497673884326,0.8130790922519135,0.8898155117718433,0.8317283193645726,0.55302189443647
Region6_s0,F1CPSAT,1,block,load,24858,0.2586290127926623,0.9744549038538901,20330,740,0.2926153423771743,0.39876024108875585,0.8913905002584573,0.8200617698402041,0.9409498212874693,0.8498752556261471,0.55302189443647
Region6_s0,F1CPSAT,1,block,shuf,24858,0.2586290127926623,0.9734894199050608,20322,557,0.3606405474585712,0.4127024039499371,0.8550916087530871,0.8134819390358534,0.8931234441852158,0.8322281566888957,0.55302189443647
Region6_s0,F1CPSAT,1,block,load+tod,24858,0.2586290127926623,0.9866441387078606,22710,790,0.2584464432697138,0.3871144382783829,0.9090230314169203,0.8212703101920237,0.9579369185177836,0.8588405039111342,0.55302189443647
Region6_s0,F1CPSAT,1,time,orig,24858,0.2586290127926623,0.9650012068549361,18721,465,0.36692622527400276,0.43777979919655435,0.8536122765676188,0.7954149349778791,0.8856508068983655,0.8133264158837363,0.5630358099344867
Region6_s0,F1CPSAT,1,time,load,24858,0.2586290127926623,0.9744549038538901,20330,455,0.33394036726523735,0.4355685523800145,0.8703373757112478,0.7972918621799169,0.9210195624857822,0.8176534616366022,0.5630358099344867
Region6_s0.1,baleen,1,block,orig,23631,0.32034192374423426,0.9864584655748805,17867,926,0.2189582799079185,0.29034578166394376,0.9165794496090623,0.876285868976719,0.9652496010889323,0.9375150665791255,0.6371494213985934
Region6_s0.1,baleen,1,block,load,23631,0.32034192374423426,0.9914095890990647,19311,975,0.199641835726394,0.28866970337665376,0.9242135073570154,0.8749323226854359,0.9752428318275039,0.9387045995467181,0.6371494213985934
Region6_s0.1,baleen,1,block,shuf,23631,0.32034192374423426,0.9908594642630443,19327,924,0.2134110741979982,0.29261455598452285,0.9199655236101706,0.8746616134271792,0.9686431447401559,0.9364373242266799,0.6371494213985934
Region6_s0.1,baleen,1,block,load+tod,23631,0.32034192374423426,0.9970801066395836,21773,940,0.19221075207763338,0.2908839412884031,0.9290155759404051,0.8753383865728208,0.978508570641601,0.9373447209387079,0.6371494213985934
Region6_s0.1,baleen,1,time,orig,23631,0.32034192374423426,0.9864584655748805,17867,804,0.2217899710104633,0.32054680789868434,0.9118500604594921,0.8681427161190242,0.9655413228837281,0.9209888918868244,0.626540223493897
Region6_s0.1,baleen,1,time,load,23631,0.32034192374423426,0.9914095890990647,19311,740,0.2170895942482189,0.32377866071933803,0.9139056831922612,0.8654632632914963,0.9703864339708553,0.9199867379463939,0.626540223493897
Region6_s0.1,P0,1,block,orig,23631,0.28902712538614533,0.9730015657399179,17867,661,0.34658398088150766,0.42875911162584496,0.8560610724619836,0.8012994044396319,0.9042431998597753,0.8530089565983825,0.6196832114447216
Region6_s0.1,P0,1,block,load,23631,0.28902712538614533,0.9817189285260887,19311,930,0.279939695188895,0.40790704114219445,0.8878901680724004,0.8137520303194369,0.9506186619452063,0.8705863453539257,0.6196832114447216
Region6_s0.1,P0,1,block,shuf,23631,0.28902712538614533,0.9815496593457746,19327,777,0.3298839469725882,0.4284588457656709,0.8675121590839131,0.8034650785056849,0.9165438779533743,0.8531964472560645,0.6196832114447216
Region6_s0.1,P0,1,block,load+tod,23631,0.28902712538614533,0.9928483771317338,21773,933,0.2566724282312663,0.39683095728833384,0.9035892384411747,0.8152409312398484,0.9624452190778391,0.8780633782852745,0.6196832114447216
Region6_s0.1,P0,1,time,orig,23631,0.28902712538614533,0.9730015657399179,17867,570,0.3600405440015596,0.4295306342828498,0.8474607013301089,0.7955154421097166,0.9006538333299654,0.8390586764829443,0.5872851747292693
Region6_s0.1,P0,1,time,load,23631,0.28902712538614533,0.9817189285260887,19311,521,0.3336134370975253,0.43275978087024575,0.8590084643288997,0.7941052037794387,0.9273275578266346,0.8335060386190075,0.5872851747292693
Region6_s0.1,T2,1,block,orig,23631,0.3085353984173332,0.9751597477889213,17867,823,0.30715070611453615,0.36805445337773196,0.883149664470849,0.8458310774228479,0.923773831730714,0.8939881904054947,0.6228842131013024
Region6_s0.1,T2,1,block,load,23631,0.3085353984173332,0.9818035631162456,19311,879,0.26280047956415953,0.3537768867544307,0.9000800344763898,0.8458310774228479,0.9563134245438125,0.9056080449081362,0.6228842131013024
Region6_s0.1,T2,1,block,shuf,23631,0.3085353984173332,0.9816342939359316,19327,845,0.30007250110318917,0.3700326764129017,0.8843809641076156,0.8439361126150514,0.9315063402136255,0.8923875937059,0.6228842131013024
Region6_s0.1,T2,1,block,load+tod,23631,0.3085353984173332,0.9922136177055563,21773,985,0.23533740485456103,0.34691286826926687,0.915409714954134,0.8478613968597726,0.9681257777028995,0.9102261279376136,0.6228842131013024
Region6_s0.1,T2,1,time,orig,23631,0.3085353984173332,0.9751597477889213,17867,696,0.30831864435929357,0.39677092248795093,0.879322853688029,0.8327457340290509,0.9250609810593329,0.8745451019834605,0.6230460340943323
Region6_s0.1,T2,1,time,load,23631,0.3085353984173332,0.9818035631162456,19311,620,0.2833860322844152,0.4038599712560508,0.8874848851269649,0.8272458045409674,0.9479510902953889,0.8686338251229475,0.6230460340943323
Region6_s0.1,C2,1,block,orig,23631,0.2977868054673945,0.9937370403283822,17867,882,0.2315497028785982,0.30728378904026743,0.9108539062980976,0.8635625338386573,0.9616172489992492,0.929060935126315,0.6223399006208835
Region6_s0.1,C2,1,block,load,23631,0.2977868054673945,0.9972070585248191,19311,869,0.21504412052943825,0.30841374204457767,0.9176876192821524,0.8646453708716838,0.9708932846294076,0.9288409896523326,0.6223399006208835
Region6_s0.1,C2,1,block,shuf,23631,0.2977868054673945,0.9969954720494266,19327,865,0.22995641828281996,0.30867208560207055,0.9116542510619959,0.8612615051434759,0.9634004212496216,0.9284098368481984,0.6223399006208835
Region6_s0.1,C2,1,block,load+tod,23631,0.2977868054673945,0.999407557868901,21773,876,0.2039500993654273,0.30946468609526434,0.9258757618666502,0.8647807255008121,0.9756057061512012,0.9280618882233692,0.6223399006208835
Region6_s0.1,C2,1,time,orig,23631,0.2977868054673945,0.9937370403283822,17867,643,0.24487582618383008,0.3416697972058148,0.9030229746070133,0.8537582851501904,0.9596087091670444,0.9091768375416347,0.6135706298556753
Region6_s0.1,C2,1,time,load,23631,0.2977868054673945,0.9972070585248191,19311,688,0.23024108657988687,0.34254974167261026,0.9092503022974607,0.8541813566492737,0.9664468825340212,0.9092200093443177,0.6135706298556753
Region6_s0.1,F1PT,1,block,orig,23631,0.21704540645761922,0.9654690872159452,17867,580,0.32121749313331294,0.4029244033384475,0.8795173305423875,0.8248511099079588,0.8875663775749294,0.8234275162809148,0.5340462305142414
Region6_s0.1,F1PT,1,block,load,23631,0.21704540645761922,0.9743980364775083,19311,830,0.2331050312481754,0.3811843053347378,0.9189804839007573,0.8360855441256091,0.9612526921061855,0.845018284053755,0.5340462305142414
Region6_s0.1,F1PT,1,block,shuf,23631,0.21704540645761922,0.9742287672971943,19327,552,0.32163472145061117,0.40409180652421994,0.8789632457058425,0.8234975636166757,0.8930284931777689,0.821548842219819,0.5340462305142414
Region6_s0.1,F1PT,1,block,load+tod,23631,0.21704540645761922,0.9882781092632559,21773,679,0.22958606679357355,0.37192942503001264,0.9240903773933387,0.8431239848402815,0.9639415452639803,0.8558140877204304,0.5340462305142414
Region6_s0.1,F1PT,1,time,orig,23631,0.21704540645761922,0.9654690872159452,17867,564,0.3315015182359669,0.3848320729872363,0.8733373639661427,0.8347200676914398,0.8879168570337046,0.8135675431548968,0.49330163147488043
Region6_s0.1,F1PT,1,time,load,23631,0.21704540645761922,0.9743980364775083,19311,494,0.29588041244518815,0.39334551396164963,0.8873639661426844,0.8295021858694119,0.9306964288962869,0.7952847345009261,0.49330163147488043
Region6_s0.1,F1EIM,1,block,orig,23631,0.2181879734247387,0.9675003173797131,17867,446,0.3286080000998535,0.41767688510911016,0.8781629009419443,0.8207904710341094,0.8805281629092513,0.819182251511733,0.5503684318485399
Region6_s0.1,F1EIM,1,block,load,23631,0.2181879734247387,0.9749904786086073,19311,659,0.25606296223040004,0.3963038841813761,0.9058055777873546,0.8249864645370871,0.9454823960270924,0.8427032647928018,0.5503684318485399
Region6_s0.1,F1EIM,1,block,shuf,23631,0.2181879734247387,0.9747788921332149,19327,494,0.32061030460390205,0.41890261220011343,0.8805639352336391,0.8187601515971846,0.8893697624282816,0.8173805984920517,0.5503684318485399
Region6_s0.1,F1EIM,1,block,load+tod,23631,0.2181879734247387,0.9887012822140409,21773,675,0.22683582190449936,0.38328129776144065,0.9226128178292188,0.8379805089334055,0.9640158395490709,0.8581116280086412,0.5503684318485399
Region6_s0.1,F1EIM,1,time,orig,23631,0.2181879734247387,0.9675003173797131,17867,685,0.31288678853701135,0.381183003731875,0.8827690447400242,0.8427584261740234,0.8992838966342909,0.8127688622349024,0.4974696885233122
Region6_s0.1,F1EIM,1,time,load,23631,0.2181879734247387,0.9749904786086073,19311,469,0.2971892645965195,0.3950063870438118,0.8876662636033857,0.832040614863912,0.930219475175593,0.7922446904682858,0.4974696885233122
Region6_s0.1,F1CPSAT,1,block,orig,23631,0.25166095383183107,0.9731708349202319,17867,685,0.32296084212407794,0.41709928507061905,0.8810564550883457,0.8149702219815917,0.8957092838631726,0.8456867367104137,0.5878006203924013
Region6_s0.1,F1CPSAT,1,block,load,23631,0.25166095383183107,0.9798146502475562,19311,828,0.25890519366860826,0.39133703597195046,0.9031582835683063,0.8331077422847861,0.9520669771350958,0.8654256711760231,0.5878006203924013
Region6_s0.1,F1CPSAT,1,block,shuf,23631,0.25166095383183107,0.9795607464770851,19327,635,0.3243279533224163,0.4185155728432768,0.8789016807240042,0.8128045479155387,0.9003973587970624,0.8433561940848486,0.5878006203924013
Region6_s0.1,F1CPSAT,1,block,load+tod,23631,0.25166095383183107,0.9909440988532013,21773,950,0.21708447907220532,0.375561864792812,0.9275995813581235,0.8341905793178127,0.9711025118066855,0.881541053682152,0.5878006203924013
Region6_s0.1,F1CPSAT,1,time,orig,23631,0.25166095383183107,0.9731708349202319,17867,538,0.33866838631160756,0.4271449630162878,0.8723095525997582,0.8012974192638556,0.8924864533728647,0.8206133999197844,0.5607182252430379
Region6_s0.1,F1CPSAT,1,time,load,23631,0.25166095383183107,0.9798146502475562,19311,466,0.31158674593939134,0.43129074873014617,0.8806529625151148,0.8027076575941334,0.9294715038533004,0.8117579500426958,0.5607182252430379
Region6_s0.2,baleen,1,block,orig,25492,0.30362466656205866,0.9866232543543072,19560,1016,0.2249265761878769,0.28978932392704326,0.9122726752830836,0.876967274544092,0.9624310739666173,0.9378213170347145,0.6297238475905177
Region6_s0.2,baleen,1,block,load,25492,0.30362466656205866,0.9916052094774831,21107,1106,0.19750067665597335,0.290569064672825,0.9263982614663159,0.878840869347989,0.9765957239518893,0.9370308173323586,0.6297238475905177
Region6_s0.2,baleen,1,block,shuf,25492,0.30362466656205866,0.9917621214498666,21107,1094,0.21500644723926332,0.2902006846282782,0.9177055930458653,0.8755933050212341,0.967584994271894,0.9376195268800288,0.6297238475905177
Region6_s0.2,baleen,1,block,load+tod,25492,0.30362466656205866,0.9968617605523301,23607,1088,0.18886460014430345,0.2886972803287034,0.9325174425254489,0.8808393704721459,0.9804278782327499,0.9384292617176118,0.6297238475905177
Region6_s0.2,baleen,1,time,orig,25492,0.30362466656205866,0.9866232543543072,19560,801,0.23134197598166223,0.3270262950038416,0.9082604797130688,0.8623169456066946,0.9612677659355366,0.9174526593629697,0.6264593609852973
Region6_s0.2,baleen,1,time,load,25492,0.30362466656205866,0.9916052094774831,21107,754,0.22177181203886862,0.33552290818596436,0.9137525218560861,0.8585251046025104,0.9682427484027344,0.9128040103735036,0.6264593609852973
Region6_s0.2,P0,1,block,orig,25492,0.2681625608033893,0.970932057115958,19560,555,0.36166758537256044,0.46626173120697706,0.8487361317625529,0.7782912815388459,0.8891164012936342,0.8144570278409444,0.6054764419298702
Region6_s0.2,P0,1,block,load,25492,0.2681625608033893,0.9792091636591872,21107,798,0.2845124335593098,0.4191145282671864,0.8856799725494682,0.7984011991006745,0.9444598939253002,0.8596736005123862,0.6054764419298702
Region6_s0.2,P0,1,block,shuf,25492,0.2681625608033893,0.9794053036246666,21107,570,0.3560852676562091,0.46626556936277536,0.8538831064851882,0.7771671246565076,0.8955645258249266,0.8144281592032347,0.6054764419298702
Region6_s0.2,P0,1,block,load+tod,25492,0.2681625608033893,0.9903499136984152,23607,935,0.24921224779074133,0.40049140684090556,0.9051812878874528,0.8083937047214589,0.9612185730172459,0.8733356927674718,0.6054764419298702
Region6_s0.2,P0,1,time,orig,25492,0.2681625608033893,0.970932057115958,19560,450,0.4027269741228783,0.42261482168480696,0.827841291190316,0.801647489539749,0.8739854575192252,0.8249745312123143,0.5382267103177931
Region6_s0.2,P0,1,time,load,25492,0.2681625608033893,0.9792091636591872,21107,510,0.33665390570126824,0.3987474182069223,0.8570387805424793,0.8096234309623431,0.9261906043588459,0.8357980660120579,0.5382267103177931
Region6_s0.2,T2,1,block,orig,25492,0.2909147967989958,0.97461948846697,19560,679,0.3135351105116552,0.4065335019771656,0.8772160585611346,0.8334998750936797,0.9196596753940627,0.8685989472128621,0.6324221498629212
Region6_s0.2,T2,1,block,load,25492,0.2909147967989958,0.9805821434175428,21107,935,0.24212569540822337,0.37472823330294386,0.909298867665561,0.8407444416687484,0.9618328944041654,0.8956568147231325,0.6324221498629212
Region6_s0.2,T2,1,block,shuf,25492,0.2909147967989958,0.9813274752863643,21107,681,0.3102353985935251,0.40716363422253243,0.8777879446414274,0.8326255308518611,0.9239152759351298,0.8688879251519944,0.6324221498629212
Region6_s0.2,T2,1,block,load+tod,25492,0.2909147967989958,0.9915267534912914,23607,795,0.24442816063552852,0.3670400519945794,0.9081550955049754,0.8443667249562827,0.9621506231177743,0.9010250916295515,0.6324221498629212
Region6_s0.2,T2,1,time,orig,25492,0.2909147967989958,0.97461948846697,19560,660,0.3362991033277289,0.3693629204827416,0.8658932974669357,0.8421809623430963,0.9107031005745472,0.8850354043994291,0.5847140458244606
Region6_s0.2,T2,1,time,load,25492,0.2909147967989958,0.9805821434175428,21107,664,0.2817350120358102,0.365597023543755,0.8881416722707913,0.834989539748954,0.9486992060447006,0.8846364638367485,0.5847140458244606
Region6_s0.2,C2,1,block,orig,25492,0.274752863643496,0.9932527851875098,19560,979,0.21304244440142883,0.2923237274791167,0.9159899348049868,0.8750936797401948,0.9674461403357735,0.9348226329420619,0.6083768451901128
Region6_s0.2,C2,1,block,load,25492,0.274752863643496,0.9966656205868508,21107,922,0.20145083273426115,0.2951283140594216,0.9243394715772618,0.8714713964526605,0.9742024440853096,0.9336417022607374,0.6083768451901128
Region6_s0.2,C2,1,block,shuf,25492,0.274752863643496,0.9967833045661384,21107,965,0.21222424363156026,0.2921679256486387,0.9179915360860117,0.8753434923807145,0.9687575680327636,0.9350702444128276,0.6083768451901128
Region6_s0.2,C2,1,block,load+tod,25492,0.274752863643496,0.9989408441864114,23607,895,0.19521708297340531,0.2938349640426485,0.9297723893400435,0.8749687734199351,0.9772332366161974,0.9347753026306119,0.6083768451901128
Region6_s0.2,C2,1,time,orig,25492,0.274752863643496,0.9932527851875098,19560,956,0.21436422968388755,0.30370063797612273,0.9152095942613764,0.8717311715481172,0.9672621622042641,0.9249658898800303,0.5923855814412418
Region6_s0.2,C2,1,time,load,25492,0.274752863643496,0.9966656205868508,21107,922,0.20133100520119945,0.3106526584696311,0.9240080699394755,0.8666317991631799,0.9739573570877834,0.9217828024521235,0.5923855814412418
Region6_s0.2,F1PT,1,block,orig,25492,0.23466185469951356,0.9667346618546995,19560,509,0.3401393792994808,0.4410897170617141,0.867722749628274,0.8052710467149637,0.8831014770524828,0.8133346246006685,0.5688121812730049
Region6_s0.2,F1PT,1,block,load,25492,0.23466185469951356,0.9742272085360113,21107,766,0.24392423635415558,0.39458775739194335,0.9136452018757864,0.821134149387959,0.9537318473235982,0.8627360587803338,0.5688121812730049
Region6_s0.2,F1PT,1,block,shuf,25492,0.23466185469951356,0.9743448925152989,21107,519,0.336679146184042,0.4408954356051762,0.8694955964771818,0.8048963277541844,0.8895533831635917,0.8138879425359683,0.5688121812730049
Region6_s0.2,F1PT,1,block,load+tod,25492,0.23466185469951356,0.991644437470579,23607,850,0.21168223116014473,0.36402499206395245,0.9281139197071944,0.8422433175118661,0.9688560916477883,0.8838863259812622,0.5688121812730049
Region6_s0.2,F1PT,1,time,orig,25492,0.23466185469951356,0.9667346618546995,19560,441,0.3794752284406689,0.3885717776799649,0.8444855413584398,0.8364278242677824,0.8764877270948868,0.8089289687843482,0.4815513769383586
Region6_s0.2,F1PT,1,time,load,25492,0.23466185469951356,0.9742272085360113,21107,524,0.29906536215629503,0.36559098524208,0.8871329298363596,0.8342050209205021,0.9367500353789108,0.8289623682967282,0.4815513769383586
Region6_s0.2,F1EIM,1,block,orig,25492,0.21053663894555155,0.965675506041111,19560,501,0.32322181611100964,0.4261549709064509,0.8755575889282855,0.8091431426430178,0.8829943971788928,0.8142811413938175,0.5425375564562279
Region6_s0.2,F1EIM,1,block,load,25492,0.21053663894555155,0.9729326847638475,21107,665,0.23521652671412738,0.3804179422974046,0.9165618208852796,0.8253809642767924,0.9534702581910206,0.8646011119162528,0.5425375564562279
Region6_s0.2,F1EIM,1,block,shuf,25492,0.21053663894555155,0.9723442648674094,21107,561,0.31316324864855033,0.4267146352064686,0.8799611117465401,0.8103922058456158,0.8937721021830758,0.8135123679137763,0.5425375564562279
Region6_s0.2,F1EIM,1,block,load+tod,25492,0.21053663894555155,0.9912129295465244,23607,665,0.21277208919251314,0.363244233969187,0.9271989019787258,0.8354983762178366,0.9653669106022654,0.8767843951822826,0.5425375564562279
Region6_s0.2,F1EIM,1,time,orig,25492,0.21053663894555155,0.965675506041111,19560,501,0.3610774938633783,0.35621698661247153,0.8524994395875364,0.8615324267782427,0.8773479294534541,0.8090126589529076,0.4411142181138292
Region6_s0.2,F1EIM,1,time,load,25492,0.21053663894555155,0.9729326847638475,21107,671,0.26374272365265455,0.324394791171677,0.9036090562654113,0.8607479079497908,0.9482259006869174,0.8383232770271061,0.4411142181138292
Region6_s0.2,F1CPSAT,1,block,orig,25492,0.23152361525184373,0.967833045661384,19560,499,0.34048529115510584,0.4402134844929653,0.8674368065881276,0.8036472645515863,0.8811154077183115,0.8080969192988796,0.5618306717068914
Region6_s0.2,F1CPSAT,1,block,load,25492,0.23152361525184373,0.9753648203357916,21107,831,0.23266284092390568,0.38311239235590366,0.9185634221663045,0.8202598051461404,0.9591336357539275,0.8697046267393348,0.5618306717068914
Region6_s0.2,F1CPSAT,1,block,shuf,25492,0.23152361525184373,0.9751294523772164,21107,512,0.3369524303135741,0.44073748107208766,0.8685805787487133,0.8016487634274294,0.8870481097897408,0.808302636729532,0.5618306717068914
Region6_s0.2,F1CPSAT,1,block,load+tod,25492,0.23152361525184373,0.9911737015534285,23607,864,0.20597397173524387,0.36621328833134037,0.9298295779480727,0.8356232825380965,0.9714853955918805,0.8814294747618713,0.5618306717068914
Region6_s0.2,F1CPSAT,1,time,orig,25492,0.23152361525184373,0.967833045661384,19560,441,0.38180237411055157,0.38904992900475,0.8440932526339385,0.8376046025104602,0.8728145947258589,0.8089673613357361,0.4749214475945803
Region6_s0.2,F1CPSAT,1,time,load,25492,0.23152361525184373,0.9753648203357916,21107,540,0.29649936065970106,0.3632445910184535,0.887020847343645,0.8326359832635983,0.9382132187911721,0.8297462532538544,0.4749214475945803
Region6_s0.3,baleen,1,block,orig,24170,0.3180388911874224,0.9864294580057923,18452,963,0.21875817946895623,0.3001433357819371,0.9156346749226006,0.8746948738812043,0.9666676304435291,0.9305457557195556,0.6231063593395522
Region6_s0.3,baleen,1,block,load,24170,0.3180388911874224,0.9912287960281341,19948,986,0.2027681810082804,0.30360274580656116,0.9217670874017623,0.8704909140222403,0.9750333033013289,0.9286737609572203,0.6231063593395522
Region6_s0.3,baleen,1,block,shuf,24170,0.3180388911874224,0.9913942904426976,19985,958,0.21589510328753414,0.30197056874070866,0.9168254346272922,0.8745592622728505,0.968679747026675,0.92954170517118,0.6231063593395522
Region6_s0.3,baleen,1,block,load+tod,24170,0.3180388911874224,0.997310715763343,22504,915,0.2007395988092082,0.3041310597334325,0.9239699928554418,0.8695416327637646,0.9767730591523512,0.928847409458393,0.6231063593395522
Region6_s0.3,baleen,1,time,orig,24170,0.3180388911874224,0.9864294580057923,18452,995,0.2121347642558754,0.30599552988428075,0.9169572669779538,0.8707764446283272,0.9687825761755143,0.9268524098498698,0.6199246286106975
Region6_s0.3,baleen,1,time,load,24170,0.3180388911874224,0.9912287960281341,19948,821,0.21397765691899928,0.321276533917174,0.9144748507595012,0.8652599641428769,0.9721028564726294,0.9191209550842085,0.6199246286106975
Region6_s0.3,P0,1,block,orig,24170,0.29826230864708314,0.9678940835746793,18452,800,0.3335819720107389,0.4161298709397664,0.8621100261967135,0.8010577705451587,0.916047169628051,0.8607622446631193,0.6129809682696165
Region6_s0.3,P0,1,block,load,24170,0.29826230864708314,0.9770376499793132,19948,859,0.28065376100493195,0.41031335743147707,0.8885448916408669,0.8022782750203418,0.9510064382618217,0.8655636502800077,0.6129809682696165
Region6_s0.3,P0,1,block,shuf,24170,0.29826230864708314,0.9770790235829541,19985,816,0.3285516444220785,0.4177265139248591,0.8683019766611098,0.8007865473284513,0.9219830081637793,0.8589361805996274,0.6129809682696165
Region6_s0.3,P0,1,block,load+tod,24170,0.29826230864708314,0.9897807199007034,22504,854,0.25534361946456896,0.39984265738092917,0.9005715646582519,0.810957417954977,0.9630937710237103,0.8755913546366876,0.6129809682696165
Region6_s0.3,P0,1,time,orig,24170,0.29826230864708314,0.9678940835746793,18452,702,0.36062475652662196,0.3981774938384149,0.8496365033394409,0.8134050475796442,0.9056211714515232,0.8682900588777012,0.5684758047522122
Region6_s0.3,P0,1,time,load,24170,0.29826230864708314,0.9770376499793132,19948,505,0.3469619819539035,0.42146981204834016,0.8547786512205213,0.8008550544752447,0.9266626405272884,0.8500074509004366,0.5684758047522122
Region6_s0.3,T2,1,block,orig,24170,0.3090194455937112,0.9721141911460488,18452,652,0.31862834268225837,0.38514433032219486,0.8722314836865921,0.8349606726335774,0.9236040115450025,0.878400126422689,0.6150060236012966
Region6_s0.3,T2,1,block,load,24170,0.3090194455937112,0.9785684733140256,19948,723,0.27564176868312434,0.3725434818827701,0.8909264110502501,0.8386221860591266,0.9518200588005823,0.8902760315494381,0.6150060236012966
Region6_s0.3,T2,1,block,shuf,24170,0.3090194455937112,0.978816714935871,19985,651,0.3153150492999897,0.3857623785048897,0.875922838771136,0.8346894494168701,0.927177783026927,0.8783024543080216,0.6150060236012966
Region6_s0.3,T2,1,block,load+tod,24170,0.3090194455937112,0.9901944559371121,22504,670,0.2684645610745167,0.3682559212462492,0.8956299118837818,0.8397070789259561,0.9572636341936928,0.8941012985227776,0.6150060236012966
Region6_s0.3,T2,1,time,orig,24170,0.3090194455937112,0.9721141911460488,18452,935,0.3071002968408915,0.35145028311354026,0.8770021868904782,0.8466418425044822,0.9279293143563033,0.9004452454974792,0.588649385645472
Region6_s0.3,T2,1,time,load,24170,0.3090194455937112,0.9785684733140256,19948,815,0.2720964849094208,0.36207595577140717,0.8906554760919676,0.8419528340918494,0.9549794229277583,0.8917006919776095,0.588649385645472
Region6_s0.3,C2,1,block,orig,24170,0.29681423251965244,0.9922217625155151,18452,959,0.20745830132719753,0.2956760441641104,0.9192069540366754,0.8713045836723624,0.9713433796202284,0.9333481474089385,0.6102961396158896
Region6_s0.3,C2,1,block,load,24170,0.29681423251965244,0.996317749275962,19948,835,0.20584904075440472,0.2945206622544806,0.9244462967373184,0.8725250881475455,0.9742465459282937,0.9346860180352309,0.6102961396158896
Region6_s0.3,C2,1,block,shuf,24170,0.29681423251965244,0.9968142325196525,19985,921,0.20731518137998398,0.2964751748289227,0.9211717075494166,0.8700840791971792,0.9722258715792043,0.9330537658868027,0.6102961396158896
Region6_s0.3,C2,1,block,load+tod,24170,0.29681423251965244,0.999007033512619,22504,1004,0.17989872799503578,0.29419742376867947,0.9373065015479877,0.8725250881475455,0.9821131582741469,0.9348646901684903,0.6102961396158896
Region6_s0.3,C2,1,time,orig,24170,0.29681423251965244,0.9922217625155151,18452,803,0.22341614982244035,0.306141696397709,0.9105148058395887,0.8633291959729692,0.9670414084939722,0.9262723471502423,0.5926000592508522
Region6_s0.3,C2,1,time,load,24170,0.29681423251965244,0.996317749275962,19948,720,0.2187313647480255,0.32777292977255335,0.9161889000531946,0.8516066749413874,0.9713248338234741,0.9160085530748197,0.5926000592508522
Region6_s0.3,F1PT,1,block,orig,24170,0.2683078196110881,0.9665701282581712,18452,617,0.3390419855457489,0.40836427531503655,0.8669326030007145,0.823840520748576,0.9019494259967724,0.8527400289159719,0.591410281205662
Region6_s0.3,F1PT,1,block,load,24170,0.2683078196110881,0.9738105088953248,19948,794,0.26269729606578107,0.3816837408094861,0.9044415336984997,0.8356387306753458,0.9527206789988356,0.8757590671734982,0.591410281205662
Region6_s0.3,F1PT,1,block,shuf,24170,0.2683078196110881,0.9736036408771204,19985,700,0.32620647676673753,0.40786399482933966,0.8721124077161229,0.8246541903986981,0.9128883622815388,0.8526859546738705,0.591410281205662
Region6_s0.3,F1PT,1,block,load+tod,24170,0.2683078196110881,0.9891187422424493,22504,730,0.24123635948116445,0.3755352129876116,0.9130745415575137,0.8429617575264443,0.9638664585284857,0.880505594163648,0.591410281205662
Region6_s0.3,F1PT,1,time,orig,24170,0.2683078196110881,0.9665701282581712,18452,665,0.35433701896098363,0.37993974554719057,0.8564927005142148,0.8407116259826231,0.9010757902878495,0.8610962481548182,0.5222045871083224
Region6_s0.3,F1PT,1,time,load,24170,0.2683078196110881,0.9738105088953248,19948,341,0.3589866060379517,0.4124333117307346,0.859802588805485,0.8269204247689974,0.923011623270709,0.8329950500313693,0.5222045871083224
Region6_s0.3,F1EIM,1,block,orig,24170,0.24906909391808027,0.9640049648324369,18452,734,0.31091368722509927,0.38684516249490586,0.8799118837818528,0.8355031190669922,0.9134398926325595,0.8557928791808859,0.5652924792269243
Region6_s0.3,F1EIM,1,block,load,24170,0.24906909391808027,0.9714108398841539,19948,865,0.23744870126988948,0.36071249976529685,0.9154560609668969,0.8487930566856523,0.960293677676858,0.8782130756298362,0.5652924792269243
Region6_s0.3,F1EIM,1,block,shuf,24170,0.24906909391808027,0.9717832023169218,19985,675,0.31592570707549955,0.3871020393541441,0.8771731364610622,0.8361811771087605,0.9141011371399448,0.856721534727841,0.5652924792269243
Region6_s0.3,F1EIM,1,block,load+tod,24170,0.24906909391808027,0.9898220935043442,22504,858,0.2061658280503688,0.3488498954849519,0.9294474874970231,0.853946297803092,0.9737708883137244,0.8881702753668966,0.5652924792269243
Region6_s0.3,F1EIM,1,time,orig,24170,0.24906909391808027,0.9640049648324369,18452,648,0.34180443687429873,0.3627730219549709,0.8622258998758792,0.8500896428078886,0.9052445583621207,0.8539955300627389,0.4942169490485395
Region6_s0.3,F1EIM,1,time,load,24170,0.24906909391808027,0.9714108398841539,19948,389,0.33283766139201026,0.3962911870576276,0.8739878243395,0.8284374569024963,0.9293005427695695,0.8274993090645721,0.4942169490485395
Region6_s0.3,F1CPSAT,1,block,orig,24170,0.2634257343814646,0.9647496896979727,18452,705,0.33070092193670486,0.4080540573117493,0.8711002619671351,0.8235692975318687,0.904523254128065,0.8483388418979594,0.5834922287181377
Region6_s0.3,F1CPSAT,1,block,load,24170,0.2634257343814646,0.9722383119569714,19948,791,0.2607981092349898,0.3772304372076691,0.9045010716837342,0.8376729048006509,0.9529541533823784,0.8743760352759626,0.5834922287181377
Region6_s0.3,F1CPSAT,1,block,shuf,24170,0.2634257343814646,0.9719073231278444,19985,679,0.33032280921730445,0.40945879173021404,0.8709216480114313,0.8224844046650394,0.9084458817970662,0.8475926827700315,0.5834922287181377
Region6_s0.3,F1CPSAT,1,block,load+tod,24170,0.2634257343814646,0.9887050062060405,22504,804,0.22832347211651946,0.3661243243721083,0.9208740176232436,0.8471657173854082,0.9680089777501052,0.8824451346310114,0.5834922287181377
Region6_s0.3,F1CPSAT,1,time,orig,24170,0.2634257343814646,0.9647496896979727,18452,668,0.357838152268495,0.3722890629871721,0.8551332821088716,0.8397462418976693,0.8975277931464545,0.8625113987360035,0.5175394477475471
Region6_s0.3,F1CPSAT,1,time,load,24170,0.2634257343814646,0.9722383119569714,19948,390,0.3445146450597532,0.3957356497167039,0.8695549382351203,0.831057785133085,0.9262936580114751,0.8425300993592358,0.5175394477475471
