labels,inst,split,gain_load,auc_gain_load,train_gain_load,gain_shuf,net,gain_loadtod,auc_gain_shuf,val_logloss_orig,val_auc_orig
C2,Region6_s0,block,0.0093902252027121,0.003386317284860163,0.0355170954425606,-0.0008214311590348244,0.010211656361746924,0.010478926601356298,-0.00045986286171462165,0.3100605322851896,0.927376798636481
C2,Region6_s0,time,-0.003378996944983781,-0.002803590276166057,0.0007719872650344961,,,,,0.3249008207875279,0.9204519695524525
C2,Region6_s0.1,block,-0.0011299530043102357,-0.00021994547398240805,0.016505582349159997,-0.0013882965618031151,0.0002583435574928794,-0.002180897054996911,-0.0006510982781166019,0.3072837890402674,0.929060935126315
C2,Region6_s0.1,time,-0.0008799444667954015,4.3171802682762106e-05,0.014634739603943209,,,,,0.3416697972058148,0.9091768375416348
C2,Region6_s0.2,block,-0.0028045865803048575,-0.0011809306813246323,0.011591611667167712,0.00015580183047803065,-0.002960388410782888,-0.0015112365635318037,0.0002476114707655741,0.2923237274791167,0.934822632942062
C2,Region6_s0.2,time,-0.006952020493508404,-0.003183087427906739,0.013033224482688094,,,,,0.3037006379761227,0.9249658898800304
C2,Region6_s0.3,block,0.0011553819096298268,0.0013378706262924256,0.0016092605727928144,-0.0007991306648122976,0.0019545125744421243,0.0014786203954310073,-0.00029438152213556723,0.2956760441641104,0.9333481474089383
C2,Region6_s0.3,time,-0.021631233374844294,-0.010263794075422772,0.0046847850744148045,,,,,0.306141696397709,0.9262723471502424
C2,Region7_s0,block,0.0018049863785811193,0.0012456992825414792,0.020830389306349284,-0.00023383371356150429,0.0020388200921426236,0.0026823417172978092,-0.0004567210399871735,0.2779935740250115,0.9459023066413778
C2,Region7_s0,time,-0.003492156645950012,-0.0017484537331380334,0.007152085583634116,,,,,0.2150521722794963,0.9660055445753346
C2,Region7_s0.1,block,-0.003878866025105898,-0.0014391370197835984,0.017445786059726992,-0.0006906284318010103,-0.003188237593304888,-0.003590629548314017,-0.0003221744582549979,0.2742726412257976,0.9479923417912728
C2,Region7_s0.1,time,0.011050203173040896,0.001137787650945632,0.022374150046708396,,,,,0.2261312800387656,0.9617889141302454
C2,Region7_s0.2,block,0.0008383500120363041,0.0007435002188294071,0.020409335043105492,-0.0022710143632568847,0.0031093643752931888,-0.0012504904858334775,-0.0008746556770925507,0.3007030993889796,0.9377070398347878
C2,Region7_s0.2,time,0.009668465780072105,0.0020440749271395386,0.029802596736082015,,,,,0.2386589413061371,0.9594678314296337
C2,Region7_s0.3,block,0.0112574421395579,0.004830297323454635,0.0399051376984175,-0.0007741301591954186,0.012031572298753318,0.010574519388826281,-0.00044205200809710465,0.2575149345042494,0.9539321558148282
C2,Region7_s0.3,time,0.007377214000749893,0.0011303572646590432,0.025090222983060018,,,,,0.2439909740600314,0.9564881987948384
F1CPSAT,Region6_s0,block,0.01312213570338061,0.018146936261574487,0.06734083841386324,-0.0008200271578007179,0.013942162861181329,0.02476793851375353,0.0004998373243231269,0.4118823767921364,0.8317283193645726
F1CPSAT,Region6_s0,time,0.0022112468165397803,0.00432704575286591,0.03298585800876541,,,,,0.4377797991965543,0.8133264158837363
F1CPSAT,Region6_s0.1,block,0.025762249098668588,0.01973893446560937,0.06405564845546968,-0.0014162877726577872,0.027178536871326375,0.04153742027780699,-0.0023305426255650907,0.417099285070619,0.8456867367104137
F1CPSAT,Region6_s0.1,time,-0.004145785713858319,-0.00885544987708864,0.02708164037221622,,,,,0.4271449630162878,0.8206133999197844
F1CPSAT,Region6_s0.2,block,0.057101092137061715,0.061607707440455184,0.10782245023120018,-0.0005239965791222767,0.05762508871618399,0.07400019616162501,0.00020571743065234127,0.4402134844929653,0.8080969192988796
F1CPSAT,Region6_s0.2,time,0.025805337986296473,0.020778891918118325,0.0853030134508505,,,,,0.38904992900475,0.8089673613357361
F1CPSAT,Region6_s0.3,block,0.03082362010408024,0.026037193378003254,0.069902812701715,-0.0014047344184646704,0.03222835452254491,0.04192973293964103,-0.000746159127927859,0.4080540573117493,0.8483388418979594
F1CPSAT,Region6_s0.3,time,-0.02344658672953176,-0.019981299376767625,0.013323507208741814,,,,,0.3722890629871721,0.8625113987360035
F1CPSAT,Region7_s0,block,0.06322222708011527,0.04613244881762191,0.09649370788646222,-0.000112993919110016,0.06333522099922528,0.07765097713743035,-0.0004149437410315704,0.4133514182296232,0.852104171083503
F1CPSAT,Region7_s0,time,0.05237912541382972,-0.007541611990625863,0.0824089020047582,,,,,0.3788822280354337,0.8370856846541079
F1CPSAT,Region7_s0.1,block,0.0372560233952523,0.02535358638769991,0.0950278169317384,-0.000753117799770997,0.0380091411950233,0.051483370548431384,-0.00043028095746489026,0.4062356994824007,0.8654658912261413
F1CPSAT,Region7_s0.1,time,0.08740063980148838,0.002076232570079828,0.09882114660212848,,,,,0.3809036987725162,0.8787888494533718
F1CPSAT,Region7_s0.2,block,0.04562022818298567,0.028818524028242698,0.09969101883440085,-0.0007511505853257106,0.04637137876831138,0.0743723816119144,-0.0012494730406492627,0.4263911860455202,0.8490896018504827
F1CPSAT,Region7_s0.2,time,0.06962852933550451,0.0030832067278102615,0.10360565945928679,,,,,0.4095547948881698,0.8190376115240435
F1CPSAT,Region7_s0.3,block,0.05771802506701529,0.043748002990824375,0.09458818750475978,0.00016279388908607695,0.05755523117792921,0.06371523374911281,-0.00019358322413121076,0.4140331376033425,0.8562222925083213
F1CPSAT,Region7_s0.3,time,0.06065461216750834,-0.0019167495678267255,0.11358459598781068,,,,,0.3765932808041401,0.8949843439120649
F1EIM,Region6_s0,block,0.012715801426771589,0.015594791008740172,0.07511695431150489,0.0010318343041850753,0.011683967122586514,0.025569503267544702,0.0007388184446024404,0.3936706933274708,0.8434308700831933
F1EIM,Region6_s0,time,0.008310723096351502,0.011018172184149688,0.027423965567124786,,,,,0.4282938448740752,0.814779399758724
F1EIM,Region6_s0.1,block,0.02137300092773403,0.023521013281068814,0.07254503786945354,-0.0012257270910032703,0.022598728018737302,0.03439558734766951,-0.0018016530196812708,0.4176768851091101,0.819182251511733
F1EIM,Region6_s0.1,time,-0.013823383311936777,-0.020524171766616583,0.015697523940491787,,,,,0.381183003731875,0.8127688622349024
F1EIM,Region6_s0.2,block,0.04573702860904627,0.05031997052243531,0.08800528939688229,-0.0005596643000176926,0.04629669290906396,0.0629107369372639,-0.0007687734800411183,0.4261549709064509,0.8142811413938175
F1EIM,Region6_s0.2,time,0.031822195440794454,0.029310618074198436,0.09733477021072379,,,,,0.3562169866124715,0.8090126589529076
F1EIM,Region6_s0.3,block,0.026132662729609013,0.022420196448950325,0.07346498595520981,-0.0002568768592383086,0.02638953958884732,0.037995267009953926,0.0009286555469550928,0.3868451624949058,0.8557928791808859
F1EIM,Region6_s0.3,time,-0.033518165102656705,-0.02649622099816673,0.00896677548228847,,,,,0.3627730219549709,0.8539955300627389
F1EIM,Region7_s0,block,0.04605741033521643,0.0396137868966816,0.095276284927485,-0.0004002202003113853,0.046457630535527816,0.06429891043559144,0.00010329544117648748,0.402479179048834,0.846657281408383
F1EIM,Region7_s0,time,0.04850452694271162,-0.0023618432196103045,0.0860167384759144,,,,,0.3399990919975032,0.8223222870736984
F1EIM,Region7_s0.1,block,0.0387754236758483,0.028266889141639995,0.07913190057667821,-0.0011172693660669863,0.039892693041915284,0.04819349411794638,-0.0008456066018098785,0.3802990584995542,0.86650697688592
F1EIM,Region7_s0.1,time,0.06620160936580133,-0.0194504642989054,0.11168110250678964,,,,,0.3466143522993401,0.8549346193629672
F1EIM,Region7_s0.2,block,0.0563732286263805,0.03672885998371911,0.1039002612597767,-0.0012866704834852971,0.0576598991098658,0.07979612135730652,-0.0015621278699561314,0.4357101493586099,0.8463385947460607
F1EIM,Region7_s0.2,time,0.0523176882220745,0.005019647590761345,0.09608495128923339,,,,,0.4235668950979402,0.8145589936666009
F1EIM,Region7_s0.3,block,0.04961962872895698,0.04823206831316673,0.0842214270707396,8.585035014208042e-05,0.0495337783788149,0.06189194073071147,-0.0011910427647429112,0.3830167874310261,0.8476252796415048
F1EIM,Region7_s0.3,time,0.03500271459229026,-0.009214824881146777,0.059250525480737726,,,,,0.2915175648907163,0.8962107939049384
F1PT,Region6_s0,block,0.011367393492261624,0.01265120653037366,0.06717468953996797,-0.0007005325583522848,0.012067926050613909,0.0280535096807068,0.0001304941294451023,0.4047922485379592,0.8468121393640802
F1PT,Region6_s0,time,0.0017628594768785977,0.0003957287313939295,0.03992671017178512,,,,,0.4475398890577574,0.8130123018899709
F1PT,Region6_s0.1,block,0.021740098003709685,0.02159076777284019,0.0881124618851375,-0.0011674031857724088,0.022907501189482093,0.030994978308434895,-0.0018786740610957642,0.4029244033384475,0.8234275162809148
F1PT,Region6_s0.1,time,-0.008513440974413256,-0.018282808653970695,0.03562110579077882,,,,,0.3848320729872363,0.8135675431548968
F1PT,Region6_s0.2,block,0.04650195966977083,0.04940143417966525,0.0962151429453253,0.00019428145653793694,0.046307678213232895,0.07706472499776174,0.0005533179352997797,0.4410897170617141,0.8133346246006685
F1PT,Region6_s0.2,time,0.022980792437884923,0.020033399512380035,0.08040986628437391,,,,,0.3885717776799649,0.8089289687843482
F1PT,Region6_s0.3,block,0.026680534505550413,0.02301903825752627,0.07634468947996786,0.0005002804856968912,0.02618025401985352,0.032829062327424885,-5.407424210135403e-05,0.4083642753150365,0.8527400289159719
F1PT,Region6_s0.3,time,-0.0324935661835441,-0.02810119812344891,-0.004649587076968109,,,,,0.3799397455471905,0.8610962481548182
F1PT,Region7_s0,block,0.04592073146713932,0.03392221292906461,0.09790591729976891,-0.0007283164045467916,0.04664904787168611,0.0634210566031711,-0.0006053425209340269,0.4118463175715349,0.8541282154226213
F1PT,Region7_s0,time,0.05428926377513438,0.008852784181734075,0.08657505920424452,,,,,0.3930222903566516,0.8123919012398669
F1PT,Region7_s0.1,block,0.05297210356404419,0.03709586452913716,0.1098911953610976,-0.000595390960321518,0.05356749452436571,0.06753776709594123,-0.0005466693254858601,0.4059351304364725,0.861781640451113
F1PT,Region7_s0.1,time,0.08593151486500489,-0.0017913030556239162,0.10334053438140989,,,,,0.3919548951450063,0.853378845330404
F1PT,Region7_s0.2,block,0.05655853440260139,0.03868273205948691,0.0930711644761521,-0.0018667362397172815,0.05842527064231867,0.08023762560185221,-0.0020534410802094394,0.4255884346189322,0.8472939596832725
F1PT,Region7_s0.2,time,0.05693005114900723,-0.00030563634913971516,0.09023027463659161,,,,,0.415709349311338,0.8139596323418357
F1PT,Region7_s0.3,block,0.05845273357249614,0.05145859962663624,0.09564709799380411,-0.0006440227073550853,0.059096756279851226,0.0646475379917753,-0.00020203185998002304,0.41428904848405,0.8341105491100154
F1PT,Region7_s0.3,time,0.0691145014051146,0.007874267441324134,0.15395557373371577,,,,,0.3606795626556879,0.8770561075036372
P0,Region6_s0,block,0.010882134352658002,0.008088337962972814,0.05173365174772121,-0.001523544404956001,0.012405678757614003,0.02601921087827347,-0.0012150599737525969,0.4329505107642004,0.8444218133941498
P0,Region6_s0,time,-0.0018810312111440797,-0.000631200031252499,0.029259934949413702,,,,,0.4639530874772551,0.8192756554782794
P0,Region6_s0.1,block,0.02085207048365051,0.017577388755543155,0.0666442856926126,0.00030026586017400936,0.0205518046234765,0.03192815433751112,0.0001874906576819768,0.4287591116258449,0.8530089565983825
P0,Region6_s0.1,time,-0.0032291465873958702,-0.005552637863936782,0.026427106904034325,,,,,0.4295306342828498,0.8390586764829443
P0,Region6_s0.2,block,0.04714720293979058,0.045216572671441746,0.07715515181325061,-3.838155798296938e-06,0.047151041095588875,0.0657703243660715,-2.886863770967807e-05,0.466261731206977,0.8144570278409444
P0,Region6_s0.2,time,0.02386740347788463,0.010823534799743517,0.06607306842161009,,,,,0.4226148216848069,0.8249745312123143
P0,Region6_s0.3,block,0.005816513508289378,0.0048014056168883545,0.052928211005807024,-0.001596642985092711,0.007413156493382089,0.016287213558837277,-0.00182606406349195,0.4161298709397664,0.8607622446631193
P0,Region6_s0.3,time,-0.023292318209925222,-0.018282607977264553,0.013662774572718417,,,,,0.3981774938384149,0.8682900588777012
P0,Region7_s0,block,0.028188727784468792,0.01799878618399986,0.07471431597244399,-0.0006917374544949118,0.028880465238963704,0.034764544309699885,-0.0009416275654875461,0.4502179739452134,0.8461643670137102
P0,Region7_s0,time,0.037365462990155085,0.0016893729121715273,0.0374397244837098,,,,,0.4272563989519518,0.8402126809512002
P0,Region7_s0.1,block,0.026148150202796205,0.01375221873619037,0.0754521036167714,-0.00016504631016106552,0.02631319651295727,0.029200644731354808,0.0001348630072630641,0.4269452003977686,0.8646929243420135
P0,Region7_s0.1,time,0.056964036904373794,0.006750666436530328,0.0691973895183347,,,,,0.4075640674889594,0.8707928359982668
P0,Region7_s0.2,block,0.03346830508011567,0.022881577095741568,0.07658716410552391,-0.000434805309914188,0.033903110390029856,0.04408480185950159,-0.0003996991370113223,0.4584644519247263,0.8437895473182554
P0,Region7_s0.2,time,0.03580215788981039,0.0022601454689847866,0.056314860507950426,,,,,0.4270871791924595,0.8545450565476311
P0,Region7_s0.3,block,0.03153880889579197,0.019549576082423914,0.07540559269764985,-0.0003295077854745254,0.031868316681266495,0.0353694804507102,-0.0001049685129063116,0.4278800072645181,0.8654184533805348
P0,Region7_s0.3,time,0.011120285342839487,-0.008089794614066337,0.05803813499126781,,,,,0.3970047760128912,0.8870093777277929
T2,Region6_s0,block,0.010054775358859902,0.007908315865265969,0.0331029857272383,-0.0006422758292953801,0.010697051188155282,0.022424511035916805,-0.0005712282706064054,0.3829689325543506,0.8869335028376663
T2,Region6_s0,time,-0.0032515699033814904,0.0010204967865206083,0.01750663845716882,,,,,0.3930872608112435,0.8813649748788186
T2,Region6_s0.1,block,0.014277566623301208,0.011619854502641469,0.044350226550376626,-0.0019782230351698127,0.01625578965847102,0.02114158510846509,-0.0016005966995946697,0.3680544533777319,0.8939881904054947
T2,Region6_s0.1,time,-0.007089048768099904,-0.0059112768605129595,0.02493261207487829,,,,,0.3967709224879509,0.8745451019834605
T2,Region6_s0.2,block,0.03180526867422179,0.027057867510270395,0.07140941510343193,-0.0006301322453667879,0.032435400919588575,0.03949344998258619,0.0002889779391322955,0.4065335019771656,0.8685989472128621
T2,Region6_s0.2,time,0.0037658969389866015,-0.0003989405626805276,0.05456409129191869,,,,,0.3693629204827416,0.8850354043994291
T2,Region6_s0.3,block,0.012600848439424717,0.011875905126749076,0.042986573999134026,-0.0006180481826948969,0.013218896622119614,0.016888409075945632,-9.767211466749082e-05,0.3851443303221948,0.878400126422689
T2,Region6_s0.3,time,-0.010625672657866903,-0.008744553519869691,0.03500381193147073,,,,,0.3514502831135402,0.9004452454974792
T2,Region7_s0,block,0.020481264851740677,0.011822604391251268,0.05462985923205199,0.00022512431288340684,0.02025614053885727,0.0247677955214346,7.161304576386307e-05,0.3929706526044915,0.894043237328681
T2,Region7_s0,time,0.021062769851494523,0.0025372348998375926,0.060798163518494486,,,,,0.3367326869096075,0.9171627764768344
T2,Region7_s0.1,block,0.00757680350861778,0.0046951460852246996,0.037551223929164684,-0.0008039838264425891,0.008380787335060369,0.00884775153689149,-0.00038257894900373124,0.332471740394382,0.9227528859666994
T2,Region7_s0.1,time,0.018803849678609486,0.0013407818890514012,0.03027705234830519,,,,,0.2930025672340575,0.940428536870593
T2,Region7_s0.2,block,0.02322458302263708,0.013532031866771321,0.06510155580347349,-0.0016823879528716223,0.024906970975508702,0.03804807449628078,-0.0009309777809614062,0.3954581053613442,0.891432359591915
T2,Region7_s0.2,time,0.03577398330928,0.007766292955270759,0.06075780294282479,,,,,0.36265007111497,0.9076499329711022
T2,Region7_s0.3,block,0.023682151922184314,0.014799993117232457,0.07536490244149369,-0.001078132999521808,0.02476028492170612,0.024026964830742736,-0.0008077639156871541,0.3704397908596027,0.9026383974609892
T2,Region7_s0.3,time,0.027053517945245964,0.0015656345207556432,0.0639597940871307,,,,,0.3356359419757928,0.9287043240563924
baleen,Region6_s0,block,-0.0007734098764697883,-3.239315378256169e-05,0.019196837795772387,-0.002225538767801072,0.0014521288913312835,-0.0008237746434950899,-0.000720471244626042,0.2703223824808991,0.946112657737459
baleen,Region6_s0,time,-0.0082107326335904,-0.004193469389734417,0.012160204467107,,,,,0.2901503213468461,0.9377936378235824
baleen,Region6_s0.1,block,0.0016760782872899949,0.0011895329675923882,0.019316444181524506,-0.0022687743205790922,0.003944852607869087,-0.0005381596244594111,-0.0010777423524456209,0.2903457816639437,0.9375150665791256
baleen,Region6_s0.1,time,-0.003231852820653691,-0.0010021539404304614,0.004700376762244413,,,,,0.3205468078986843,0.9209888918868244
baleen,Region6_s0.2,block,-0.0007797407457817984,-0.0007904997023557847,0.027425899531903608,-0.00041136070123498625,-0.00036838004454681217,0.0010920435983398091,-0.00020179015468557715,0.2897893239270432,0.9378213170347144
baleen,Region6_s0.2,time,-0.008496613182122692,-0.004648648989466042,0.009570163942793614,,,,,0.3270262950038416,0.9174526593629696
baleen,Region6_s0.3,block,-0.003459410024624021,-0.0018719947623351274,0.01598999846067581,-0.0018272329587715186,-0.0016321770658525026,-0.003987723951495437,-0.0010040505483756013,0.3001433357819371,0.9305457557195556
baleen,Region6_s0.3,time,-0.015281004032893286,-0.007731454765661394,-0.0018428926631237907,,,,,0.3059955298842807,0.9268524098498698
baleen,Region7_s0,block,0.002150596498961488,0.0009646671580825217,0.024029410489317504,-0.0004938540013560144,0.0026444505003175023,0.0020060216352845994,-0.00012969319243882893,0.2481626734357638,0.9582763684693056
baleen,Region7_s0,time,0.0006746996890563128,0.0003992974644327907,0.019018922733112398,,,,,0.2045343848306309,0.9682913778415904
baleen,Region7_s0.1,block,-0.0050105795999816904,-0.001448724514291233,0.02460310372872651,0.00015620288303361263,-0.005166782483015303,-0.0019422166333265822,0.00024092063288838617,0.2475341788034539,0.9561178815165708
baleen,Region7_s0.1,time,0.006323373049124614,0.0025746551100456205,0.019322785744695203,,,,,0.2065647401681507,0.9667106364732012
baleen,Region7_s0.2,block,0.002592296847926834,0.001651725232569623,0.017834336248372107,-0.0024539969277001528,0.0050462937756269866,0.0064218557227633255,-0.0007590062164127831,0.253694752488178,0.9558570657797092
baleen,Region7_s0.2,time,0.0006265503212151968,0.0003167842928963882,0.02732982982458862,,,,,0.2186098909412614,0.9645325279918124
baleen,Region7_s0.3,block,0.0017726538810768078,0.0011483119813874287,0.025099299738401193,-0.002012752937280593,0.0037854068183574008,0.004756656952629501,-0.0006230699362501646,0.2189673926240964,0.9666378866462526
baleen,Region7_s0.3,time,-0.0022353540883204848,-0.0005862024980379799,0.01829787852463302,,,,,0.214076702390116,0.9668373905214308
