labels,split,n_inst,gain_load,gain_load_se,net,net_se,gain_shuf,gain_shuf_se,gain_loadtod,gain_loadtod_se,auc_gain_load,auc_gain_load_se,train_gain_load,train_gain_load_se,val_logloss_orig,val_logloss_orig_se,val_auc_orig,val_auc_orig_se,vs_baleen_gain_load,vs_baleen_gain_load_se,gate_pass
C2,block,8,0.002079122504099532,0.001935606886337404,0.00293195540697291,0.001968076975849189,-0.000852832902873378,0.00025825093066105014,0.0020851443062793983,0.0019717809167420584,0.001087958945110934,0.0007645986972015731,0.02047677476741005,0.004358261040253916,0.28947854276409024,0.006405823327549618,0.9387677947745079,0.0033700131696009802,0.002308061845549804,0.0018341510239335943,False
C2,time,8,-0.0010298086215273748,0.003784728211747926,,,,,,,-0.0017054417334008282,0.0014007577390625057,0.014692973971945644,0.003657147664314045,0.2750307900064506,0.01741951089044684,0.9405771916318015,0.007957367256245419,0.002699058090745679,0.0020141123554005312,
F1CPSAT,block,8,0.04132820009606996,0.006239262392675706,0.04203063938896572,0.006092635652914818,-0.0007024392928957623,0.00019591735741657622,0.05618215636746444,0.00680409002113038,0.0336979167212539,0.005384149062711211,0.08686531011995116,0.005993877681624485,0.4171575806285446,0.003943973673449169,0.8445915967425341,0.006210944605215677,0.041557139437520235,0.00594660361977822,True
F1CPSAT,time,8,0.03381088988472214,0.014016497640911642,,,,,,,-0.001003716730429316,0.0042140584424059544,0.06963929038681976,0.01380411116325527,0.396524719588128,0.008869227861459541,0.8419143831773561,0.011575495257922588,0.03753975659699519,0.011983752920953307,
F1EIM,block,8,0.03709802313244539,0.005424891454168083,0.03756411608816986,0.005552515821170582,-0.00046609295572447307,0.00027644800260924425,0.05188144515049848,0.006491448118539485,0.03308719694955026,0.004465562878948609,0.08395776767096626,0.003973262593242398,0.4032316107719952,0.0074210558051089,0.8424769093564373,0.006199374241379914,0.037326962473895664,0.0051577874082775034,True
F1EIM,time,8,0.024352238655678773,0.012210719884182902,,,,,,,-0.004087385914417041,0.006633463245862955,0.06280704411916299,0.014398436770981451,0.36627059518236155,0.015884635872267596,0.8348228931271847,0.010906851358646717,0.028081105367951827,0.010322214789342385,
F1PT,block,8,0.0400242610846967,0.006254923886122414,0.04065024109892552,0.006313544666215271,-0.0006259800142288177,0.0002601921921354768,0.05559828282588352,0.007601710296419026,0.033477731985591286,0.00482124154153279,0.09054529487265267,0.00471842755513545,0.4143536969205184,0.004582810885983655,0.8417035842285823,0.005875371202448431,0.04025320042614697,0.006173359787037995,True
F1PT,time,8,0.03125024699388341,0.014757749752414975,,,,,,,-0.001415595789418883,0.005433163524844453,0.07317619214074145,0.017181103571393512,0.3952811978426041,0.009211096741275081,0.8316739435499723,0.009705799107552385,0.034979113706156466,0.01274686496326743,
P0,block,8,0.025505239155945138,0.004627048803701021,0.02606084622415985,0.004457312495699847,-0.0005556070682147113,0.00024254635082105128,0.03542804681149498,0.005178879422316734,0.018733232888150222,0.004337004295757064,0.06882755958147257,0.0037823058772330906,0.4384511072586269,0.006237826573843514,0.8490894168188887,0.005854726425773844,0.02573417849739541,0.004385088623905142,True
P0,time,8,0.017089606324574777,0.00929309279636318,,,,,,,-0.0013790651086362515,0.00323594987368645,0.04455162429362991,0.00726768784155693,0.42164855736619855,0.007641919405732281,0.8505198591595162,0.008388790822382988,0.02081847303684783,0.007332402061712894,
T2,block,8,0.017962907800123433,0.0029004039051329198,0.01886391526993337,0.002905264329742474,-0.0009010074698099363,0.00024276274695782544,0.024454817698532916,0.003603442831655581,0.012913964808175832,0.002316624517955998,0.05306209284829559,0.0056660199805764625,0.3792551884314079,0.008056815506991884,0.8923484559033745,0.005708122792424092,0.018191847141573705,0.0024942375667963293,True
T2,time,8,0.010686715799283535,0.006099125835259087,,,,,,,-0.00010304123645339669,0.0018103265905370371,0.04347499583152396,0.00655404020299105,0.354836581766238,0.011970944333014658,0.9044170371417637,0.008318180182088686,0.014415582511556588,0.004655365835632366,
baleen,block,8,-0.00022893934145027175,0.0009924436543353138,0.0012132241250109553,0.0012113900615771255,-0.001442163466461227,0.0003613279166565223,0.0008730878820300894,0.0012220212100806727,0.00010132815085840685,0.0004731987484224722,0.021686916271836703,0.001449683415914192,0.2648699776506644,0.009779283703874658,0.9486104999353366,0.004430774055915738,,,False
baleen,time,8,-0.003728866712273054,0.0023835619608409495,,,,,,,-0.0018588990894944368,0.0011919600808424158,0.01356965866700631,0.003296872821713183,0.26093808405797647,0.01933256073330664,0.9461824414689102,0.007992967805267554,,,
