config,inst,p100_mean,p99_mean,top5_mean,mean_dt_mean,wr_mean,k0_adm_mean,peak_bigoff_share_mean,peak_adm_mean,p100_sd,n,n_all
A,Region6_s0,43.328299015765424,34.67761007510922,39.35605521022492,21.96413859159669,35.54699526148821,0.0014858674381962667,0.4885993485342019,0.2052117263843648,0.0070094001219555314,3,3
A,Region6_s0.1,40.8587585254722,32.178110377278266,38.08322973324649,20.408268945097984,35.65990824429371,0.0030674114389381666,0.41207229410556584,0.17560621619771344,0.06359862377664291,3,3
A,Region6_s0.2,36.23182141927757,32.19174328757137,35.230689372339384,22.304223890381206,35.630779552576676,0.0025166771070301666,0.3976608187134502,0.2875243664717349,0.1405524912324826,3,3
A,Region6_s0.3,36.83375420875506,33.37625739227898,35.673755719592315,21.061731529964764,35.46288285846083,0.0027405411281417,0.0462620404626204,0.1935673099356731,0.10047327370704631,3,3
A,Region7_s0,39.99575887070531,34.4154877838253,37.313897522217914,21.560980081411262,35.407237295272836,0.058234477890869996,0.171306209850107,0.3297644539614561,0.13524163505544662,3,3
A,Region7_s0.1,36.80798368302855,32.09998424414905,34.91311944229329,21.03903332656533,35.520390822944535,0.1077253045202541,0.0774818401937046,0.3494753833736885,0.41041803514047115,3,3
A,Region7_s0.2,36.725648579822185,33.21537965120506,35.146622204949075,21.477321637725016,35.356123234902235,0.06909685516662505,0.1259259259259259,0.3168724279835391,0.006181709853837514,3,3
A,Region7_s0.3,37.21911421915272,30.73804411638007,35.87054195804017,20.88854484564966,35.55725201483589,0.11122368290995349,0.2465331278890601,0.43554185927067285,0.7733987701801758,3,3
Aa-1.0:baleen,Region6_s0,42.902621298421224,34.425453897961596,38.404537900374635,22.07005458538366,35.57439396575956,0.006302320756727001,0.4885993485342019,0.2318132464712269,0.09292026609656208,3,6
Aa-1.0:baleen,Region6_s0.1,38.961079815284926,31.605273245265924,36.368542260228,20.55790305536043,35.472584831641775,0.008927718896209233,0.3933333333333333,0.25555555555555554,0.03562298361226427,3,6
Aa-1.0:baleen,Region6_s0.2,36.295902400028076,32.282757273585084,34.178709099537315,22.3682740712006,35.68696819471888,0.007044497928412034,0.3976608187134502,0.3791423001949317,0.3009565149178658,3,6
Aa-1.0:baleen,Region6_s0.3,36.431122118641234,32.41430873909641,35.268658810333086,21.186742099981846,35.61453137192889,0.006888541791821833,0.0547945205479452,0.29132420091324196,0.18502180243959565,3,6
Aa-1.0:baleen,Region7_s0,39.6470581886711,34.28299943885227,36.657545540869286,21.581091675453063,35.5627783494661,0.06637952469180357,0.171306209850107,0.39257673090649536,0.12443542201299723,3,3
Aa-1.0:baleen,Region7_s0.1,35.89229905901377,31.34953013036241,34.267798713641064,21.11054062609109,35.57400098269026,0.09818704220792357,0.0774818401937046,0.41242937853107337,0.3821948100293126,3,3
Aa-1.0:baleen,Region7_s0.2,36.87146032979734,32.541461193119666,34.859045584039585,21.527288211357867,35.70908701522728,0.06988870544357467,0.1259259259259259,0.3646090534979423,0.026150932814508976,3,3
Aa-1.0:baleen,Region7_s0.3,36.0112125528725,30.150013813358616,35.054592937922486,20.94935938931847,35.388884241055244,0.10332031893512562,0.1396189625600609,0.3683527311885058,0.32569138812564,3,3
B,Region6_s0,42.78673487003616,34.865906285073734,39.05851463352115,21.880214315874355,35.640764363892714,0.0016204365646744334,0.4885993485342019,0.2003257328990228,0.15853550757352944,3,3
B,Region6_s0.1,40.36344211349555,32.06631528965014,37.491086074432936,20.331252158966862,35.39206434723054,0.0025720901365415666,0.4214417744916821,0.1657424522489217,0.3936198732102682,3,3
B,Region6_s0.2,36.23245273245188,32.46350859017823,35.21055641887359,22.267557230546505,35.70070164695463,0.0019177299352697331,0.0716417910447761,0.3194029850746269,0.0642244085668142,3,3
B,Region6_s0.3,36.472713243522264,32.92847659285346,35.19638478805411,21.035681668209858,35.51719742949146,0.002860690112882767,0.0341976852038553,0.22659999193450817,0.28465903579550805,3,3
B,Region7_s0,39.50073922984641,34.11190904775092,37.10863981695798,21.420449839108397,35.57309662648117,0.07933299646285996,0.171306209850107,0.34475374732334046,0.1997423927447576,3,3
B,Region7_s0.1,36.509868989093604,31.84631205216658,34.80064102566183,20.958645899777927,35.63758026186855,0.11023835538828856,0.1556093623890234,0.3832122679580306,1.0285073747755271,3,3
B,Region7_s0.2,37.07599499266592,32.96099326598594,35.68509021841701,21.38272314683017,35.55648229171721,0.08342538592802869,0.1259259259259259,0.31111111111111106,0.057012676374009794,3,3
B,Region7_s0.3,38.59869528624364,30.717686264363042,35.637912242076915,20.8570048272252,35.51855879974344,0.10940331455306247,0.2465331278890601,0.3929121725731895,0.3779242338156574,3,3
Ba-0.5:baleen,Region6_s0,43.039794310594196,34.533862557197516,38.53729064146258,21.884704311571785,35.675204465445,0.002949306688646233,0.4885993485342019,0.21878393051031486,0.05527652656692248,3,4
Ba-0.5:baleen,Region6_s0.1,39.032067469604236,32.01957610292204,36.56126111544278,20.36705514301612,35.48603976972954,0.0049233743912918335,0.3933333333333333,0.25851851851851854,0.3549863720261857,3,3
Ba-0.5:baleen,Region6_s0.2,35.743757014549715,32.22798497798623,34.49624665456776,22.259397311752725,35.51324350958441,0.0033628960469486,0.3976608187134502,0.2997076023391813,0.2714569461033655,3,3
Ba-0.5:baleen,Region6_s0.3,36.112681300205956,32.488238204691186,35.11729582146801,21.069602184059917,35.542367596554435,0.004828844910546166,0.0547945205479452,0.2602739726027397,0.3547325372175338,3,5
Ba-0.5:baleen,Region7_s0,39.49492251569783,34.02672623674372,36.77711516877087,21.44882399306847,35.49591870313201,0.07271990824289959,0.171306209850107,0.36830835117773014,0.3249559752179379,3,3
Ba-0.5:baleen,Region7_s0.1,35.616479970694094,31.323972416494104,34.3050472675597,21.02425938728436,35.64141453857338,0.0962486342114847,0.0774818401937046,0.393866020984665,0.5295539829164783,3,3
Ba-0.5:baleen,Region7_s0.2,37.10225653976156,32.65232474314285,35.26135284468025,21.452118668159386,35.45916105187249,0.06879991131276897,0.1259259259259259,0.33415637860082303,0.06376021801933607,3,3
Ba-0.5:baleen,Region7_s0.3,38.29046339467613,30.48120650953442,35.4113064404722,20.903581447780464,35.506149083911986,0.09773565945108886,0.2465331278890601,0.4324601951720595,0.4192931165642385,3,3
Ba-1.0:baleen,Region6_s0,42.69113139943073,34.23083506001093,38.35177523094356,22.006364907318368,35.534934254264435,0.0058145076732437,0.4885993485342019,0.2350705754614549,0.223150857927501,3,6
Ba-1.0:baleen,Region6_s0.1,42.72501187098129,31.83478999396463,37.615609082318336,20.571068003607465,35.72620692886088,0.009542394729303868,0.3955094991364421,0.10305123776626363,0.2296746339533638,3,6
Ba-1.0:baleen,Region6_s0.2,36.07446257442209,32.106090391093694,34.07522230855178,22.323012529773823,35.70251418379792,0.0062861978393942,0.3976608187134502,0.3440545808966861,0.057287619786926314,3,6
Ba-1.0:baleen,Region6_s0.3,36.40504403006022,32.36086808252848,35.06698070449051,21.17885789929149,35.81819358243013,0.0079870467951688,0.04773077020106461,0.41173591664774584,0.3659177102834128,3,6
Ba-1.0:baleen,Region7_s0,39.611985236926955,33.66907040492401,36.56999050330788,21.482728230177035,35.54876501379024,0.07343375281727983,0.171306209850107,0.38686652391149173,0.2630640835848798,3,3
Ba-1.0:baleen,Region7_s0.1,35.1878075628542,31.190435120448583,33.959260338444906,21.085853702395564,35.5859918116581,0.08521306300837679,0.0774818401937046,0.4180790960451977,0.2574464126634283,3,3
Ba-1.0:baleen,Region7_s0.2,37.109211775884184,32.28724812224189,35.04856362772634,21.5102068899831,35.75314648770712,0.06665003781085067,0.1259259259259259,0.3539094650205761,0.10399090752624049,3,3
Ba-1.0:baleen,Region7_s0.3,37.607690149398486,30.283252827422526,35.05248748165251,20.93994146203686,35.504754733818565,0.09276465355342489,0.2465331278890601,0.47971237801746275,1.0076308270677536,3,3
C:F1EIM,Region6_s0,43.355315980282974,34.85452020199862,39.05960351377333,22.041819723766142,35.881775357953956,0.0009980543547129666,0.4885993485342019,0.17426710097719866,0.17582507879142983,3,3
C:F1EIM,Region6_s0.1,37.60867758783164,31.384545238710405,35.25631313131721,20.532751868133346,35.61027137424973,0.0035806359209395,0.1715151515151515,0.33299663299663296,2.2930374722177693,3,3
C:F1EIM,Region6_s0.2,36.156630406596314,32.61941789692849,35.062460070780844,22.55250237744799,35.56469167075185,0.0011044805644389666,0.2791054626943561,0.2832918911451858,0.06110201367900355,3,3
C:F1EIM,Region6_s0.3,37.25209358544242,32.88753075629617,35.71872787706875,21.14956730439498,35.522147794758695,0.002849247352431233,0.04773077020106461,0.31796463079290593,0.5847476129091779,3,4
C:F1EIM,Region7_s0,40.68135413962252,34.780580160580506,38.12851700767215,22.10467249015973,35.42243583844367,0.009103523504736167,0.171306209850107,0.2819414703783012,0.2101921802253588,3,3
C:F1EIM,Region7_s0.1,37.590617715658404,33.328331822516795,36.03681580767137,21.731698453648576,35.65877335492798,0.0073206264416656,0.0774818401937046,0.29055690072639223,0.356657560479673,3,3
C:F1EIM,Region7_s0.2,37.13496611413452,33.83140486056639,35.92529461278777,21.741092804972315,35.36016666750323,0.024420662541126667,0.10380173390926077,0.28436316106567,0.15285383941217157,3,3
C:F1EIM,Region7_s0.3,42.97224380565223,31.9049898557863,37.51066865233656,21.71805084035042,35.784182492540225,0.006721360086982267,0.2465331278890601,0.18798151001540828,0.9997167224161512,3,3
C:F1PT,Region6_s0,43.13269986183292,34.76071915739008,39.21879046879348,22.00863305097462,35.62242884424038,0.0041996781555058,0.4885993485342019,0.1872964169381107,0.08406239083884735,3,3
C:F1PT,Region6_s0.1,37.0625000000101,31.57660688074954,35.411943149444085,20.48098068691738,35.51622623704561,0.0032225723288455666,0.3011632031964749,0.4387479228514348,0.8858240844446521,3,3
C:F1PT,Region6_s0.2,36.32686372267356,32.345834628331346,35.08898169729749,22.50957095275165,35.616836961474384,0.0014671458244040333,0.160550106675262,0.3430108517137112,0.4316756644359548,3,3
C:F1PT,Region6_s0.3,36.5750992834426,33.050707286557234,35.58170702754524,21.153608084624384,35.59389322940634,0.0039591951162298,0.0441988950276243,0.4060773480662983,0.31936772225921506,3,3
C:F1PT,Region7_s0,40.75866571693364,34.71149723734111,38.01803613051894,22.035511830143662,35.705212403126716,0.008177129703152866,0.171306209850107,0.28265524625267663,0.26834974045226656,3,4
C:F1PT,Region7_s0.1,37.67531080036988,32.81377384963735,35.84203682122176,21.456762340887195,35.55629359572614,0.018024361620330966,0.1556093623890234,0.3368038740920096,1.220084224459714,3,5
C:F1PT,Region7_s0.2,37.41504251921009,33.797280497273334,36.331688681681946,21.81826130715972,35.52636569027529,0.0172029472667308,0.10380173390926077,0.28270890134689414,0.19036730761251386,3,3
C:F1PT,Region7_s0.3,41.530907364305655,31.33442221359697,36.986050677715625,21.48856547128584,35.513120834379095,0.0129196731573918,0.2465331278890601,0.24191063174114014,0.4549252679252134,3,3
D2:F1PT,Region6_s0,43.8781565656225,34.6880477855533,39.46700012950333,22.1504414808103,35.493452755431214,0.0022540328685091,0.4885993485342019,0.1807817589576547,,1,1
D2:F1PT,Region6_s0.1,40.0185670811271,32.54137075886747,37.511632349142594,20.580918698661318,35.43068629386588,0.0031867659696362,0.4214417744916821,0.1682070240295748,,1,1
D2:F1PT,Region6_s0.2,36.76575045325012,33.65726236728775,35.26257770006732,22.785961164981007,35.40679182651847,0.0036266525996505,0.0716417910447761,0.1641791044776119,,1,1
D2:F1PT,Region6_s0.3,47.37744431493608,34.59492408055448,38.73775252525488,21.415771641412984,35.60288755503272,0.0050119290777707,0.0053191489361702,0.175531914893617,,1,1
D2:F1PT,Region7_s0,39.84986078729999,34.01489186739878,37.014283864272734,21.894580613134504,35.46817090413205,0.0302702182439423,0.171306209850107,0.3426124197002141,,1,1
D2:F1PT,Region7_s0.1,39.11374967634524,31.91883708885363,35.80851787107088,21.47500505171014,35.508818278708134,0.0399174456719679,0.311864406779661,0.3745762711864406,,1,1
D2:F1PT,Region7_s0.2,37.46668609169614,32.344309116798414,34.69678192177315,21.913577147297836,35.47547421098687,0.0340772766685275,0.1259259259259259,0.3185185185185185,,1,1
D2:F1PT,Region7_s0.3,37.62249093503029,31.4441032116022,35.74889601139283,21.744117953806622,35.32502300677654,0.0172481961055648,0.2465331278890601,0.5007704160246533,,1,1
D:F1EIM,Region6_s0,40.57714970212353,34.28616506951236,38.46079059828903,22.019211412519667,35.54455517332155,0.0010260895893958667,0.33625921481227494,0.303800217155266,1.0782968358594387,3,3
D:F1EIM,Region6_s0.1,36.84164292497794,31.56837067253797,34.466724941735635,20.56627598643173,35.66123282369095,0.0028346701040771,0.2824242424242424,0.40006734006734007,2.160377925572044,3,3
D:F1EIM,Region6_s0.2,37.99004467749879,32.35622615040992,35.399772295587034,22.68187664410708,35.49860378892702,0.0007528051608365,0.2791054626943561,0.2408289972525364,3.153886227706106,3,3
D:F1EIM,Region6_s0.3,36.99035763621006,33.6479452646175,35.61850017267357,21.266432893849373,35.5835044346906,0.003999244777810167,0.034491055646556905,0.3568301914730188,0.5861044743686419,3,3
D:F1EIM,Region7_s0,40.365028489963635,33.75749244581692,37.03291569540522,22.114811037080727,35.451717435378306,0.015026829326980866,0.171306209850107,0.3476088508208422,0.27659262742150276,3,3
D:F1EIM,Region7_s0.1,35.18578951914895,31.938847017189428,34.073019727202755,21.80591202248881,35.461761246421574,0.0099591275140625,0.07418977139674203,0.4828769225522627,0.06985089799145047,3,3
D:F1EIM,Region7_s0.2,37.19099110765702,31.663844427176457,34.98075196407851,21.943991345795837,35.66293611209176,0.03770791018834153,0.10380173390926077,0.31978678430291335,0.06470369992913971,3,3
D:F1EIM,Region7_s0.3,42.574521928758955,31.317943753777485,37.06506302339985,21.972425296780724,35.56819766306924,0.008323448980264167,0.2465331278890601,0.2187981510015408,3.7650544925694587,3,3
D:F1PT,Region6_s0,41.88395709225272,34.47088772338342,39.022381939052174,21.948868058032815,35.59802796257379,0.0031848026599830335,0.4885993485342019,0.23941368078175893,1.248284764510536,3,3
D:F1PT,Region6_s0.1,39.048055339749844,32.52663472332133,36.07113010447116,20.596122603421566,35.54466983673374,0.0017962856870046,0.3933333333333333,0.2918518518518518,2.235914970258377,3,3
D:F1PT,Region6_s0.2,35.94851830265399,32.19775943194387,34.66702171283672,22.63951946190092,35.72008184858681,0.0019891640016264666,0.2738791423001949,0.3252923976608187,0.7060190617417935,3,3
D:F1PT,Region6_s0.3,37.04823879825353,33.47194131486942,35.515437494617466,21.269722132540853,35.452772957562956,0.004165164804357333,0.0441988950276243,0.34438305709023936,0.5706890249850535,3,3
D:F1PT,Region7_s0,40.25087412581758,34.109203790034904,37.08074764741057,22.091827806765604,35.63186897461425,0.015315575446954867,0.171306209850107,0.3618843683083512,0.03217417378390812,3,3
D:F1PT,Region7_s0.1,36.0074462575461,31.60746093413586,34.50478610899108,21.60030075379348,35.538237638152474,0.0286593015256363,0.26494358935631607,0.24128116902425556,0.8067161850060101,3,3
D:F1PT,Region7_s0.2,37.42259129759908,32.06765043598114,35.086653932480274,22.056124775411188,35.487674223145056,0.03164629631829213,0.1259259259259259,0.34567901234567894,0.19967029957724858,3,3
D:F1PT,Region7_s0.3,39.33314447901058,30.615316627770486,35.90092053008614,21.688143173843304,35.60605426810564,0.0187843893117195,0.19307604522456048,0.2952577507606936,3.043209847740152,3,3
D:P0,Region6_s0,42.33770396266816,34.547538850073835,39.465990028488434,22.114509312917907,35.79149209578754,0.0198825884371478,0.4885993485342019,0.2410423452768729,,1,1
D:P0,Region6_s0.1,39.89301670561771,33.04730963479706,37.92382478637019,20.53567848123648,35.54571555731051,0.0274097679747923,0.3163841807909605,0.1016949152542373,,1,1
D:P0,Region6_s0.2,42.08119658112621,32.55575692826204,36.7541310541088,22.590830430578063,35.548587978028706,0.0561471761564076,0.3976608187134502,0.2046783625730994,,1,1
D:P0,Region6_s0.3,35.906290468812195,33.809838934236986,35.40010683762341,21.203732354843947,35.53469801656294,0.011963406052076,0.0547945205479452,0.2438356164383561,,1,1
D:P0,Region7_s0,39.14280626775559,33.93649831650196,36.3017871017864,21.34014182540782,35.49724334680287,0.260376813686566,0.171306209850107,0.4946466809421841,,1,1
D:P0,Region7_s0.1,38.73322973331976,31.37111175863286,35.032041569593275,20.947320565649434,35.50630857031952,0.295046740318077,0.311864406779661,0.4050847457627118,,1,1
D:P0,Region7_s0.2,36.96108521109585,31.850044677532875,34.45132413882097,21.170346356668475,35.50705481388777,0.2791747336413631,0.1259259259259259,0.4172839506172839,,1,1
D:P0,Region7_s0.3,40.34296490551823,30.341519684039262,35.440455840458505,20.946968216747,35.52894670793943,0.3514628842542255,0.2465331278890601,0.3636363636363636,,1,1
D:T2,Region6_s0,42.73303548300149,34.63161939911945,39.49184472934748,22.102209495372072,35.672485510059296,0.0097899039512859,0.4885993485342019,0.2280130293159609,,1,1
D:T2,Region6_s0.1,40.98261460766842,32.4174397824544,38.01044418545163,20.546360514998607,35.50409587835509,0.0152714122028072,0.4214417744916821,0.2569316081330868,,1,1
D:T2,Region6_s0.2,36.01885845634929,32.64291504794208,34.67535612534104,22.452549968367084,35.43837179536515,0.0074676073983713,0.0419947506561679,0.3779527559055118,,1,1
D:T2,Region6_s0.3,36.62893356644864,33.02510845638025,35.27701372701636,21.099849406698045,35.79888018554248,0.0089768455742263,0.0441988950276243,0.4143646408839779,,1,1
D:T2,Region7_s0,39.04226560471385,34.02025123025915,36.265675990671305,21.207464236399616,35.33473048381564,0.2207343776318005,0.171306209850107,0.4068522483940043,,1,1
D:T2,Region7_s0.1,41.72458559968896,31.44457329711133,35.53243006998354,20.953300742713925,35.466153236101654,0.1107927643559548,0.311864406779661,0.2220338983050847,,1,1
D:T2,Region7_s0.2,36.61710049210906,31.78808857807952,34.20767935767567,20.974342805814544,35.557876578821,0.2492546709268211,0.1259259259259259,0.3530864197530864,,1,1
D:T2,Region7_s0.3,43.43118686876079,30.06979085727988,36.27604571355147,20.6657126659288,35.58520873420898,0.2257092023327073,0.2465331278890601,0.2157164869029275,,1,1
Dc:F1CPSAT,Region6_s0,41.68218509882138,34.369923163269306,39.25226948976839,22.000792302683422,35.62598440128323,0.0031175180967439333,0.339777842843026,0.2504971391623662,1.314542276739099,3,3
Dc:F1CPSAT,Region6_s0.1,40.258735862961906,32.3520169645343,36.85935206771049,20.60582529561819,35.73554869934669,0.0053948247875489005,0.3940587219343696,0.26829015544041446,3.6657033424618195,3,3
Dc:F1CPSAT,Region6_s0.2,36.14154364151227,32.50033000949359,34.983357075011554,22.652954132501446,35.589788334735964,0.0024287582561295334,0.2738791423001949,0.3416179337231968,0.6041640860721464,3,3
Dc:F1CPSAT,Region6_s0.3,36.203369161717376,33.52226517309888,35.29296058881185,21.21832777561562,35.76624960885142,0.005086307020705633,0.04773077020106461,0.3252781351699084,0.0489639703165652,3,3
Dc:F1CPSAT,Region7_s0,39.844837261460185,33.73760554259688,36.89839959423355,22.166123900942637,35.5027510757501,0.014874435541439066,0.171306209850107,0.5467523197715917,0.13030156648335375,3,3
Dc:F1CPSAT,Region7_s0.1,35.43752158342835,31.592129197981194,34.07413666583492,21.569958364864135,35.61673573941865,0.031759135607624105,0.17121271477501035,0.40092384130445385,1.06529474620993,3,3
Dc:F1CPSAT,Region7_s0.2,37.19533475784099,31.99511503927678,34.95055253387775,22.067226463730577,35.59796233305503,0.028898575857276867,0.1259259259259259,0.34897119341563787,0.17213183856395803,3,3
Dc:F1CPSAT,Region7_s0.3,43.13500928091545,30.676834369321067,36.83274410774738,21.483304155310226,35.585278451713656,0.03897318045533917,0.2465331278890601,0.23780174627632256,0.4126926009946626,3,3
Ea-0.5:F1PT,Region6_s0,40.074262928411414,34.24960329793212,38.045219286883054,22.001585294879376,35.528590025031114,0.0032240519885391333,0.19095633715185004,0.3608833827422562,0.8003225735311141,3,3
Ea-0.5:F1PT,Region6_s0.1,38.07075023743988,31.880703833199266,35.335053526725694,20.61770451607413,35.66806486479251,0.0024408001527737666,0.3933333333333333,0.36592592592592593,2.5556340768352825,3,3
Ea-0.5:F1PT,Region6_s0.2,36.19047310709402,32.10410947078204,34.50341232840399,22.722419932574855,35.557092958601096,0.0018737705098193667,0.3976608187134502,0.3313840155945419,0.4118213249831036,3,3
Ea-0.5:F1PT,Region6_s0.3,36.15544871796194,32.96142099413869,35.06285180869858,21.263376613529015,35.582946647054854,0.003953473736004,0.0441988950276243,0.38674033149171266,0.3272108393544682,3,3
Ea-0.5:F1PT,Region7_s0,40.07850405761289,33.851724294233925,36.889041051532665,22.16080842415363,35.55462133317717,0.016751285321270102,0.171306209850107,0.39114917915774444,0.08852419860556596,3,3
Ea-0.5:F1PT,Region7_s0.1,35.89514806191364,31.501832858513154,34.24666645087073,21.67281192602613,35.63597683706471,0.031577030472259265,0.26494358935631607,0.2820186058366254,0.9070545865769832,3,3
Ea-0.5:F1PT,Region7_s0.2,37.399448545290205,31.97533216783003,34.91527669860388,22.100262103643857,35.53026969416591,0.034536549829158235,0.1259259259259259,0.35967078189300405,0.20379365764750873,3,3
Ea-0.5:F1PT,Region7_s0.3,38.857096607126756,30.828004618809718,35.73155270655099,21.764687359145586,35.61630274129228,0.020197028104510534,0.19307604522456048,0.31785662081719074,2.683736450507078,3,3
Ea-1.0:F1CPSAT,Region6_s0,40.4776234567635,34.39129349047467,38.09234114649916,22.14371249669733,35.521966928578756,0.0035997241332906666,0.339777842843026,0.3592882675157682,1.7279404347650886,3,3
Ea-1.0:F1CPSAT,Region6_s0.1,41.12345139437512,31.710533540544958,36.790009065042966,20.906088722614538,35.511834210623185,0.007394013176740166,0.3947841105354059,0.24284398388025327,4.872437293998432,3,4
Ea-1.0:F1CPSAT,Region6_s0.2,35.174776612253716,32.23902659068065,33.90356880773377,22.772342321057057,35.62882758982235,0.002522172035211433,0.160550106675262,0.3881406271584473,0.8797898498283625,3,3
Ea-1.0:F1CPSAT,Region6_s0.3,36.33889644308291,32.80080187559361,34.8541742208505,21.322773081620664,35.65901493587952,0.006173369263601067,0.0512626453745049,0.34279371326219127,0.4617638043807167,3,3
Ea-1.0:F1CPSAT,Region7_s0,39.84804238966801,33.390652248985724,36.685483035483344,22.33931705278896,35.49041097418479,0.018058663586708,0.171306209850107,0.5710206995003569,0.20279896285171947,3,3
Ea-1.0:F1CPSAT,Region7_s0.1,35.05138457229282,31.255702754060533,33.39431494433865,21.75434081624518,35.50365943368709,0.03663550645461534,0.17121271477501035,0.42761958254078386,1.45999265520077,3,3
Ea-1.0:F1CPSAT,Region7_s0.2,37.15039821290449,31.630831175001536,34.78234805317492,22.171533339969557,35.496597660609325,0.0347028383873177,0.1259259259259259,0.36131687242798344,0.13441270803209693,3,3
Ea-1.0:F1CPSAT,Region7_s0.3,42.531862427767,30.65329491493974,36.57022360356029,21.641299506715416,35.54121698876154,0.03937679153899373,0.2465331278890601,0.3235747303543914,1.2690005370876989,3,3
Ea-1.0:F1EIM,Region6_s0,39.4680620305697,33.94597643100649,37.57746050244295,22.275923880178052,35.61685149985945,0.0014466181096401,0.031578947368421,0.4657894736842105,,1,1
Ea-1.0:F1EIM,Region6_s0.1,35.439183501650895,30.524371276890264,33.74380341880333,20.677076928538547,35.49322038435669,0.0045474076195932,0.0606060606060606,0.4212121212121212,,1,1
Ea-1.0:F1EIM,Region6_s0.2,36.82324851070007,32.378306785804284,34.49435379434436,22.82040626375712,35.67595354774807,0.000609937028123,0.3976608187134502,0.283625730994152,,1,1
Ea-1.0:F1EIM,Region6_s0.3,36.21399896401187,33.2441898148172,35.017615255139,21.295983318646243,35.487634684796994,0.0049947649370934,0.0441988950276243,0.3784530386740331,,1,1
Ea-1.0:F1EIM,Region7_s0,40.504937192365645,33.95657795907466,37.17532698781859,22.49347386904317,35.5798592810113,0.0085541038042301,0.171306209850107,0.3918629550321199,,1,1
Ea-1.0:F1EIM,Region7_s0.1,34.37501618755597,31.70872895624488,33.51859621860971,21.976212530347613,35.44461157243269,0.0124317105742381,0.0774818401937046,0.5036319612590799,,1,1
Ea-1.0:F1EIM,Region7_s0.2,37.25383644131886,31.44738603987265,34.72958754207916,22.092806939584943,35.514793107313814,0.042071005214334,0.0595533498759305,0.2729528535980149,,1,1
Ea-1.0:F1EIM,Region7_s0.3,44.08284770792648,31.16215876714991,37.18505892256556,22.137526082192235,35.4952731531833,0.0116388257388553,0.2465331278890601,0.1802773497688752,,1,1
Ea-1.0:F1PT,Region6_s0,39.29240050072928,34.04487762238427,37.64527756193555,22.110594793225147,35.48445928761695,0.003678222790402933,0.0421348314606741,0.43539325842696625,0.22832377066436602,3,3
Ea-1.0:F1PT,Region6_s0.1,37.556828973505866,31.689145946649916,35.08655033240004,20.70413429542559,35.43981892023634,0.003682087272032833,0.2824242424242424,0.3381818181818182,2.563652701107884,3,3
Ea-1.0:F1PT,Region6_s0.2,34.233947379776616,31.9142851592826,33.56110031943319,22.77905755938134,35.68501623196456,0.0023353444770476666,0.036768430262006664,0.45980107749689186,0.14375868223686475,3,3
Ea-1.0:F1PT,Region6_s0.3,35.82975589227227,32.87331110247906,34.819273935955046,21.300594195836528,35.50164909914508,0.0046514821235474,0.04773077020106461,0.3950553747571836,0.1949287653202072,3,3
Ea-1.0:F1PT,Region7_s0,39.90301519462631,33.59194034361932,36.826382413875145,22.250183774788066,35.44474562658434,0.019478332009913567,0.171306209850107,0.42184154175588856,0.10629406051714926,3,3
Ea-1.0:F1PT,Region7_s0.1,35.095522533115854,31.481905378588745,33.911074419444354,21.782247132642514,35.53475193205717,0.03456760147302817,0.26494358935631607,0.3430358696490126,1.0754163784712294,3,3
Ea-1.0:F1PT,Region7_s0.2,37.41926206510366,31.885480661311746,34.807537986698954,22.15864981665737,35.563732584656925,0.03728427029017347,0.1259259259259259,0.37942386831275715,0.3032860539876069,3,3
Ea-1.0:F1PT,Region7_s0.3,38.260360010386975,30.71872722955908,35.58322865405962,21.874785007758806,35.598943082629184,0.022659879410892498,0.19307604522456048,0.36921768912741165,1.8136658278743938,3,3
Epf:F1PT,Region7_s0,40.30069930065059,34.25483877234523,36.82964905464174,22.056052510390742,35.41002601879042,0.0181910055583628,0.171306209850107,0.3854389721627409,,1,1
Epf:F1PT,Region7_s0.1,37.425974488562126,31.639992877494816,35.30370370375417,21.50763504220944,35.55587531099469,0.0319291004006313,0.311864406779661,0.459322033898305,,1,1
Epf:F1PT,Region7_s0.2,37.18682012432568,31.82786260036125,34.65373607872821,22.01367928616051,35.81721398012639,0.0308940385551899,0.1259259259259259,0.3432098765432099,,1,1
Epf:F1PT,Region7_s0.3,41.52892709149114,30.665077052544977,36.30204286454441,21.68300290683295,35.3306701246549,0.0180018780270831,0.2465331278890601,0.2681047765793528,,1,1
