config,mean,min,max,count
A,0.0,0.0,0.0,8
Aa-1.0:baleen,0.12621635160131706,-0.01975768969853012,0.4226455924693257,8
B,0.004308666668300246,-0.30863111120602194,0.1103154592375603,8
Ba-0.5:baleen,0.08788379940647217,-0.23967543076586334,0.40683542446947923,8
Ba-1.0:baleen,-0.0012113269809843757,-0.4156466248349876,0.2669153410501399,8
C:F1EIM,-0.11682836059078666,-1.2870535987694645,0.7238487611671616,8
C:F1PT,-0.05237890046668811,-0.9646069675957347,0.8454918764949002,8
D2:F1PT,-0.35407025314348006,-2.2723470056424606,0.18712504328398555,8
D:F1EIM,-0.029324741754103267,-1.198077787383945,0.8946805346312381,8
D:F1PT,0.017850744142957554,-0.4729374183127195,0.40327465160854203,8
D:P0,-0.21753458986032037,-1.3795696136435451,0.2150872650009992,8
D:T2,-0.23540878520055913,-1.3897254249682482,0.15428693624457301,8
Dc:F1CPSAT,-0.07788444082454765,-1.323466456770185,0.22577629317960518,8
Ea-0.5:F1PT,0.11213222707208184,-0.3664390129695827,0.6209372579136563,8
Ea-1.0:F1CPSAT,-0.0311904529172502,-1.1885342748577812,0.38627040094876963,8
Ea-1.0:F1EIM,0.054440762017213706,-1.5355108476003942,1.20703229929205,8
Ea-1.0:F1PT,0.24250514026018394,-0.232940892893569,0.7353963367408314,8
Epf:F1PT,-0.29445177768087294,-0.9641639535432708,-0.04934311164163155,4
