design,inst,A,B,C,D,load_gain_baleen,load_gain_peak,interaction,label_gain_noload,label_gain_load
F1EIM,Region7_s0,39.99575887070531,39.50073922984641,40.68135413962252,40.365028489963635,0.4950196408588994,0.31632564965888577,-0.1786939912000136,-0.6855952689172113,-0.864289260117225
F1EIM,Region7_s0.1,36.80798368302855,36.509868989093604,37.590617715658404,35.18578951914895,0.2981146939349486,2.404828196509456,2.1067135025745074,-0.7826340326298507,1.3240794699446568
F1EIM,Region7_s0.2,36.725648579822185,37.07599499266592,37.13496611413452,37.19099110765702,-0.35034641284373436,-0.05602499352249879,0.29432141932123557,-0.4093175343123363,-0.11499611499110074
F1EIM,Region7_s0.3,37.21911421915272,38.59869528624364,42.97224380565223,42.574521928758955,-1.3795810670909177,0.39772187689327154,1.7773029439841892,-5.7531295864995045,-3.9758266425153153
F1EIM,Region6_s0,43.328299015765424,42.78673487003616,43.355315980282974,40.57714970212353,0.5415641457292608,2.7781662781594463,2.2366021324301855,-0.02701696451754998,2.2095851679126355
F1EIM,Region6_s0.1,40.8587585254722,40.36344211349555,37.60867758783164,36.84164292497794,0.49531641197664555,0.7670346628537033,0.2717182508770577,3.250080937640554,3.521799188517612
F1EIM,Region6_s0.2,36.23182141927757,36.23245273245188,36.156630406596314,37.99004467749879,-0.0006313131743098666,-1.8334142709024732,-1.8327829577281634,0.07519101268125894,-1.7575919450469044
F1EIM,Region6_s0.3,36.83375420875506,36.472713243522264,37.25209358544242,36.99035763621006,0.36104096523279594,0.2617359492323601,-0.09930501600043584,-0.41833937668735643,-0.5176443926877923
F1PT,Region7_s0,39.99575887070531,39.50073922984641,40.75866571693364,40.25087412581758,0.4950196408588994,0.5077915911160602,0.012771950257160825,-0.7629068462283328,-0.750134895971172
F1PT,Region7_s0.1,36.80798368302855,36.509868989093604,37.67531080036988,36.0074462575461,0.2981146939349486,1.6678645428237786,1.36974984888883,-0.8673271173413255,0.5024227315475045
F1PT,Region7_s0.2,36.725648579822185,37.07599499266592,37.41504251921009,37.42259129759908,-0.35034641284373436,-0.007548778388986932,0.3427976344547474,-0.6893939393879052,-0.34659630493315774
F1PT,Region7_s0.3,37.21911421915272,38.59869528624364,41.530907364305655,39.33314447901058,-1.3795810670909177,2.1977628852950772,3.577343952385995,-4.311793145152933,-0.7344491927669381
F1PT,Region6_s0,43.328299015765424,42.78673487003616,43.13269986183292,41.88395709225272,0.5415641457292608,1.248742769580197,0.7071786238509361,0.1955991539325055,0.9027777777834416
F1PT,Region6_s0.1,40.8587585254722,40.36344211349555,37.0625000000101,39.048055339749844,0.49531641197664555,-1.9855553397397472,-2.4808717517163927,3.7962585254621004,1.3153867737457077
F1PT,Region6_s0.2,36.23182141927757,36.23245273245188,36.32686372267356,35.94851830265399,-0.0006313131743098666,0.3783454200195706,0.3789767331938805,-0.09504230339598507,0.2839344297978954
F1PT,Region6_s0.3,36.83375420875506,36.472713243522264,36.5750992834426,37.04823879825353,0.36104096523279594,-0.4731395148109314,-0.8341804800437274,0.25865492531246304,-0.5755255547312643
