config,ref,n_inst,wins,mean_improvement,se_retrain,se_instance,pass_2se,min_reps,per_inst,mean_p100,below_rejectx_coinflip
Aa-1.0:baleen,A,8,6,0.6235478449061063,0.07977467602648072,0.24195880911508824,True,3,Region7_s0:+0.35;Region7_s0.1:+0.92;Region7_s0.2:-0.15;Region7_s0.3:+1.21;Region6_s0:+0.43;Region6_s0.1:+1.90;Region6_s0.2:-0.06;Region6_s0.3:+0.40,37.876594470341274,True
B,A,8,5,0.05756213307794855,0.11011093367160735,0.2315467093025014,False,3,Region7_s0:+0.50;Region7_s0.1:+0.30;Region7_s0.2:-0.35;Region7_s0.3:-1.38;Region6_s0:+0.54;Region6_s0.1:+0.50;Region6_s0.2:-0.00;Region6_s0.3:+0.36,38.44258018216943,True
Ba-0.5:baleen,A,8,6,0.4460895007744128,0.09446537305812681,0.31470967919084936,True,3,Region7_s0:+0.50;Region7_s0.1:+1.19;Region7_s0.2:-0.38;Region7_s0.3:-1.07;Region6_s0:+0.29;Region6_s0.1:+1.83;Region6_s0.2:+0.49;Region6_s0.3:+0.72,38.05405281447297,True
Ba-1.0:baleen,A,8,5,0.07359924025260778,0.10753392579393058,0.3566828423193493,False,3,Region7_s0:+0.38;Region7_s0.1:+1.62;Region7_s0.2:-0.38;Region7_s0.3:-0.39;Region6_s0:+0.64;Region6_s0.1:-1.87;Region6_s0.2:+0.16;Region6_s0.3:+0.43,38.42654307499477,True
C:F1EIM,A,8,2,-0.5938451016552495,0.1995782357092597,0.8688230882587826,False,3,Region7_s0:-0.69;Region7_s0.1:-0.78;Region7_s0.2:-0.41;Region7_s0.3:-5.75;Region6_s0:-0.03;Region6_s0.1:+3.25;Region6_s0.2:+0.08;Region6_s0.3:-0.42,39.09398741690263,True
C:F1PT,A,8,3,-0.3094938433499266,0.1388712900313617,0.7810317013088269,False,3,Region7_s0:-0.76;Region7_s0.1:-0.87;Region7_s0.2:-0.69;Region7_s0.3:-4.31;Region6_s0:+0.20;Region6_s0.1:+3.80;Region6_s0.2:-0.10;Region6_s0.3:+0.26,38.80963615859731,True
D2:F1PT,A,8,2,-1.7614459229160548,0.0,1.2934650637056586,False,1,Region7_s0:+0.15;Region7_s0.1:-2.31;Region7_s0.2:-0.74;Region7_s0.3:-0.40;Region6_s0:-0.55;Region6_s0.1:+0.84;Region6_s0.2:-0.53;Region6_s0.3:-10.54,40.261588238163434,False
D:F1EIM,A,8,3,0.03570156695501936,0.40311637008101325,1.0218726376051046,False,3,Region7_s0:-0.37;Region7_s0.1:+1.62;Region7_s0.2:-0.47;Region7_s0.3:-5.36;Region6_s0:+2.75;Region6_s0.1:+4.02;Region6_s0.2:-1.76;Region6_s0.3:-0.16,38.46444074829236,True
D:F1PT,A,8,4,0.13228910363695068,0.3074878131534275,0.44344084226043085,False,3,Region7_s0:-0.26;Region7_s0.1:+0.80;Region7_s0.2:-0.70;Region7_s0.3:-2.11;Region6_s0:+1.44;Region6_s0.1:+1.81;Region6_s0.2:+0.28;Region6_s0.3:-0.21,38.367853211610424,True
D:P0,A,8,4,-0.9246444142418344,0.0,0.8904006949881419,False,1,Region7_s0:+0.85;Region7_s0.1:-1.93;Region7_s0.2:-0.24;Region7_s0.3:-3.12;Region6_s0:+0.99;Region6_s0.1:+0.97;Region6_s0.2:-5.85;Region6_s0.3:+0.93,39.42478672948921,True
D:T2,A,8,5,-1.1471802695951832,0.0,0.9784513662324144,False,1,Region7_s0:+0.95;Region7_s0.1:-4.92;Region7_s0.2:+0.11;Region7_s0.3:-6.21;Region6_s0:+0.60;Region6_s0.1:-0.12;Region6_s0.2:+0.21;Region6_s0.3:+0.20,39.64732258484256,True
Dc:F1CPSAT,A,8,6,-0.23717476583485997,0.3036535425180637,0.8466805123283289,False,3,Region7_s0:+0.15;Region7_s0.1:+1.37;Region7_s0.2:-0.47;Region7_s0.3:-5.92;Region6_s0:+1.65;Region6_s0.1:+0.60;Region6_s0.2:+0.09;Region6_s0.3:+0.63,38.73731708108224,True
Ea-0.5:F1PT,A,8,5,0.6600007823910348,0.29174282494180953,0.5873039059604099,True,3,Region7_s0:-0.08;Region7_s0.1:+0.91;Region7_s0.2:-0.67;Region7_s0.3:-1.64;Region6_s0:+3.25;Region6_s0.1:+2.79;Region6_s0.2:+0.04;Region6_s0.3:+0.68,37.84014153285634,True
Ea-1.0:F1CPSAT,A,8,5,0.03808787660893209,0.41037124557600024,0.8562814360509832,False,3,Region7_s0:+0.15;Region7_s0.1:+1.76;Region7_s0.2:-0.42;Region7_s0.3:-5.31;Region6_s0:+2.85;Region6_s0.1:-0.26;Region6_s0.2:+1.06;Region6_s0.3:+0.49,38.46205443863845,True
Ea-1.0:F1EIM,A,8,4,0.48000099823494136,0.0,1.3142917099914453,True,1,Region7_s0:-0.51;Region7_s0.1:+2.43;Region7_s0.2:-0.53;Region7_s0.3:-6.86;Region6_s0:+3.86;Region6_s0.1:+5.42;Region6_s0.2:-0.59;Region6_s0.3:+0.62,38.02014131701244,True
Ea-1.0:F1PT,A,8,6,1.301255746557774,0.25053231465071846,0.6429704196091842,True,3,Region7_s0:+0.09;Region7_s0.1:+1.71;Region7_s0.2:-0.69;Region7_s0.3:-1.04;Region6_s0:+4.04;Region6_s0.1:+3.30;Region6_s0.2:+2.00;Region6_s0.3:+1.00,37.1988865686896,True
Epf:F1PT,A,4,0,-1.4234789130801921,0.0,0.9642310678133234,False,1,Region7_s0:-0.30;Region7_s0.1:-0.62;Region7_s0.2:-0.46;Region7_s0.3:-4.31,39.11060525125738,True
A,B,8,3,-0.05756213307794855,0.11011093367160735,0.2315467093025014,False,3,Region7_s0:-0.50;Region7_s0.1:-0.30;Region7_s0.2:+0.35;Region7_s0.3:+1.38;Region6_s0:-0.54;Region6_s0.1:-0.50;Region6_s0.2:+0.00;Region6_s0.3:-0.36,38.50014231524738,True
Aa-1.0:baleen,B,8,5,0.5659857118281577,0.09979286179633715,0.3423341604188161,True,3,Region7_s0:-0.15;Region7_s0.1:+0.62;Region7_s0.2:+0.20;Region7_s0.3:+2.59;Region6_s0:-0.12;Region6_s0.1:+1.40;Region6_s0.2:-0.06;Region6_s0.3:+0.04,37.876594470341274,True
Ba-0.5:baleen,B,8,6,0.38852736769646423,0.11188531198233287,0.18377442715958217,True,3,Region7_s0:+0.01;Region7_s0.1:+0.89;Region7_s0.2:-0.03;Region7_s0.3:+0.31;Region6_s0:-0.25;Region6_s0.1:+1.33;Region6_s0.2:+0.49;Region6_s0.3:+0.36,38.05405281447297,True
Ba-1.0:baleen,B,8,5,0.016037107174659226,0.12311848572423013,0.3863069391660237,False,3,Region7_s0:-0.11;Region7_s0.1:+1.32;Region7_s0.2:-0.03;Region7_s0.3:+0.99;Region6_s0:+0.10;Region6_s0.1:-2.36;Region6_s0.2:+0.16;Region6_s0.3:+0.07,38.42654307499477,True
C:F1EIM,B,8,2,-0.6514072347331981,0.20838927155492845,0.6920959025914751,False,3,Region7_s0:-1.18;Region7_s0.1:-1.08;Region7_s0.2:-0.06;Region7_s0.3:-4.37;Region6_s0:-0.57;Region6_s0.1:+2.75;Region6_s0.2:+0.08;Region6_s0.3:-0.78,39.09398741690263,True
C:F1PT,B,8,1,-0.36705597642787513,0.1512608724202907,0.6212159848132477,False,3,Region7_s0:-1.26;Region7_s0.1:-1.17;Region7_s0.2:-0.34;Region7_s0.3:-2.93;Region6_s0:-0.35;Region6_s0.1:+3.30;Region6_s0.2:-0.09;Region6_s0.3:-0.10,38.80963615859731,True
D2:F1PT,B,8,2,-1.8190080559940034,0.0,1.3499013112588987,False,1,Region7_s0:-0.35;Region7_s0.1:-2.60;Region7_s0.2:-0.39;Region7_s0.3:+0.98;Region6_s0:-1.09;Region6_s0.1:+0.34;Region6_s0.2:-0.53;Region6_s0.3:-10.90,40.261588238163434,False
D:F1EIM,B,8,3,-0.021860566122929193,0.4075505173075668,0.8340863499314314,False,3,Region7_s0:-0.86;Region7_s0.1:+1.32;Region7_s0.2:-0.11;Region7_s0.3:-3.98;Region6_s0:+2.21;Region6_s0.1:+3.52;Region6_s0.2:-1.76;Region6_s0.3:-0.52,38.46444074829236,True
D:F1PT,B,8,4,0.07472697055900213,0.31327842499643993,0.2798947864448797,False,3,Region7_s0:-0.75;Region7_s0.1:+0.50;Region7_s0.2:-0.35;Region7_s0.3:-0.73;Region6_s0:+0.90;Region6_s0.1:+1.32;Region6_s0.2:+0.28;Region6_s0.3:-0.58,38.367853211610424,True
D:P0,B,8,5,-0.982206547319783,0.0,0.7946344660712129,False,1,Region7_s0:+0.36;Region7_s0.1:-2.22;Region7_s0.2:+0.11;Region7_s0.3:-1.74;Region6_s0:+0.45;Region6_s0.1:+0.47;Region6_s0.2:-5.85;Region6_s0.3:+0.57,39.42478672948921,True
D:T2,B,8,4,-1.2047424026731317,0.0,0.843166627987483,False,1,Region7_s0:+0.46;Region7_s0.1:-5.21;Region7_s0.2:+0.46;Region7_s0.3:-4.83;Region6_s0:+0.05;Region6_s0.1:-0.62;Region6_s0.2:+0.21;Region6_s0.3:-0.16,39.64732258484256,True
Dc:F1CPSAT,B,8,5,-0.2947368989128085,0.309515896545141,0.6335495897290735,False,3,Region7_s0:-0.34;Region7_s0.1:+1.07;Region7_s0.2:-0.12;Region7_s0.3:-4.54;Region6_s0:+1.10;Region6_s0.1:+0.10;Region6_s0.2:+0.09;Region6_s0.3:+0.27,38.73731708108224,True
Ea-0.5:F1PT,B,8,5,0.6024386493130862,0.2978397089633957,0.4370352222877228,True,3,Region7_s0:-0.58;Region7_s0.1:+0.61;Region7_s0.2:-0.32;Region7_s0.3:-0.26;Region6_s0:+2.71;Region6_s0.1:+2.29;Region6_s0.2:+0.04;Region6_s0.3:+0.32,37.84014153285634,True
Ea-1.0:F1CPSAT,B,8,4,-0.01947425646901646,0.4147278330736566,0.6650227875410947,False,3,Region7_s0:-0.35;Region7_s0.1:+1.46;Region7_s0.2:-0.07;Region7_s0.3:-3.93;Region6_s0:+2.31;Region6_s0.1:-0.76;Region6_s0.2:+1.06;Region6_s0.3:+0.13,38.46205443863845,True
Ea-1.0:F1EIM,B,8,4,0.4224388651569928,0.0,1.1174254022773715,True,1,Region7_s0:-1.00;Region7_s0.1:+2.13;Region7_s0.2:-0.18;Region7_s0.3:-5.48;Region6_s0:+3.32;Region6_s0.1:+4.92;Region6_s0.2:-0.59;Region6_s0.3:+0.26,38.02014131701244,True
Ea-1.0:F1PT,B,8,6,1.2436936134798255,0.25760639940540975,0.5091165713391883,True,3,Region7_s0:-0.40;Region7_s0.1:+1.41;Region7_s0.2:-0.34;Region7_s0.3:+0.34;Region6_s0:+3.49;Region6_s0.1:+2.81;Region6_s0.2:+2.00;Region6_s0.3:+0.64,37.1988865686896,True
Epf:F1PT,B,4,0,-1.1892806267949911,0.0,0.6069165515297654,False,1,Region7_s0:-0.80;Region7_s0.1:-0.92;Region7_s0.2:-0.11;Region7_s0.3:-2.93,39.11060525125738,True
