method,n,seed,status,peak_raw,peak_rep,use_raw,use_rep,nsel_raw,nsel_rep,z_lp,greedy_peak,headroom,gap_abs,gap_pct,wall_time,repair_time_incl,peak_mem_mb,rss_after_instance_mb,threads,params,extra
cim_extahc,1000,0,ok,1.0,0.9722453038836658,0.02218619476413045,0.9993858570367261,8,77,0.9566979094418843,0.9932815471313051,0.036583637689420856,0.015547394441781548,42.498218940861356,76.68587732315063,0.00011658668518066406,681.015625,240.23828125,2,"{""num_runs"": 4, ""timesteps"": 1000, ""outer_max"": 10, ""beta"": 8.0, ""delta_frac"": 0.003, ""bisect_first"": 8, ""bisect_later"": 4, ""max_calls"": 40, ""time_cap"": 300, ""torch_threads"": 2}","{""calls"": 40, ""inner_time"": 75.30324721336365, ""total_time"": 75.604008436203, ""P_abs"": null, ""outer_iters"": 9, ""greedy_peak"": 0.9932815471313051, ""best_iter"": 3, ""best_mu"": 1.5333874662164144e-06}"
cim_extahc,1000,1,ok,1.0,0.9490283299270823,0.00037880327626386436,0.9836534755869678,1,99,0.9311431162576096,0.9943835564623179,0.06324044020470831,0.01788521366947271,28.281292178831382,78.51884436607361,7.414817810058594e-05,645.73046875,240.234375,2,"{""num_runs"": 4, ""timesteps"": 1000, ""outer_max"": 10, ""beta"": 8.0, ""delta_frac"": 0.003, ""bisect_first"": 8, ""bisect_later"": 4, ""max_calls"": 40, ""time_cap"": 300, ""torch_threads"": 2}","{""calls"": 40, ""inner_time"": 77.03856229782104, ""total_time"": 77.23827004432678, ""P_abs"": null, ""outer_iters"": 9, ""greedy_peak"": 0.9943835564623179, ""best_iter"": 0, ""best_mu"": 4.623348024214764e-06}"
cim_extahc,1000,2,ok,1.0,0.9792823210335987,0.002344644727029295,0.9736571154804434,1,65,0.974057672173813,1.0,0.025942327826186995,0.0052246488597856855,20.139475897424138,70.22359442710876,8.797645568847656e-05,657.3828125,240.58984375,2,"{""num_runs"": 4, ""timesteps"": 1000, ""outer_max"": 10, ""beta"": 8.0, ""delta_frac"": 0.003, ""bisect_first"": 8, ""bisect_later"": 4, ""max_calls"": 40, ""time_cap"": 300, ""torch_threads"": 2}","{""calls"": 35, ""inner_time"": 69.0553994178772, ""total_time"": 69.14608812332153, ""P_abs"": null, ""outer_iters"": 10, ""greedy_peak"": 1.0, ""best_iter"": 0, ""best_mu"": 2.5603634400741226e-07}"
dwave_sa,1000,0,ok,0.9620413672865715,0.9605294785087367,0.9230293305659044,0.9912964732038665,47,54,0.9566979094418843,0.9932815471313051,0.036583637689420856,0.003831569066852447,10.473450178412543,9.404110193252563,0.00011610984802246094,272.50390625,239.87890625,1,"{""num_reads"": 16, ""num_sweeps"": 1000, ""outer_max"": 10, ""beta"": 8.0, ""delta_frac"": 0.003, ""bisect_first"": 8, ""bisect_later"": 4, ""max_calls"": 40, ""time_cap"": 300, ""torch_threads"": 1}","{""calls"": 39, ""inner_time"": 9.229181289672852, ""total_time"": 9.307156562805176, ""P_abs"": null, ""outer_iters"": 10, ""greedy_peak"": 0.9932815471313051, ""best_iter"": 8, ""best_mu"": 1.974407844533588e-05}"
dwave_sa,1000,1,ok,0.9394575139519961,0.9372379517292279,0.9797884185276552,0.9915267192120619,74,75,0.9311431162576096,0.9943835564623179,0.06324044020470831,0.006094835471618265,9.63756016227809,5.8018457889556885,8.058547973632812e-05,272.2578125,240.1953125,1,"{""num_reads"": 16, ""num_sweeps"": 1000, ""outer_max"": 10, ""beta"": 8.0, ""delta_frac"": 0.003, ""bisect_first"": 8, ""bisect_later"": 4, ""max_calls"": 40, ""time_cap"": 300, ""torch_threads"": 1}","{""calls"": 28, ""inner_time"": 5.642593622207642, ""total_time"": 5.722909927368164, ""P_abs"": null, ""outer_iters"": 10, ""greedy_peak"": 0.9943835564623179, ""best_iter"": 7, ""best_mu"": 2.615360591766149e-05}"
dwave_sa,1000,2,ok,0.9753307357022837,0.977601724092365,1.2407485086288268,0.9954519552659368,51,56,0.974057672173813,1.0,0.025942327826186995,0.0035440519185520047,13.661271811446806,8.871549844741821,8.511543273925781e-05,273.41796875,240.23046875,1,"{""num_reads"": 16, ""num_sweeps"": 1000, ""outer_max"": 10, ""beta"": 8.0, ""delta_frac"": 0.003, ""bisect_first"": 8, ""bisect_later"": 4, ""max_calls"": 40, ""time_cap"": 300, ""torch_threads"": 1}","{""calls"": 40, ""inner_time"": 8.697044610977173, ""total_time"": 8.771409511566162, ""P_abs"": null, ""outer_iters"": 9, ""greedy_peak"": 1.0, ""best_iter"": 5, ""best_mu"": 2.0940598503343254e-07}"
dwave_tabu,1000,0,ok,0.9636185622055866,0.9616461665608925,0.8946979885048167,0.9990098638356852,40,56,0.9566979094418843,0.9932815471313051,0.036583637689420856,0.004948257119008259,13.525875040138999,305.2119233608246,6.103515625e-05,311.87890625,238.92578125,1,"{""num_reads"": 4, ""timeout_ms"": 2000, ""outer_max"": 10, ""beta"": 8.0, ""delta_frac"": 0.003, ""bisect_first"": 8, ""bisect_later"": 4, ""max_calls"": 40, ""time_cap"": 300, ""torch_threads"": 1}","{""calls"": 38, ""inner_time"": 305.06426310539246, ""total_time"": 305.1283657550812, ""P_abs"": null, ""outer_iters"": 9, ""greedy_peak"": 0.9932815471313051, ""best_iter"": 7, ""best_mu"": 1.760736498120983e-05}"
dwave_tabu,1000,1,ok,0.942327552500102,0.9396822782443388,0.9500450632072821,0.9925380179701777,72,78,0.9311431162576096,0.9943835564623179,0.06324044020470831,0.008539161986729216,13.502692199940547,305.238906621933,6.175041198730469e-05,312.8046875,239.83203125,1,"{""num_reads"": 4, ""timeout_ms"": 2000, ""outer_max"": 10, ""beta"": 8.0, ""delta_frac"": 0.003, ""bisect_first"": 8, ""bisect_later"": 4, ""max_calls"": 40, ""time_cap"": 300, ""torch_threads"": 1}","{""calls"": 38, ""inner_time"": 305.06613874435425, ""total_time"": 305.1564939022064, ""P_abs"": null, ""outer_iters"": 10, ""greedy_peak"": 0.9943835564623179, ""best_iter"": 8, ""best_mu"": 3.75391164262656e-05}"
dwave_tabu,1000,2,ok,0.976614672062783,0.9756367410493512,0.9067400075603815,0.9833019554728304,38,47,0.974057672173813,1.0,0.025942327826186995,0.0015790688755381588,6.086843424837911,281.1380925178528,6.222724914550781e-05,311.67578125,238.41796875,1,"{""num_reads"": 4, ""timeout_ms"": 2000, ""outer_max"": 10, ""beta"": 8.0, ""delta_frac"": 0.003, ""bisect_first"": 8, ""bisect_later"": 4, ""max_calls"": 40, ""time_cap"": 300, ""torch_threads"": 1}","{""calls"": 35, ""inner_time"": 280.99498414993286, ""total_time"": 281.06399178504944, ""P_abs"": null, ""outer_iters"": 10, ""greedy_peak"": 1.0, ""best_iter"": 6, ""best_mu"": 1.1586882244982584e-05}"
greedy,1000,0,ok,0.9932815471313051,0.9932815471313051,1.0000000000000002,1.0000000000000002,60,60,0.9566979094418843,0.9932815471313051,0.036583637689420856,0.036583637689420856,100.0,0.00019550323486328125,0.0003285408020019531,243.49609375,239.55859375,1,{},"{""n_drop"": 0, ""n_add"": 0}"
greedy,1000,1,ok,0.9943835564623179,0.9943835564623179,1.0000000000000002,1.0000000000000002,60,60,0.9311431162576096,0.9943835564623179,0.06324044020470831,0.06324044020470831,100.0,0.000240325927734375,0.00044417381286621094,243.90234375,240.33984375,1,{},"{""n_drop"": 0, ""n_add"": 0}"
greedy,1000,2,ok,1.0,1.0,1.0000000000000002,1.0000000000000002,60,60,0.974057672173813,1.0,0.025942327826186995,0.025942327826186995,100.0,0.00010323524475097656,0.0001621246337890625,244.0546875,240.1171875,1,{},"{""n_drop"": 0, ""n_add"": 0}"
lp,1000,0,ok,0.9809524540612954,0.9666218875057244,0.6338879102326272,0.9974162127719463,36,59,0.9566979094418843,0.9932815471313051,0.036583637689420856,0.009923978063840155,27.126821416968987,0.0027866363525390625,0.0013427734375,243.91796875,239.98046875,1,{},"{""n_frac"": 10, ""lp_status"": ""Optimal"", ""lp_time"": 0.0027475357055664062, ""n_drop"": 0, ""n_add"": 23}"
lp,1000,1,ok,0.9767161188498682,0.9373494891153212,0.7594701040210685,0.9785457550815518,58,79,0.9311431162576096,0.9943835564623179,0.06324044020470831,0.0062063728577116395,9.813930512851757,0.0020041465759277344,0.0009293556213378906,244.24609375,240.30859375,1,{},"{""n_frac"": 12, ""lp_status"": ""Optimal"", ""lp_time"": 0.001978635787963867, ""n_drop"": 0, ""n_add"": 21}"
lp,1000,2,ok,0.9792740484661879,0.9762729959135141,0.8709447390224546,0.9917542455077236,38,56,0.974057672173813,1.0,0.025942327826186995,0.002215323739701125,8.539417721276763,0.0017669200897216797,0.0008177757263183594,242.93359375,238.80859375,1,{},"{""n_frac"": 7, ""lp_status"": ""Optimal"", ""lp_time"": 0.0017390251159667969, ""n_drop"": 0, ""n_add"": 18}"
ls_greedy,1000,0,ok,0.9617489085443661,0.9617489085443661,0.9993019227015906,0.9993019227015906,21,21,0.9566979094418843,0.9932815471313051,0.036583637689420856,0.005050999102481857,13.806716394259746,2.882197380065918,0.0004413127899169922,356.6640625,239.4765625,1,"{""n_moves"": 2000000, ""g"": 2013.5277915674533, ""T0"": 0.00198656309426261, ""T1"": 9.93281547131305e-07, ""moves"": ""70% swap(top-3 window add, random drop)/15% add/15% drop, hard budget""}","{""ls_time"": 2.8041486740112305, ""n_drop"": 0, ""n_add"": 0}"
ls_greedy,1000,1,ok,0.9382368650329662,0.9382368650329662,0.9981891632059382,0.9981891632059382,46,46,0.9311431162576096,0.9943835564623179,0.06324044020470831,0.007093748775356623,11.217108471089494,2.482882022857666,0.0005159378051757812,356.58203125,240.14453125,1,"{""n_moves"": 2000000, ""g"": 2011.2963322878418, ""T0"": 0.001988767112924636, ""T1"": 9.943835564623178e-07, ""moves"": ""70% swap(top-3 window add, random drop)/15% add/15% drop, hard budget""}","{""ls_time"": 2.403441905975342, ""n_drop"": 0, ""n_add"": 0}"
ls_greedy,1000,2,ok,0.9748462255807672,0.9748462255807672,0.998196962380874,0.998196962380874,36,36,0.974057672173813,1.0,0.025942327826186995,0.0007885534069541622,3.0396401288174757,2.2898635864257812,0.00041031837463378906,356.828125,239.640625,1,"{""n_moves"": 2000000, ""g"": 2000.0, ""T0"": 0.002, ""T1"": 1e-06, ""moves"": ""70% swap(top-3 window add, random drop)/15% add/15% drop, hard budget""}","{""ls_time"": 2.2112631797790527, ""n_drop"": 0, ""n_add"": 0}"
ls_lp,1000,0,ok,0.9617489085443661,0.9617489085443661,0.9993019227015906,0.9993019227015906,21,21,0.9566979094418843,0.9932815471313051,0.036583637689420856,0.005050999102481857,13.806716394259746,3.0890798568725586,0.0006947517395019531,357.78125,240.59375,1,"{""n_moves"": 2000000, ""g"": 2038.8347995050012, ""T0"": 0.001961904908122591, ""T1"": 9.809524540612954e-07, ""moves"": ""70% swap(top-3 window add, random drop)/15% add/15% drop, hard budget""}","{""ls_time"": 3.0035476684570312, ""n_drop"": 0, ""n_add"": 0}"
ls_lp,1000,1,ok,0.9327170474426819,0.9327170474426819,0.9995776517569873,0.9995776517569873,55,55,0.9311431162576096,0.9943835564623179,0.06324044020470831,0.0015739311850723192,2.4888049165653,2.8921775817871094,0.0007083415985107422,357.30078125,240.11328125,1,"{""n_moves"": 2000000, ""g"": 2047.6778885917224, ""T0"": 0.0019534322376997364, ""T1"": 9.76716118849868e-07, ""moves"": ""70% swap(top-3 window add, random drop)/15% add/15% drop, hard budget""}","{""ls_time"": 2.8069405555725098, ""n_drop"": 0, ""n_add"": 0}"
ls_lp,1000,2,ok,0.9749436464572028,0.9749436464572028,0.9998993697119655,0.9998993697119655,34,34,0.974057672173813,1.0,0.025942327826186995,0.0008859742833897677,3.415168790271155,2.748258352279663,0.0003352165222167969,356.69921875,240.07421875,1,"{""n_moves"": 2000000, ""g"": 2042.3292163542465, ""T0"": 0.001958548096932376, ""T1"": 9.792740484661878e-07, ""moves"": ""70% swap(top-3 window add, random drop)/15% add/15% drop, hard budget""}","{""ls_time"": 2.661579132080078, ""n_drop"": 0, ""n_add"": 0}"
mfsb,1000,0,ok,0.9699654690278167,0.9671314774701404,0.855630113948727,0.9882090627691082,56,73,0.9566979094418843,0.9932815471313051,0.036583637689420856,0.010433568028256124,28.5197664508723,7.339123010635376,0.0001010894775390625,259.8203125,238.8203125,4,"{""agents"": 64, ""steps"": 1000, ""dt"": 1.25, ""xi_scale"": 0.7, ""dtype"": ""float32"", ""outer_max"": 10, ""beta"": 8.0, ""delta_frac"": 0.003, ""bisect_first"": 8, ""bisect_later"": 4, ""max_calls"": 40, ""time_cap"": 300, ""torch_threads"": 4}","{""calls"": 37, ""inner_time"": 7.317940711975098, ""total_time"": 7.3388166427612305, ""P_abs"": null, ""outer_iters"": 10, ""greedy_peak"": 0.9932815471313051, ""best_iter"": 9, ""best_mu"": 8.138546890411947e-06}"
mfsb,1000,1,ok,0.9493800936755372,0.9434758926394461,0.9287965478461722,0.9981885462185394,83,98,0.9311431162576096,0.9943835564623179,0.06324044020470831,0.012332776381836497,19.501408184249655,8.735153675079346,7.82012939453125e-05,261.8203125,240.4453125,4,"{""agents"": 64, ""steps"": 1000, ""dt"": 1.25, ""xi_scale"": 0.7, ""dtype"": ""float32"", ""outer_max"": 10, ""beta"": 8.0, ""delta_frac"": 0.003, ""bisect_first"": 8, ""bisect_later"": 4, ""max_calls"": 40, ""time_cap"": 300, ""torch_threads"": 4}","{""calls"": 40, ""inner_time"": 8.704912185668945, ""total_time"": 8.734925508499146, ""P_abs"": null, ""outer_iters"": 10, ""greedy_peak"": 0.9943835564623179, ""best_iter"": 8, ""best_mu"": 1.4882694048527858e-05}"
mfsb,1000,2,ok,0.9776575742740246,0.9775729444284075,0.9969516731014461,0.9990845334756016,43,44,0.974057672173813,1.0,0.025942327826186995,0.0035152722545944703,13.550334719947703,11.22076416015625,0.00013637542724609375,262.4140625,240.05078125,4,"{""agents"": 64, ""steps"": 1000, ""dt"": 1.25, ""xi_scale"": 0.7, ""dtype"": ""float32"", ""outer_max"": 10, ""beta"": 8.0, ""delta_frac"": 0.003, ""bisect_first"": 8, ""bisect_later"": 4, ""max_calls"": 40, ""time_cap"": 300, ""torch_threads"": 4}","{""calls"": 40, ""inner_time"": 11.186189889907837, ""total_time"": 11.220063924789429, ""P_abs"": null, ""outer_iters"": 9, ""greedy_peak"": 1.0, ""best_iter"": 8, ""best_mu"": 2.817419874356583e-06}"
mfsb_penalty_k0.1,1000,0,ok,0.9655533559271047,0.9636781547894951,0.9250307898138489,0.9793048089799392,68,73,0.9566979094418843,0.9932815471313051,0.036583637689420856,0.0069802453476108806,19.08023856695204,3.1894948482513428,0.00014519691467285156,261.54296875,240.54296875,4,"{""agents"": 64, ""steps"": 1000, ""dt"": 1.25, ""xi_scale"": 0.7, ""dtype"": ""float32"", ""penalty_k"": 0.1, ""outer_max"": 10, ""beta"": 8.0, ""delta_frac"": 0.003, ""bisect_first"": 8, ""bisect_later"": 4, ""max_calls"": 40, ""time_cap"": 300, ""torch_threads"": 4}","{""calls"": 10, ""inner_time"": 3.1764702796936035, ""total_time"": 3.1887924671173096, ""P_abs"": 1.4846230407614139e-06, ""outer_iters"": 10, ""greedy_peak"": 0.9932815471313051, ""best_iter"": 7, ""best_mu"": 0.0}"
mfsb_penalty_k0.1,1000,1,ok,0.9466109022238749,0.9417713055970021,0.9288243888589975,0.9986935468022324,81,94,0.9311431162576096,0.9943835564623179,0.06324044020470831,0.010628189339392469,16.80600151578513,3.1022744178771973,9.846687316894531e-05,260.76953125,240.51953125,4,"{""agents"": 64, ""steps"": 1000, ""dt"": 1.25, ""xi_scale"": 0.7, ""dtype"": ""float32"", ""penalty_k"": 0.1, ""outer_max"": 10, ""beta"": 8.0, ""delta_frac"": 0.003, ""bisect_first"": 8, ""bisect_later"": 4, ""max_calls"": 40, ""time_cap"": 300, ""torch_threads"": 4}","{""calls"": 10, ""inner_time"": 3.091348886489868, ""total_time"": 3.1020116806030273, ""P_abs"": 1.2404437524142551e-06, ""outer_iters"": 10, ""greedy_peak"": 0.9943835564623179, ""best_iter"": 7, ""best_mu"": 0.0}"
mfsb_penalty_k0.1,1000,2,ok,0.981205568068215,0.9784990163907317,0.7957059316741907,0.986537800171481,56,76,0.974057672173813,1.0,0.025942327826186995,0.0044413442169186634,17.120068201572227,2.66318416595459,0.0001366138458251953,262.52734375,240.77734375,4,"{""agents"": 64, ""steps"": 1000, ""dt"": 1.25, ""xi_scale"": 0.7, ""dtype"": ""float32"", ""penalty_k"": 0.1, ""outer_max"": 10, ""beta"": 8.0, ""delta_frac"": 0.003, ""bisect_first"": 8, ""bisect_later"": 4, ""max_calls"": 40, ""time_cap"": 300, ""torch_threads"": 4}","{""calls"": 10, ""inner_time"": 2.653252363204956, ""total_time"": 2.6624836921691895, ""P_abs"": 8.019591888787302e-08, ""outer_iters"": 10, ""greedy_peak"": 1.0, ""best_iter"": 1, ""best_mu"": 0.0}"
mfsb_penalty_k1.0,1000,0,ok,0.9922884031582169,0.9700059488105502,0.3521836437475011,0.9966424769913791,73,114,0.9566979094418843,0.9932815471313051,0.036583637689420856,0.01330803936866598,36.37702593067818,1.3051142692565918,0.00013971328735351562,260.19140625,239.56640625,4,"{""agents"": 64, ""steps"": 1000, ""dt"": 1.25, ""xi_scale"": 0.7, ""dtype"": ""float32"", ""penalty_k"": 1.0, ""outer_max"": 10, ""beta"": 8.0, ""delta_frac"": 0.003, ""bisect_first"": 8, ""bisect_later"": 4, ""max_calls"": 40, ""time_cap"": 300, ""torch_threads"": 4}","{""calls"": 10, ""inner_time"": 1.2907092571258545, ""total_time"": 1.3048782348632812, ""P_abs"": 1.4846230407614137e-05, ""outer_iters"": 10, ""greedy_peak"": 0.9932815471313051, ""best_iter"": 1, ""best_mu"": 0.0}"
mfsb_penalty_k1.0,1000,1,ok,0.9592227720459389,0.9464715397569414,0.6525070650246125,0.9824585223245222,94,127,0.9311431162576096,0.9943835564623179,0.06324044020470831,0.015328423499331834,24.23832511240271,2.1957828998565674,7.152557373046875e-05,258.671875,239.4453125,4,"{""agents"": 64, ""steps"": 1000, ""dt"": 1.25, ""xi_scale"": 0.7, ""dtype"": ""float32"", ""penalty_k"": 1.0, ""outer_max"": 10, ""beta"": 8.0, ""delta_frac"": 0.003, ""bisect_first"": 8, ""bisect_later"": 4, ""max_calls"": 40, ""time_cap"": 300, ""torch_threads"": 4}","{""calls"": 10, ""inner_time"": 2.179852247238159, ""total_time"": 2.1955392360687256, ""P_abs"": 1.240443752414255e-05, ""outer_iters"": 10, ""greedy_peak"": 0.9943835564623179, ""best_iter"": 6, ""best_mu"": 0.0}"
mfsb_penalty_k1.0,1000,2,ok,0.9786473757723795,0.9763878289043638,0.8775686107452427,0.9975270811858599,77,88,0.974057672173813,1.0,0.025942327826186995,0.002330156730550814,8.982064933273572,1.387850284576416,0.00010824203491210938,261.703125,239.17578125,4,"{""agents"": 64, ""steps"": 1000, ""dt"": 1.25, ""xi_scale"": 0.7, ""dtype"": ""float32"", ""penalty_k"": 1.0, ""outer_max"": 10, ""beta"": 8.0, ""delta_frac"": 0.003, ""bisect_first"": 8, ""bisect_later"": 4, ""max_calls"": 40, ""time_cap"": 300, ""torch_threads"": 4}","{""calls"": 10, ""inner_time"": 1.3788020610809326, ""total_time"": 1.387610673904419, ""P_abs"": 8.019591888787301e-07, ""outer_iters"": 10, ""greedy_peak"": 1.0, ""best_iter"": 8, ""best_mu"": 0.0}"
mfsb_penalty_k10.0,1000,0,ok,0.9994173872147015,0.976852459892677,0.27573028508256847,0.9994622856827361,87,135,0.9566979094418843,0.9932815471313051,0.036583637689420856,0.02015455045079273,55.0917069043163,1.2305102348327637,0.0001251697540283203,261.71484375,240.52734375,4,"{""agents"": 64, ""steps"": 1000, ""dt"": 1.25, ""xi_scale"": 0.7, ""dtype"": ""float32"", ""penalty_k"": 10.0, ""outer_max"": 10, ""beta"": 8.0, ""delta_frac"": 0.003, ""bisect_first"": 8, ""bisect_later"": 4, ""max_calls"": 40, ""time_cap"": 300, ""torch_threads"": 4}","{""calls"": 10, ""inner_time"": 1.2140531539916992, ""total_time"": 1.230255365371704, ""P_abs"": 0.00014846230407614136, ""outer_iters"": 10, ""greedy_peak"": 0.9932815471313051, ""best_iter"": 4, ""best_mu"": 0.0}"
mfsb_penalty_k10.0,1000,1,ok,0.9917452611329297,0.9535482972594316,0.3067621985015387,0.9978251284478792,103,166,0.9311431162576096,0.9943835564623179,0.06324044020470831,0.022405181001821983,35.42856585010598,2.1074635982513428,0.00013303756713867188,261.37890625,237.48828125,4,"{""agents"": 64, ""steps"": 1000, ""dt"": 1.25, ""xi_scale"": 0.7, ""dtype"": ""float32"", ""penalty_k"": 10.0, ""outer_max"": 10, ""beta"": 8.0, ""delta_frac"": 0.003, ""bisect_first"": 8, ""bisect_later"": 4, ""max_calls"": 40, ""time_cap"": 300, ""torch_threads"": 4}","{""calls"": 10, ""inner_time"": 2.0851285457611084, ""total_time"": 2.106872320175171, ""P_abs"": 0.00012404437524142552, ""outer_iters"": 10, ""greedy_peak"": 0.9943835564623179, ""best_iter"": 7, ""best_mu"": 0.0}"
mfsb_penalty_k10.0,1000,2,ok,0.9991917053717317,0.9818123100509958,0.37231402718294765,0.997369678757175,102,138,0.974057672173813,1.0,0.025942327826186995,0.0077546378771827795,29.891835185873358,1.8407776355743408,0.000118255615234375,258.2109375,237.7734375,4,"{""agents"": 64, ""steps"": 1000, ""dt"": 1.25, ""xi_scale"": 0.7, ""dtype"": ""float32"", ""penalty_k"": 10.0, ""outer_max"": 10, ""beta"": 8.0, ""delta_frac"": 0.003, ""bisect_first"": 8, ""bisect_later"": 4, ""max_calls"": 40, ""time_cap"": 300, ""torch_threads"": 4}","{""calls"": 10, ""inner_time"": 1.8265368938446045, ""total_time"": 1.840486764907837, ""P_abs"": 8.019591888787302e-06, ""outer_iters"": 10, ""greedy_peak"": 1.0, ""best_iter"": 6, ""best_mu"": 0.0}"
milp,1000,0,ok,0.9586073826978225,0.9586073826978225,0.9996692086523853,0.9996692086523853,37,37,0.9566979094418843,0.9932815471313051,0.036583637689420856,0.0019094732559382654,5.219473449165612,0.6877999305725098,0.0004794597625732422,250.23828125,239.55078125,1,"{""time_limit"": 60, ""threads"": 1}","{""status"": ""Optimal"", ""mip_obj"": 0.9586073826978225, ""mip_bound"": 0.9585121389437703, ""mip_gap"": 9.935637443578445e-05, ""milp_time"": 0.6877522468566895, ""nodes"": 219, ""n_drop"": 0, ""n_add"": 0}"
milp,1000,1,ok,0.932287443352501,0.932287443352501,0.9998442529396461,0.9998442529396461,62,62,0.9311431162576096,0.9943835564623179,0.06324044020470831,0.0011443270948914286,1.8094862894490609,3.7172248363494873,0.0003407001495361328,266.38671875,239.7421875,1,"{""time_limit"": 60, ""threads"": 1}","{""status"": ""Optimal"", ""mip_obj"": 0.9322874433525021, ""mip_bound"": 0.9321942224873234, ""mip_gap"": 9.999154857593012e-05, ""milp_time"": 3.7171788215637207, ""nodes"": 2129, ""n_drop"": 0, ""n_add"": 0}"
milp,1000,2,ok,0.9745489483770778,0.9745489483770778,0.9970561108516216,0.9970561108516216,44,44,0.974057672173813,1.0,0.025942327826186995,0.0004912762032648343,1.8937244435286367,0.35652685165405273,0.0005476474761962891,247.9765625,239.1640625,1,"{""time_limit"": 60, ""threads"": 1}","{""status"": ""Optimal"", ""mip_obj"": 0.9745489483771033, ""mip_bound"": 0.9744515546193883, ""mip_gap"": 9.993726623705344e-05, ""milp_time"": 0.3564741611480713, ""nodes"": 129, ""n_drop"": 0, ""n_add"": 0}"
mq_bsb,1000,0,ok,0.9662005694837119,0.9631467482837144,1.009577060164992,0.9982455695024852,45,52,0.9566979094418843,0.9932815471313051,0.036583637689420856,0.006448838841830118,17.627658836384587,12.586588144302368,0.0001575946807861328,303.01171875,239.5703125,1,"{""batch"": 32, ""n_iter"": 1000, ""outer_max"": 10, ""beta"": 8.0, ""delta_frac"": 0.003, ""bisect_first"": 8, ""bisect_later"": 4, ""max_calls"": 40, ""time_cap"": 300, ""torch_threads"": 1}","{""calls"": 32, ""inner_time"": 12.079033613204956, ""total_time"": 12.153682470321655, ""P_abs"": null, ""outer_iters"": 10, ""greedy_peak"": 0.9932815471313051, ""best_iter"": 7, ""best_mu"": 1.167049782323555e-05}"
mq_bsb,1000,1,ok,0.9457406093446333,0.9407785816533273,0.8641299655220831,0.9877765636451115,64,86,0.9311431162576096,0.9943835564623179,0.06324044020470831,0.00963546539571769,15.236240235722333,13.02058720588684,0.00014543533325195312,302.94140625,239.8515625,1,"{""batch"": 32, ""n_iter"": 1000, ""outer_max"": 10, ""beta"": 8.0, ""delta_frac"": 0.003, ""bisect_first"": 8, ""bisect_later"": 4, ""max_calls"": 40, ""time_cap"": 300, ""torch_threads"": 1}","{""calls"": 33, ""inner_time"": 12.43374752998352, ""total_time"": 12.559953927993774, ""P_abs"": null, ""outer_iters"": 10, ""greedy_peak"": 0.9943835564623179, ""best_iter"": 5, ""best_mu"": 1.8493392096859057e-05}"
mq_bsb,1000,2,ok,0.9786826533977478,0.9757645060261618,0.8714803095674405,0.9974951518011634,37,54,0.974057672173813,1.0,0.025942327826186995,0.0017068338523488213,6.57933961741818,11.826267719268799,8.535385131835938e-05,301.859375,238.8046875,1,"{""batch"": 32, ""n_iter"": 1000, ""outer_max"": 10, ""beta"": 8.0, ""delta_frac"": 0.003, ""bisect_first"": 8, ""bisect_later"": 4, ""max_calls"": 40, ""time_cap"": 300, ""torch_threads"": 1}","{""calls"": 40, ""inner_time"": 11.335422992706299, ""total_time"": 11.409600257873535, ""P_abs"": null, ""outer_iters"": 9, ""greedy_peak"": 1.0, ""best_iter"": 7, ""best_mu"": 4.8716838718863835e-06}"
mq_bsb_mf,1000,0,ok,0.9662005694837119,0.9631467482837144,1.009577060164992,0.9982455695024852,45,52,0.9566979094418843,0.9932815471313051,0.036583637689420856,0.006448838841830118,17.627658836384587,6.479196310043335,0.00018858909606933594,300.77734375,238.1484375,1,"{""batch"": 32, ""n_iter"": 1000, ""outer_max"": 10, ""beta"": 8.0, ""delta_frac"": 0.003, ""bisect_first"": 8, ""bisect_later"": 4, ""max_calls"": 40, ""time_cap"": 300, ""torch_threads"": 1}","{""calls"": 32, ""inner_time"": 5.9102113246917725, ""total_time"": 5.936640024185181, ""P_abs"": null, ""outer_iters"": 10, ""greedy_peak"": 0.9932815471313051, ""best_iter"": 7, ""best_mu"": 1.167049782323555e-05}"
mq_bsb_mf,1000,1,ok,0.9457406093446333,0.9407785816533273,0.8641299655220831,0.9877765636451115,64,86,0.9311431162576096,0.9943835564623179,0.06324044020470831,0.00963546539571769,15.236240235722333,7.8368706703186035,0.00011277198791503906,302.3203125,239.6328125,1,"{""batch"": 32, ""n_iter"": 1000, ""outer_max"": 10, ""beta"": 8.0, ""delta_frac"": 0.003, ""bisect_first"": 8, ""bisect_later"": 4, ""max_calls"": 40, ""time_cap"": 300, ""torch_threads"": 1}","{""calls"": 33, ""inner_time"": 7.445262670516968, ""total_time"": 7.482775688171387, ""P_abs"": null, ""outer_iters"": 10, ""greedy_peak"": 0.9943835564623179, ""best_iter"": 5, ""best_mu"": 1.8493392096859057e-05}"
mq_bsb_mf,1000,2,ok,0.9786826533977478,0.9757645060261618,0.8714803095674405,0.9974951518011634,37,54,0.974057672173813,1.0,0.025942327826186995,0.0017068338523488213,6.57933961741818,7.304356098175049,7.557868957519531e-05,301.46875,239.12890625,1,"{""batch"": 32, ""n_iter"": 1000, ""outer_max"": 10, ""beta"": 8.0, ""delta_frac"": 0.003, ""bisect_first"": 8, ""bisect_later"": 4, ""max_calls"": 40, ""time_cap"": 300, ""torch_threads"": 1}","{""calls"": 40, ""inner_time"": 6.876667261123657, ""total_time"": 6.908924579620361, ""P_abs"": null, ""outer_iters"": 9, ""greedy_peak"": 1.0, ""best_iter"": 7, ""best_mu"": 4.8716838718863835e-06}"
mq_cac,1000,0,ok,0.9757661149646162,0.9645230821769267,0.6544107675750886,0.9941723405027182,32,64,0.9566979094418843,0.9932815471313051,0.036583637689420856,0.007825172735042463,21.3898158555876,110.72621083259583,0.00012230873107910156,304.84765625,240.23828125,1,"{""batch"": 32, ""n_iter"": 1000, ""outer_max"": 10, ""beta"": 8.0, ""delta_frac"": 0.003, ""bisect_first"": 8, ""bisect_later"": 4, ""max_calls"": 40, ""time_cap"": 300, ""torch_threads"": 1}","{""calls"": 40, ""inner_time"": 110.14105987548828, ""total_time"": 110.27561211585999, ""P_abs"": null, ""outer_iters"": 9, ""greedy_peak"": 0.9932815471313051, ""best_iter"": 6, ""best_mu"": 3.647030569761109e-05}"
mq_cac,1000,1,ok,0.9965233337608165,0.9472032274902623,0.060454421990224876,0.9796176565854803,4,98,0.9311431162576096,0.9943835564623179,0.06324044020470831,0.01606011123265272,25.39531853457438,106.99575018882751,8.893013000488281e-05,305.70703125,240.015625,1,"{""batch"": 32, ""n_iter"": 1000, ""outer_max"": 10, ""beta"": 8.0, ""delta_frac"": 0.003, ""bisect_first"": 8, ""bisect_later"": 4, ""max_calls"": 40, ""time_cap"": 300, ""torch_threads"": 1}","{""calls"": 40, ""inner_time"": 106.28835964202881, ""total_time"": 106.55444669723511, ""P_abs"": null, ""outer_iters"": 9, ""greedy_peak"": 0.9943835564623179, ""best_iter"": 0, ""best_mu"": 4.623348024214764e-06}"
mq_cac,1000,2,ok,1.0,0.9792823210335987,0.0,0.9713124707534141,0,64,0.974057672173813,1.0,0.025942327826186995,0.0052246488597856855,20.139475897424138,113.68211460113525,0.0001342296600341797,305.375,240.4140625,1,"{""batch"": 32, ""n_iter"": 1000, ""outer_max"": 10, ""beta"": 8.0, ""delta_frac"": 0.003, ""bisect_first"": 8, ""bisect_later"": 4, ""max_calls"": 40, ""time_cap"": 300, ""torch_threads"": 1}","{""calls"": 40, ""inner_time"": 113.07767510414124, ""total_time"": 113.23159170150757, ""P_abs"": null, ""outer_iters"": 9, ""greedy_peak"": 1.0, ""best_iter"": 1, ""best_mu"": 2.5603634400741226e-07}"
mq_cac_mf,1000,0,ok,0.9757661149646162,0.9645230821769267,0.6544107675750886,0.9941723405027182,32,64,0.9566979094418843,0.9932815471313051,0.036583637689420856,0.007825172735042463,21.3898158555876,95.19913601875305,8.678436279296875e-05,302.7421875,239.3671875,1,"{""batch"": 32, ""n_iter"": 1000, ""outer_max"": 10, ""beta"": 8.0, ""delta_frac"": 0.003, ""bisect_first"": 8, ""bisect_later"": 4, ""max_calls"": 40, ""time_cap"": 300, ""torch_threads"": 1}","{""calls"": 40, ""inner_time"": 94.7579894065857, ""total_time"": 94.79532241821289, ""P_abs"": null, ""outer_iters"": 9, ""greedy_peak"": 0.9932815471313051, ""best_iter"": 6, ""best_mu"": 3.647030569761109e-05}"
mq_cac_mf,1000,1,ok,0.9866861174017075,0.9413821110844295,0.3501737821547442,0.9844793872118046,24,95,0.9311431162576096,0.9943835564623179,0.06324044020470831,0.010238994826819892,16.190581206703218,92.50883865356445,7.534027099609375e-05,304.30078125,239.42578125,1,"{""batch"": 32, ""n_iter"": 1000, ""outer_max"": 10, ""beta"": 8.0, ""delta_frac"": 0.003, ""bisect_first"": 8, ""bisect_later"": 4, ""max_calls"": 40, ""time_cap"": 300, ""torch_threads"": 1}","{""calls"": 40, ""inner_time"": 92.03206825256348, ""total_time"": 92.10288977622986, ""P_abs"": null, ""outer_iters"": 9, ""greedy_peak"": 0.9943835564623179, ""best_iter"": 8, ""best_mu"": 8.796989384847951e-05}"
mq_cac_mf,1000,2,ok,1.0,0.9792823210335987,0.0,0.9713124707534141,0,64,0.974057672173813,1.0,0.025942327826186995,0.0052246488597856855,20.139475897424138,94.55258965492249,8.344650268554688e-05,302.55078125,239.36328125,1,"{""batch"": 32, ""n_iter"": 1000, ""outer_max"": 10, ""beta"": 8.0, ""delta_frac"": 0.003, ""bisect_first"": 8, ""bisect_later"": 4, ""max_calls"": 40, ""time_cap"": 300, ""torch_threads"": 1}","{""calls"": 40, ""inner_time"": 94.1073055267334, ""total_time"": 94.148766040802, ""P_abs"": null, ""outer_iters"": 9, ""greedy_peak"": 1.0, ""best_iter"": 1, ""best_mu"": 2.5603634400741226e-07}"
mq_dsb,1000,0,ok,0.9645654300550405,0.9610535626710356,0.9080788424291022,0.9931692508232686,52,61,0.9566979094418843,0.9932815471313051,0.036583637689420856,0.004355653229151324,11.906014558007932,12.660170316696167,9.489059448242188e-05,303.140625,240.12109375,1,"{""batch"": 32, ""n_iter"": 1000, ""outer_max"": 10, ""beta"": 8.0, ""delta_frac"": 0.003, ""bisect_first"": 8, ""bisect_later"": 4, ""max_calls"": 40, ""time_cap"": 300, ""torch_threads"": 1}","{""calls"": 30, ""inner_time"": 12.16028904914856, ""total_time"": 12.239567518234253, ""P_abs"": null, ""outer_iters"": 10, ""greedy_peak"": 0.9932815471313051, ""best_iter"": 4, ""best_mu"": 1.2267099729731316e-05}"
mq_dsb,1000,1,ok,0.9457737408156545,0.9385437068412315,0.8061625221088932,0.9947772499750931,57,77,0.9311431162576096,0.9943835564623179,0.06324044020470831,0.007400590583621858,11.70230719404587,14.151008367538452,9.107589721679688e-05,302.1640625,238.3203125,1,"{""batch"": 32, ""n_iter"": 1000, ""outer_max"": 10, ""beta"": 8.0, ""delta_frac"": 0.003, ""bisect_first"": 8, ""bisect_later"": 4, ""max_calls"": 40, ""time_cap"": 300, ""torch_threads"": 1}","{""calls"": 40, ""inner_time"": 13.579111814498901, ""total_time"": 13.703129291534424, ""P_abs"": null, ""outer_iters"": 10, ""greedy_peak"": 0.9943835564623179, ""best_iter"": 8, ""best_mu"": 6.220410848052062e-05}"
mq_dsb,1000,2,ok,0.9776982443138565,0.9771654040996793,0.9746165016409086,0.999648154521431,43,47,0.974057672173813,1.0,0.025942327826186995,0.0031077319258663305,11.979387303591503,14.484538793563843,9.942054748535156e-05,303.3359375,240.078125,1,"{""batch"": 32, ""n_iter"": 1000, ""outer_max"": 10, ""beta"": 8.0, ""delta_frac"": 0.003, ""bisect_first"": 8, ""bisect_later"": 4, ""max_calls"": 40, ""time_cap"": 300, ""torch_threads"": 1}","{""calls"": 40, ""inner_time"": 13.952171087265015, ""total_time"": 14.029980659484863, ""P_abs"": null, ""outer_iters"": 9, ""greedy_peak"": 1.0, ""best_iter"": 8, ""best_mu"": 3.2320946678632233e-06}"
mq_dsb_mf,1000,0,ok,0.9645654300550405,0.9610535626710356,0.9080788424291022,0.9931692508232686,52,61,0.9566979094418843,0.9932815471313051,0.036583637689420856,0.004355653229151324,11.906014558007932,6.718005418777466,0.00011754035949707031,303.43359375,240.33984375,1,"{""batch"": 32, ""n_iter"": 1000, ""outer_max"": 10, ""beta"": 8.0, ""delta_frac"": 0.003, ""bisect_first"": 8, ""bisect_later"": 4, ""max_calls"": 40, ""time_cap"": 300, ""torch_threads"": 1}","{""calls"": 30, ""inner_time"": 6.375380516052246, ""total_time"": 6.403870344161987, ""P_abs"": null, ""outer_iters"": 10, ""greedy_peak"": 0.9932815471313051, ""best_iter"": 4, ""best_mu"": 1.2267099729731316e-05}"
mq_dsb_mf,1000,1,ok,0.9457737408156545,0.9385437068412315,0.8061625221088932,0.9947772499750931,57,77,0.9311431162576096,0.9943835564623179,0.06324044020470831,0.007400590583621858,11.70230719404587,8.333507776260376,8.034706115722656e-05,301.5,238.7734375,1,"{""batch"": 32, ""n_iter"": 1000, ""outer_max"": 10, ""beta"": 8.0, ""delta_frac"": 0.003, ""bisect_first"": 8, ""bisect_later"": 4, ""max_calls"": 40, ""time_cap"": 300, ""torch_threads"": 1}","{""calls"": 40, ""inner_time"": 7.957798957824707, ""total_time"": 7.993779897689819, ""P_abs"": null, ""outer_iters"": 10, ""greedy_peak"": 0.9943835564623179, ""best_iter"": 8, ""best_mu"": 6.220410848052062e-05}"
mq_dsb_mf,1000,2,ok,0.9776982443138565,0.9771654040996793,0.9746165016409086,0.999648154521431,43,47,0.974057672173813,1.0,0.025942327826186995,0.0031077319258663305,11.979387303591503,8.646766662597656,7.843971252441406e-05,302.9921875,240.08203125,1,"{""batch"": 32, ""n_iter"": 1000, ""outer_max"": 10, ""beta"": 8.0, ""delta_frac"": 0.003, ""bisect_first"": 8, ""bisect_later"": 4, ""max_calls"": 40, ""time_cap"": 300, ""torch_threads"": 1}","{""calls"": 40, ""inner_time"": 8.10549807548523, ""total_time"": 8.138495683670044, ""P_abs"": null, ""outer_iters"": 9, ""greedy_peak"": 1.0, ""best_iter"": 8, ""best_mu"": 3.2320946678632233e-06}"
openjij_sa,1000,0,ok,0.96914828049507,0.9637776039593723,0.8565277126784981,0.9873037414311693,31,43,0.9566979094418843,0.9932815471313051,0.036583637689420856,0.007079694517488022,19.352079138743786,18.60647940635681,8.511543273925781e-05,285.796875,239.7421875,1,"{""num_reads"": 16, ""num_sweeps"": 1000, ""outer_max"": 10, ""beta"": 8.0, ""delta_frac"": 0.003, ""bisect_first"": 8, ""bisect_later"": 4, ""max_calls"": 40, ""time_cap"": 300, ""torch_threads"": 1}","{""calls"": 40, ""inner_time"": 18.43377947807312, ""total_time"": 18.521589994430542, ""P_abs"": null, ""outer_iters"": 10, ""greedy_peak"": 0.9932815471313051, ""best_iter"": 9, ""best_mu"": 3.925471913514021e-05}"
openjij_sa,1000,1,ok,0.9480385640147713,0.9401252032434161,0.7500358052687139,0.9955548789818426,53,81,0.9311431162576096,0.9943835564623179,0.06324044020470831,0.008982086985806492,14.203074736247277,19.32813596725464,8.153915405273438e-05,287.5546875,240.90625,1,"{""num_reads"": 16, ""num_sweeps"": 1000, ""outer_max"": 10, ""beta"": 8.0, ""delta_frac"": 0.003, ""bisect_first"": 8, ""bisect_later"": 4, ""max_calls"": 40, ""time_cap"": 300, ""torch_threads"": 1}","{""calls"": 40, ""inner_time"": 19.14036536216736, ""total_time"": 19.22779631614685, ""P_abs"": null, ""outer_iters"": 10, ""greedy_peak"": 0.9943835564623179, ""best_iter"": 7, ""best_mu"": 8.796989384847951e-05}"
openjij_sa,1000,2,ok,0.976614672062783,0.9756367410493512,1.0559879177485887,0.9996239963802108,40,52,0.974057672173813,1.0,0.025942327826186995,0.0015790688755381588,6.086843424837911,18.295671701431274,7.700920104980469e-05,284.99609375,239.859375,1,"{""num_reads"": 16, ""num_sweeps"": 1000, ""outer_max"": 10, ""beta"": 8.0, ""delta_frac"": 0.003, ""bisect_first"": 8, ""bisect_later"": 4, ""max_calls"": 40, ""time_cap"": 300, ""torch_threads"": 1}","{""calls"": 38, ""inner_time"": 18.131989002227783, ""total_time"": 18.212116718292236, ""P_abs"": null, ""outer_iters"": 10, ""greedy_peak"": 1.0, ""best_iter"": 5, ""best_mu"": 9.743367743772767e-06}"
repair_only,1000,0,ok,1.0,0.97318514970165,0.0,0.9965596052662455,0,69,0.9566979094418843,0.9932815471313051,0.036583637689420856,0.01648724025976578,45.06725219546308,4.0531158447265625e-06,0.002232789993286133,244.265625,240.515625,1,{},"{""n_drop"": 0, ""n_add"": 69}"
repair_only,1000,1,ok,1.0,0.9490283299270823,0.0,0.983274672310704,0,98,0.9311431162576096,0.9943835564623179,0.06324044020470831,0.01788521366947271,28.281292178831382,2.6226043701171875e-06,0.002664804458618164,244.03515625,239.91015625,1,{},"{""n_drop"": 0, ""n_add"": 98}"
repair_only,1000,2,ok,1.0,0.9792823210335987,0.0,0.9713124707534141,0,64,0.974057672173813,1.0,0.025942327826186995,0.0052246488597856855,20.139475897424138,3.0994415283203125e-06,0.0021102428436279297,244.21484375,240.27734375,1,{},"{""n_drop"": 0, ""n_add"": 64}"
sb_ballistic,1000,0,ok,0.9983787972371275,0.9787448302882858,0.45641559331628834,0.9994774251566885,105,141,0.9566979094418843,0.9932815471313051,0.036583637689420856,0.022046920846401585,60.26443032694107,33.47512102127075,0.0001354217529296875,329.9765625,239.609375,4,"{""agents"": 64, ""steps"": 1000, ""dtype"": ""float32"", ""outer_max"": 10, ""beta"": 8.0, ""delta_frac"": 0.003, ""bisect_first"": 8, ""bisect_later"": 4, ""max_calls"": 40, ""time_cap"": 300, ""torch_threads"": 4}","{""calls"": 34, ""inner_time"": 33.08669090270996, ""total_time"": 33.15669870376587, ""P_abs"": null, ""outer_iters"": 10, ""greedy_peak"": 0.9932815471313051, ""best_iter"": 9, ""best_mu"": 0.00013715034441224257}"
sb_ballistic,1000,1,ok,0.9987337694257337,0.9677596499502046,0.5629867898029134,0.9981110133785963,108,167,0.9311431162576096,0.9943835564623179,0.06324044020470831,0.03661653369259499,57.900504130059566,34.34144306182861,0.00011849403381347656,335.11328125,240.8359375,4,"{""agents"": 64, ""steps"": 1000, ""dtype"": ""float32"", ""outer_max"": 10, ""beta"": 8.0, ""delta_frac"": 0.003, ""bisect_first"": 8, ""bisect_later"": 4, ""max_calls"": 40, ""time_cap"": 300, ""torch_threads"": 4}","{""calls"": 40, ""inner_time"": 34.00173997879028, ""total_time"": 34.057780504226685, ""P_abs"": null, ""outer_iters"": 10, ""greedy_peak"": 0.9943835564623179, ""best_iter"": 0, ""best_mu"": 0.00014620310172157964}"
sb_ballistic,1000,2,ok,0.9971511894076871,0.9862462643469164,0.5988719651780186,0.9919152869268753,117,140,0.974057672173813,1.0,0.025942327826186995,0.012188592173103419,46.983417427945206,39.659252643585205,8.845329284667969e-05,333.0,240.2109375,4,"{""agents"": 64, ""steps"": 1000, ""dtype"": ""float32"", ""outer_max"": 10, ""beta"": 8.0, ""delta_frac"": 0.003, ""bisect_first"": 8, ""bisect_later"": 4, ""max_calls"": 40, ""time_cap"": 300, ""torch_threads"": 4}","{""calls"": 40, ""inner_time"": 39.29007816314697, ""total_time"": 39.33759784698486, ""P_abs"": null, ""outer_iters"": 10, ""greedy_peak"": 1.0, ""best_iter"": 1, ""best_mu"": 3.840003434996222e-05}"
sb_discrete,1000,0,ok,0.993077200742751,0.9826900756696614,0.7410356847989439,0.9952979405121928,143,160,0.9566979094418843,0.9932815471313051,0.036583637689420856,0.025992166227777114,71.04861044284137,34.68775987625122,9.846687316894531e-05,333.70703125,240.42578125,4,"{""agents"": 64, ""steps"": 1000, ""dtype"": ""float32"", ""outer_max"": 10, ""beta"": 8.0, ""delta_frac"": 0.003, ""bisect_first"": 8, ""bisect_later"": 4, ""max_calls"": 40, ""time_cap"": 300, ""torch_threads"": 4}","{""calls"": 35, ""inner_time"": 34.321133613586426, ""total_time"": 34.35981273651123, ""P_abs"": null, ""outer_iters"": 10, ""greedy_peak"": 0.9932815471313051, ""best_iter"": 9, ""best_mu"": 0.00027430068882448514}"
sb_discrete,1000,1,ok,0.9879822026529957,0.9655831346311404,0.7004810114050891,0.9975541633181177,148,184,0.9311431162576096,0.9943835564623179,0.06324044020470831,0.034440018373530834,54.45885300932289,36.99606728553772,9.059906005859375e-05,337.9296875,240.578125,4,"{""agents"": 64, ""steps"": 1000, ""dtype"": ""float32"", ""outer_max"": 10, ""beta"": 8.0, ""delta_frac"": 0.003, ""bisect_first"": 8, ""bisect_later"": 4, ""max_calls"": 40, ""time_cap"": 300, ""torch_threads"": 4}","{""calls"": 40, ""inner_time"": 36.79099702835083, ""total_time"": 36.831260681152344, ""P_abs"": null, ""outer_iters"": 10, ""greedy_peak"": 0.9943835564623179, ""best_iter"": 1, ""best_mu"": 0.0005199799309506225}"
sb_discrete,1000,2,ok,0.9937546579123385,0.98891871596247,0.8318142632861781,0.9852512662343748,141,157,0.974057672173813,1.0,0.025942327826186995,0.014861043788657047,57.28492789168999,36.18401503562927,0.0001277923583984375,334.265625,239.68359375,4,"{""agents"": 64, ""steps"": 1000, ""dtype"": ""float32"", ""outer_max"": 10, ""beta"": 8.0, ""delta_frac"": 0.003, ""bisect_first"": 8, ""bisect_later"": 4, ""max_calls"": 40, ""time_cap"": 300, ""torch_threads"": 4}","{""calls"": 40, ""inner_time"": 35.89601135253906, ""total_time"": 35.93176293373108, ""P_abs"": null, ""outer_iters"": 10, ""greedy_peak"": 1.0, ""best_iter"": 6, ""best_mu"": 8.307667562711016e-05}"
cim_extahc,10000,0,ok,1.0,0.9192941473993445,3.458649735343058e-05,0.9981911834085131,1,1116,0.8691753822984675,0.9669772562116039,0.09780187391313644,0.05011876510087698,51.2451991925946,1095.6319522857666,0.00030612945556640625,3680.81640625,243.23828125,2,"{""num_runs"": 4, ""timesteps"": 1000, ""outer_max"": 10, ""beta"": 8.0, ""delta_frac"": 0.003, ""bisect_first"": 8, ""bisect_later"": 4, ""max_calls"": 40, ""time_cap"": 900, ""torch_threads"": 2}","{""calls"": 1, ""inner_time"": 1093.4137752056122, ""total_time"": 1093.9617595672607, ""P_abs"": null, ""outer_iters"": 1, ""greedy_peak"": 0.9669772562116039, ""best_iter"": 0, ""best_mu"": 9.537858026118038e-06}"
dwave_sa,10000,0,ok,0.9661642719656744,0.9168975354655794,0.10650863474818567,0.9984479432443788,110,1128,0.8691753822984675,0.9669772562116039,0.09780187391313644,0.047722153167111925,48.794722695698816,918.2087776660919,0.00035071372985839844,644.51953125,242.92578125,1,"{""num_reads"": 16, ""num_sweeps"": 1000, ""outer_max"": 10, ""beta"": 8.0, ""delta_frac"": 0.003, ""bisect_first"": 8, ""bisect_later"": 4, ""max_calls"": 40, ""time_cap"": 900, ""torch_threads"": 1}","{""calls"": 8, ""inner_time"": 912.8798997402191, ""total_time"": 917.730551481247, ""P_abs"": null, ""outer_iters"": 1, ""greedy_peak"": 0.9669772562116039, ""best_iter"": 0, ""best_mu"": 9.537858026118038e-06}"
dwave_sa,10000,1,ok,0.9111089208361166,0.9053351073863871,0.8389938467682726,0.9993992128724627,620,990,0.8662308257510984,0.9860961840383123,0.1198653582872139,0.039104281635288674,32.62350540144337,983.4580006599426,0.0005033016204833984,640.98046875,242.94140625,1,"{""num_reads"": 16, ""num_sweeps"": 1000, ""outer_max"": 10, ""beta"": 8.0, ""delta_frac"": 0.003, ""bisect_first"": 8, ""bisect_later"": 4, ""max_calls"": 40, ""time_cap"": 900, ""torch_threads"": 1}","{""calls"": 9, ""inner_time"": 976.8710639476776, ""total_time"": 983.1185247898102, ""P_abs"": null, ""outer_iters"": 2, ""greedy_peak"": 0.9860961840383123, ""best_iter"": 1, ""best_mu"": 6.770340305753124e-07}"
dwave_sa,10000,2,ok,0.9177322025188368,0.8990274838244948,0.5023948132037495,0.9994692015621183,357,1187,0.87369806411413,0.9773072443092164,0.10360918019508647,0.025329419710364842,24.447080521891877,938.813524723053,0.00026106834411621094,641.734375,243.01171875,1,"{""num_reads"": 16, ""num_sweeps"": 1000, ""outer_max"": 10, ""beta"": 8.0, ""delta_frac"": 0.003, ""bisect_first"": 8, ""bisect_later"": 4, ""max_calls"": 40, ""time_cap"": 900, ""torch_threads"": 1}","{""calls"": 9, ""inner_time"": 932.4256386756897, ""total_time"": 938.432131767273, ""P_abs"": null, ""outer_iters"": 2, ""greedy_peak"": 0.9773072443092164, ""best_iter"": 1, ""best_mu"": 1.4089162632680796e-05}"
dwave_tabu,10000,0,ok,0.8995992590397154,0.8922142306496782,0.8021459473835452,0.9994461250756427,466,952,0.8691753822984675,0.9669772562116039,0.09780187391313644,0.023038848351210728,23.556653292423494,941.8906388282776,0.00037169456481933594,5246.078125,242.88671875,1,"{""num_reads"": 4, ""timeout_ms"": 2000, ""outer_max"": 10, ""beta"": 8.0, ""delta_frac"": 0.003, ""bisect_first"": 8, ""bisect_later"": 4, ""max_calls"": 40, ""time_cap"": 900, ""torch_threads"": 1}","{""calls"": 17, ""inner_time"": 917.8505654335022, ""total_time"": 941.6263580322266, ""P_abs"": null, ""outer_iters"": 4, ""greedy_peak"": 0.9669772562116039, ""best_iter"": 3, ""best_mu"": 1.3488568176525208e-05}"
greedy,10000,0,ok,0.9669772562116039,0.9669772562116039,1.0,1.0,600,600,0.8691753822984675,0.9669772562116039,0.09780187391313644,0.09780187391313644,100.0,0.0009515285491943359,0.0005962848663330078,250.2734375,242.5859375,1,{},"{""n_drop"": 0, ""n_add"": 0}"
greedy,10000,1,ok,0.9860961840383123,0.9860961840383123,1.0000000000000002,1.0000000000000002,600,600,0.8662308257510984,0.9860961840383123,0.1198653582872139,0.1198653582872139,100.0,0.0010447502136230469,0.0006237030029296875,251.0234375,242.9609375,1,{},"{""n_drop"": 0, ""n_add"": 0}"
greedy,10000,2,ok,0.9773072443092164,0.9773072443092164,1.0,1.0,600,600,0.87369806411413,0.9773072443092164,0.10360918019508647,0.10360918019508647,100.0,0.0007987022399902344,0.0004773139953613281,250.8125,242.75,1,{},"{""n_drop"": 0, ""n_add"": 0}"
lp,10000,0,ok,0.8924416400761835,0.8759666846908278,0.910331419337887,0.9999481833679468,484,666,0.8691753822984675,0.9669772562116039,0.09780187391313644,0.0067913023923603655,6.943938925334005,0.03225874900817871,0.010876178741455078,251.28515625,242.8828125,1,{},"{""n_frac"": 22, ""lp_status"": ""Optimal"", ""lp_time"": 0.03206324577331543, ""n_drop"": 0, ""n_add"": 182}"
lp,10000,1,ok,0.9046522246036115,0.8745138544183191,0.9062995693093528,0.9999709021196703,465,645,0.8662308257510984,0.9860961840383123,0.1198653582872139,0.008283028667220638,6.910277319134492,0.024243593215942383,0.009502172470092773,249.46875,241.453125,1,{},"{""n_frac"": 21, ""lp_status"": ""Optimal"", ""lp_time"": 0.02410101890563965, ""n_drop"": 0, ""n_add"": 180}"
lp,10000,2,ok,0.8906523985258902,0.878935921360163,0.9108442733908614,0.9998443489577307,487,696,0.87369806411413,0.9773072443092164,0.10360918019508647,0.005237857246032984,5.055398793978087,0.01670694351196289,0.008058547973632812,251.68359375,243.33984375,1,{},"{""n_frac"": 20, ""lp_status"": ""Optimal"", ""lp_time"": 0.016597986221313477, ""n_drop"": 0, ""n_add"": 209}"
ls_greedy,10000,0,ok,0.8840654929751193,0.884058117950895,0.9999160620673736,0.9999925323419254,196,198,0.8691753822984675,0.9669772562116039,0.09780187391313644,0.014882735652427481,15.217229544748507,12.777518510818481,0.0023238658905029297,358.44921875,242.4296875,1,"{""n_moves"": 3000000, ""g"": 2068.3009731123802, ""T0"": 0.001933954512423208, ""T1"": 9.66977256211604e-07, ""moves"": ""70% swap(top-3 window add, random drop)/15% add/15% drop, hard budget""}","{""ls_time"": 12.489120244979858, ""n_drop"": 0, ""n_add"": 2}"
ls_greedy,10000,1,ok,0.8735324134204232,0.8735324134204232,0.9999938410929005,0.9999938410929005,274,274,0.8662308257510984,0.9860961840383123,0.1198653582872139,0.0073015876693247606,6.091491131098238,9.375354528427124,0.005757570266723633,358.4453125,242.58984375,1,"{""n_moves"": 3000000, ""g"": 2028.199715578957, ""T0"": 0.0019721923680766245, ""T1"": 9.860961840383123e-07, ""moves"": ""70% swap(top-3 window add, random drop)/15% add/15% drop, hard budget""}","{""ls_time"": 9.123778343200684, ""n_drop"": 0, ""n_add"": 0}"
ls_greedy,10000,2,ok,0.8848191630366261,0.8848191630366261,0.9999730550609965,0.9999730550609965,226,226,0.87369806411413,0.9773072443092164,0.10360918019508647,0.011121098922496131,10.733700335777327,12.853105545043945,0.0049779415130615234,357.9609375,242.33984375,1,"{""n_moves"": 3000000, ""g"": 2046.4393481638895, ""T0"": 0.001954614488618433, ""T1"": 9.773072443092163e-07, ""moves"": ""70% swap(top-3 window add, random drop)/15% add/15% drop, hard budget""}","{""ls_time"": 12.418067693710327, ""n_drop"": 0, ""n_add"": 0}"
ls_lp,10000,0,ok,0.8859517997497774,0.8830884033010666,0.9857005902851286,0.9998183719618499,478,524,0.8691753822984675,0.9669772562116039,0.09780187391313644,0.013913021002599169,14.225720270918465,15.774363279342651,0.3696727752685547,360.2578125,242.90234375,1,"{""n_moves"": 3000000, ""g"": 2241.0428987034597, ""T0"": 0.0017848832801523671, ""T1"": 8.924416400761835e-07, ""moves"": ""70% swap(top-3 window add, random drop)/15% add/15% drop, hard budget""}","{""ls_time"": 15.517550230026245, ""n_drop"": 0, ""n_add"": 46}"
ls_lp,10000,1,ok,0.8827684059361974,0.8827684059361974,0.9999816007641686,0.9999816007641686,206,206,0.8662308257510984,0.9860961840383123,0.1198653582872139,0.016537580185098988,13.79679702410155,9.75894045829773,0.0018012523651123047,358.01953125,242.33203125,1,"{""n_moves"": 3000000, ""g"": 2210.794320299531, ""T0"": 0.001809304449207223, ""T1"": 9.046522246036115e-07, ""moves"": ""70% swap(top-3 window add, random drop)/15% add/15% drop, hard budget""}","{""ls_time"": 9.371510744094849, ""n_drop"": 0, ""n_add"": 0}"
ls_lp,10000,2,ok,0.8845065546990027,0.8845065546990027,0.9999809366369423,0.9999809366369423,247,247,0.87369806411413,0.9773072443092164,0.10360918019508647,0.010808490584872765,10.431981572020337,9.484845399856567,0.0015482902526855469,358.25390625,242.23046875,1,"{""n_moves"": 3000000, ""g"": 2245.5449548108554, ""T0"": 0.0017813047970517803, ""T1"": 8.906523985258902e-07, ""moves"": ""70% swap(top-3 window add, random drop)/15% add/15% drop, hard budget""}","{""ls_time"": 9.229540824890137, ""n_drop"": 0, ""n_add"": 0}"
mfsb,10000,0,ok,0.9029180160010338,0.8877244198972734,0.7334395611430325,0.9998970670393216,426,974,0.8691753822984675,0.9669772562116039,0.09780187391313644,0.018549037598805884,18.965932713396032,97.43373203277588,0.00022745132446289062,336.03125,243.078125,4,"{""agents"": 64, ""steps"": 1000, ""dt"": 1.25, ""xi_scale"": 0.7, ""dtype"": ""float32"", ""outer_max"": 10, ""beta"": 8.0, ""delta_frac"": 0.003, ""bisect_first"": 8, ""bisect_later"": 4, ""max_calls"": 40, ""time_cap"": 900, ""torch_threads"": 4}","{""calls"": 37, ""inner_time"": 96.82780146598816, ""total_time"": 97.43261098861694, ""P_abs"": null, ""outer_iters"": 10, ""greedy_peak"": 0.9669772562116039, ""best_iter"": 9, ""best_mu"": 7.63028642089443e-05}"
mfsb,10000,1,ok,0.8992008160292573,0.8913167810165498,0.8857329979458993,0.9998418329602646,830,1127,0.8662308257510984,0.9860961840383123,0.1198653582872139,0.02508595526545132,20.928444734918255,81.64682126045227,0.00014638900756835938,345.109375,242.99609375,4,"{""agents"": 64, ""steps"": 1000, ""dt"": 1.25, ""xi_scale"": 0.7, ""dtype"": ""float32"", ""outer_max"": 10, ""beta"": 8.0, ""delta_frac"": 0.003, ""bisect_first"": 8, ""bisect_later"": 4, ""max_calls"": 40, ""time_cap"": 900, ""torch_threads"": 4}","{""calls"": 34, ""inner_time"": 81.09051275253296, ""total_time"": 81.64567685127258, ""P_abs"": null, ""outer_iters"": 10, ""greedy_peak"": 0.9860961840383123, ""best_iter"": 9, ""best_mu"": 1.3540680611506249e-05}"
mfsb,10000,2,ok,0.9021739378735717,0.891828099879503,0.8699501707110745,0.9995283585007261,800,1131,0.87369806411413,0.9773072443092164,0.10360918019508647,0.018130035765372976,17.498483948271573,39.66019558906555,0.00019478797912597656,341.28125,242.69140625,4,"{""agents"": 64, ""steps"": 1000, ""dt"": 1.25, ""xi_scale"": 0.7, ""dtype"": ""float32"", ""outer_max"": 10, ""beta"": 8.0, ""delta_frac"": 0.003, ""bisect_first"": 8, ""bisect_later"": 4, ""max_calls"": 40, ""time_cap"": 900, ""torch_threads"": 4}","{""calls"": 40, ""inner_time"": 39.180174827575684, ""total_time"": 39.6591374874115, ""P_abs"": null, ""outer_iters"": 10, ""greedy_peak"": 0.9773072443092164, ""best_iter"": 8, ""best_mu"": 1.9925084877617402e-05}"
milp,10000,0,ok,0.869801026245682,0.869801026245682,0.9999895585885605,0.9999895585885605,487,487,0.8691753822984675,0.9669772562116039,0.09780187391313644,0.0006256439472145381,0.6397054802551218,60.07775330543518,0.0023651123046875,377.015625,243.0078125,1,"{""time_limit"": 60, ""threads"": 1}","{""status"": ""Time limit reached"", ""mip_obj"": 0.8698010262456819, ""mip_bound"": 0.8693852955002817, ""mip_gap"": 0.0004779607437285528, ""milp_time"": 60.077513217926025, ""nodes"": 2939, ""n_drop"": 0, ""n_add"": 0}"
milp,10000,1,ok,0.8671815601846597,0.8671815601846597,0.9999627909144149,0.9999627909144149,491,491,0.8662308257510984,0.9860961840383123,0.1198653582872139,0.0009507344335613066,0.7931686411708845,60.08710551261902,0.00307464599609375,427.6328125,243.2421875,1,"{""time_limit"": 60, ""threads"": 1}","{""status"": ""Time limit reached"", ""mip_obj"": 0.8671815601846596, ""mip_bound"": 0.8665513047278568, ""mip_gap"": 0.0007267860454373981, ""milp_time"": 60.08687376976013, ""nodes"": 5551, ""n_drop"": 0, ""n_add"": 0}"
milp,10000,2,ok,0.8751120170134502,0.8749434838475028,0.9988758972637242,0.9998726444681789,499,510,0.87369806411413,0.9773072443092164,0.10360918019508647,0.0012454197333727768,1.2020360850532423,60.03560709953308,0.00932931900024414,355.0078125,243.2421875,1,"{""time_limit"": 60, ""threads"": 1}","{""status"": ""Time limit reached"", ""mip_obj"": 0.8751120170134504, ""mip_bound"": 0.8740073748319226, ""mip_gap"": 0.0012622866102304467, ""milp_time"": 60.03537940979004, ""nodes"": 1286, ""n_drop"": 0, ""n_add"": 11}"
mq_bsb,10000,0,ok,0.9314111687935565,0.905503044004178,0.4746873890102135,0.9990384969351901,389,1172,0.8691753822984675,0.9669772562116039,0.09780187391313644,0.03632766170571056,37.144136663450105,994.340446472168,0.0004146099090576172,381.60546875,243.22265625,1,"{""batch"": 32, ""n_iter"": 1000, ""outer_max"": 10, ""beta"": 8.0, ""delta_frac"": 0.003, ""bisect_first"": 8, ""bisect_later"": 4, ""max_calls"": 40, ""time_cap"": 900, ""torch_threads"": 1}","{""calls"": 10, ""inner_time"": 982.9456355571747, ""total_time"": 993.0988371372223, ""P_abs"": null, ""outer_iters"": 2, ""greedy_peak"": 0.9669772562116039, ""best_iter"": 1, ""best_mu"": 9.537858026118038e-06}"
mq_bsb,10000,1,ok,0.9998588877511471,0.9144013905944537,0.003841774385206865,0.9993671630864642,26,1176,0.8662308257510984,0.9860961840383123,0.1198653582872139,0.048170564843355246,40.18722801289422,983.6097195148468,0.0003483295440673828,380.40234375,243.02734375,1,"{""batch"": 32, ""n_iter"": 1000, ""outer_max"": 10, ""beta"": 8.0, ""delta_frac"": 0.003, ""bisect_first"": 8, ""bisect_later"": 4, ""max_calls"": 40, ""time_cap"": 900, ""torch_threads"": 1}","{""calls"": 10, ""inner_time"": 974.8369092941284, ""total_time"": 982.1886739730835, ""P_abs"": null, ""outer_iters"": 2, ""greedy_peak"": 0.9860961840383123, ""best_iter"": 0, ""best_mu"": 2.140969590062066e-07}"
mq_bsb,10000,2,ok,0.9997094726873432,0.917212084066452,0.008374621537447622,0.9987642145565176,55,1184,0.87369806411413,0.9773072443092164,0.10360918019508647,0.04351401995232207,41.99822821721899,911.9517374038696,0.00034737586975097656,381.015625,243.3515625,1,"{""batch"": 32, ""n_iter"": 1000, ""outer_max"": 10, ""beta"": 8.0, ""delta_frac"": 0.003, ""bisect_first"": 8, ""bisect_later"": 4, ""max_calls"": 40, ""time_cap"": 900, ""torch_threads"": 1}","{""calls"": 10, ""inner_time"": 903.2121784687042, ""total_time"": 910.961784362793, ""P_abs"": null, ""outer_iters"": 2, ""greedy_peak"": 0.9773072443092164, ""best_iter"": 0, ""best_mu"": 4.4553844243805586e-07}"
mq_bsb_mf,10000,0,ok,0.9107568217489954,0.89328677670764,0.7161404472941694,0.9985646885411583,510,1102,0.8691753822984675,0.9669772562116039,0.09780187391313644,0.024111394409172537,24.653305140745335,929.6672627925873,0.0006186962127685547,315.6796875,242.6328125,1,"{""batch"": 32, ""n_iter"": 1000, ""outer_max"": 10, ""beta"": 8.0, ""delta_frac"": 0.003, ""bisect_first"": 8, ""bisect_later"": 4, ""max_calls"": 40, ""time_cap"": 900, ""torch_threads"": 1}","{""calls"": 19, ""inner_time"": 898.7430186271667, ""total_time"": 927.7467510700226, ""P_abs"": null, ""outer_iters"": 5, ""greedy_peak"": 0.9669772562116039, ""best_iter"": 4, ""best_mu"": 9.537858026118038e-06}"
mq_bsb_mf,10000,1,ok,0.9315716877924171,0.9066034074341526,0.8980931854310931,0.9999863830164047,660,905,0.8662308257510984,0.9860961840383123,0.1198653582872139,0.04037258168305413,33.68160931560883,918.5081593990326,0.0016813278198242188,315.8046875,242.18359375,1,"{""batch"": 32, ""n_iter"": 1000, ""outer_max"": 10, ""beta"": 8.0, ""delta_frac"": 0.003, ""bisect_first"": 8, ""bisect_later"": 4, ""max_calls"": 40, ""time_cap"": 900, ""torch_threads"": 1}","{""calls"": 17, ""inner_time"": 892.9166581630707, ""total_time"": 916.0463535785675, ""P_abs"": null, ""outer_iters"": 4, ""greedy_peak"": 0.9860961840383123, ""best_iter"": 3, ""best_mu"": 1.2111152923576558e-06}"
mq_bsb_mf,10000,2,ok,0.9488189898932265,0.9140681182356084,0.8285333535722541,0.9999059510264534,634,939,0.87369806411413,0.9773072443092164,0.10360918019508647,0.04037005412147843,38.963781052475625,936.6490666866302,0.005706310272216797,316.3203125,243.09765625,1,"{""batch"": 32, ""n_iter"": 1000, ""outer_max"": 10, ""beta"": 8.0, ""delta_frac"": 0.003, ""bisect_first"": 8, ""bisect_later"": 4, ""max_calls"": 40, ""time_cap"": 900, ""torch_threads"": 1}","{""calls"": 21, ""inner_time"": 898.3602912425995, ""total_time"": 935.2250831127167, ""P_abs"": null, ""outer_iters"": 5, ""greedy_peak"": 0.9773072443092164, ""best_iter"": 3, ""best_mu"": 1.2601730157089662e-06}"
mq_cac,10000,0,ok,0.9915864179743242,0.9175263645146435,0.052098885067909544,0.9999272275683706,22,1115,0.8691753822984675,0.9669772562116039,0.09780187391313644,0.048350982216176064,49.437684863911095,1046.381087064743,0.000499725341796875,416.015625,243.23046875,1,"{""batch"": 32, ""n_iter"": 1000, ""outer_max"": 10, ""beta"": 8.0, ""delta_frac"": 0.003, ""bisect_first"": 8, ""bisect_later"": 4, ""max_calls"": 40, ""time_cap"": 900, ""torch_threads"": 1}","{""calls"": 7, ""inner_time"": 1031.6486239433289, ""total_time"": 1045.5971701145172, ""P_abs"": null, ""outer_iters"": 1, ""greedy_peak"": 0.9669772562116039, ""best_iter"": 0, ""best_mu"": 9.537858026118038e-06}"
mq_cac,10000,1,ok,0.9995960647894451,0.913983319887983,0.004763095252818233,0.9999139004266894,2,1162,0.8662308257510984,0.9860961840383123,0.1198653582872139,0.04775249413688454,39.83844441732948,954.3191978931427,0.0004181861877441406,414.0625,242.9609375,1,"{""batch"": 32, ""n_iter"": 1000, ""outer_max"": 10, ""beta"": 8.0, ""delta_frac"": 0.003, ""bisect_first"": 8, ""bisect_later"": 4, ""max_calls"": 40, ""time_cap"": 900, ""torch_threads"": 1}","{""calls"": 7, ""inner_time"": 948.6654505729675, ""total_time"": 953.5493957996368, ""P_abs"": null, ""outer_iters"": 1, ""greedy_peak"": 0.9860961840383123, ""best_iter"": 0, ""best_mu"": 8.401570938548395e-08}"
mq_cac,10000,2,ok,0.9961044371117335,0.9172111653367383,0.04980764423199827,0.9988131226268425,31,1182,0.87369806411413,0.9773072443092164,0.10360918019508647,0.04351310122260832,41.9973414910505,1130.5524597167969,0.004957437515258789,415.5546875,243.50390625,1,"{""batch"": 32, ""n_iter"": 1000, ""outer_max"": 10, ""beta"": 8.0, ""delta_frac"": 0.003, ""bisect_first"": 8, ""bisect_later"": 4, ""max_calls"": 40, ""time_cap"": 900, ""torch_threads"": 1}","{""calls"": 7, ""inner_time"": 1105.4769501686096, ""total_time"": 1129.6357748508453, ""P_abs"": null, ""outer_iters"": 1, ""greedy_peak"": 0.9773072443092164, ""best_iter"": 0, ""best_mu"": 1.4089162632680796e-05}"
mq_cac_mf,10000,0,ok,0.995943682703176,0.9173067062551391,0.03881968296176764,0.9992419279125738,17,1118,0.8691753822984675,0.9669772562116039,0.09780187391313644,0.048131323956671634,49.213089719957594,912.8769567012787,0.00031828880310058594,321.5390625,241.8984375,1,"{""batch"": 32, ""n_iter"": 1000, ""outer_max"": 10, ""beta"": 8.0, ""delta_frac"": 0.003, ""bisect_first"": 8, ""bisect_later"": 4, ""max_calls"": 40, ""time_cap"": 900, ""torch_threads"": 1}","{""calls"": 8, ""inner_time"": 895.4681887626648, ""total_time"": 911.2328898906708, ""P_abs"": null, ""outer_iters"": 1, ""greedy_peak"": 0.9669772562116039, ""best_iter"": 0, ""best_mu"": 9.537858026118038e-06}"
mq_cac_mf,10000,1,ok,1.0,0.9144515634998585,0.0,0.9997762841694787,0,1156,0.8662308257510984,0.9860961840383123,0.1198653582872139,0.04822073774876001,40.22908573235687,920.9826736450195,0.0004246234893798828,321.16796875,242.9296875,1,"{""batch"": 32, ""n_iter"": 1000, ""outer_max"": 10, ""beta"": 8.0, ""delta_frac"": 0.003, ""bisect_first"": 8, ""bisect_later"": 4, ""max_calls"": 40, ""time_cap"": 900, ""torch_threads"": 1}","{""calls"": 8, ""inner_time"": 904.692834854126, ""total_time"": 918.1199085712433, ""P_abs"": null, ""outer_iters"": 1, ""greedy_peak"": 0.9860961840383123, ""best_iter"": 0, ""best_mu"": 2.140969590062066e-07}"
mq_cac_mf,10000,2,ok,0.9644947567175318,0.9147202438659668,0.5625067289266132,0.9998621339177226,380,986,0.87369806411413,0.9773072443092164,0.10360918019508647,0.04102217975183686,39.59319017349226,937.3263623714447,0.003744840621948242,320.98046875,242.87109375,1,"{""batch"": 32, ""n_iter"": 1000, ""outer_max"": 10, ""beta"": 8.0, ""delta_frac"": 0.003, ""bisect_first"": 8, ""bisect_later"": 4, ""max_calls"": 40, ""time_cap"": 900, ""torch_threads"": 1}","{""calls"": 9, ""inner_time"": 919.1766488552094, ""total_time"": 934.178995847702, ""P_abs"": null, ""outer_iters"": 2, ""greedy_peak"": 0.9773072443092164, ""best_iter"": 1, ""best_mu"": 1.4089162632680796e-05}"
mq_dsb,10000,0,ok,0.9224470794155822,0.9051221964263874,0.7981779701176099,0.9993609296853564,343,809,0.8691753822984675,0.9669772562116039,0.09780187391313644,0.03594681412791989,36.75472942353473,916.3152611255646,0.0002586841583251953,381.32421875,242.84375,1,"{""batch"": 32, ""n_iter"": 1000, ""outer_max"": 10, ""beta"": 8.0, ""delta_frac"": 0.003, ""bisect_first"": 8, ""bisect_later"": 4, ""max_calls"": 40, ""time_cap"": 900, ""torch_threads"": 1}","{""calls"": 9, ""inner_time"": 909.6446459293365, ""total_time"": 915.4039120674133, ""P_abs"": null, ""outer_iters"": 2, ""greedy_peak"": 0.9669772562116039, ""best_iter"": 1, ""best_mu"": 9.537858026118038e-06}"
mq_dsb,10000,1,ok,0.9876745781675162,0.9145701196289305,0.041507247297569175,0.9997452587874652,40,1164,0.8662308257510984,0.9860961840383123,0.1198653582872139,0.04833929387783209,40.32799348249099,993.5562319755554,0.0015108585357666016,380.6796875,243.5703125,1,"{""batch"": 32, ""n_iter"": 1000, ""outer_max"": 10, ""beta"": 8.0, ""delta_frac"": 0.003, ""bisect_first"": 8, ""bisect_later"": 4, ""max_calls"": 40, ""time_cap"": 900, ""torch_threads"": 1}","{""calls"": 8, ""inner_time"": 966.013979434967, ""total_time"": 992.7154712677002, ""P_abs"": null, ""outer_iters"": 1, ""greedy_peak"": 0.9860961840383123, ""best_iter"": 0, ""best_mu"": 6.770340305753124e-06}"
mq_dsb,10000,2,ok,0.9811127862291484,0.9164943427541065,0.06611077254681777,0.9997191171996445,52,1184,0.87369806411413,0.9773072443092164,0.10360918019508647,0.04279627863997648,41.30548910762064,970.4063451290131,0.0008368492126464844,379.64453125,242.3671875,1,"{""batch"": 32, ""n_iter"": 1000, ""outer_max"": 10, ""beta"": 8.0, ""delta_frac"": 0.003, ""bisect_first"": 8, ""bisect_later"": 4, ""max_calls"": 40, ""time_cap"": 900, ""torch_threads"": 1}","{""calls"": 3, ""inner_time"": 963.7705931663513, ""total_time"": 969.2938666343689, ""P_abs"": null, ""outer_iters"": 1, ""greedy_peak"": 0.9773072443092164, ""best_iter"": 0, ""best_mu"": 1.4089162632680796e-05}"
mq_dsb_mf,10000,0,ok,0.9120539965064418,0.8898572322244955,0.6278055519434429,0.9983468111809561,336,997,0.8691753822984675,0.9669772562116039,0.09780187391313644,0.020681849926028062,21.14668062944972,782.5534842014313,0.00020933151245117188,318.91015625,242.58203125,1,"{""batch"": 32, ""n_iter"": 1000, ""outer_max"": 10, ""beta"": 8.0, ""delta_frac"": 0.003, ""bisect_first"": 8, ""bisect_later"": 4, ""max_calls"": 40, ""time_cap"": 900, ""torch_threads"": 1}","{""calls"": 38, ""inner_time"": 766.3289241790771, ""total_time"": 781.2537858486176, ""P_abs"": null, ""outer_iters"": 10, ""greedy_peak"": 0.9669772562116039, ""best_iter"": 9, ""best_mu"": 2.697713635305042e-05}"
mq_dsb_mf,10000,1,ok,0.8958188344483347,0.8864144708536531,0.9317944573737378,0.9998912672484291,386,565,0.8662308257510984,0.9860961840383123,0.1198653582872139,0.02018364510255466,16.838597398751244,722.9650735855103,0.0003440380096435547,320.125,242.2109375,1,"{""batch"": 32, ""n_iter"": 1000, ""outer_max"": 10, ""beta"": 8.0, ""delta_frac"": 0.003, ""bisect_first"": 8, ""bisect_later"": 4, ""max_calls"": 40, ""time_cap"": 900, ""torch_threads"": 1}","{""calls"": 34, ""inner_time"": 705.289276599884, ""total_time"": 721.4503304958344, ""P_abs"": null, ""outer_iters"": 10, ""greedy_peak"": 0.9860961840383123, ""best_iter"": 6, ""best_mu"": 1.3540680611506249e-05}"
mq_dsb_mf,10000,2,ok,0.9611345860088956,0.8961378830971726,0.8890916819111188,0.9997352500136978,387,609,0.87369806411413,0.9773072443092164,0.10360918019508647,0.022439818983042592,21.65813776423141,690.9224231243134,0.0002644062042236328,319.01953125,242.9140625,1,"{""batch"": 32, ""n_iter"": 1000, ""outer_max"": 10, ""beta"": 8.0, ""delta_frac"": 0.003, ""bisect_first"": 8, ""bisect_later"": 4, ""max_calls"": 40, ""time_cap"": 900, ""torch_threads"": 1}","{""calls"": 32, ""inner_time"": 674.0858399868011, ""total_time"": 688.8666398525238, ""P_abs"": null, ""outer_iters"": 10, ""greedy_peak"": 0.9773072443092164, ""best_iter"": 8, ""best_mu"": 1.184752635174787e-05}"
openjij_sa,10000,0,ok,0.8871179710671478,0.8851207296955743,0.9704330826968514,0.9999761198765453,518,637,0.8691753822984675,0.9669772562116039,0.09780187391313644,0.015945347397106846,16.30372380315416,687.4875133037567,0.0002884864807128906,920.39453125,242.98828125,1,"{""num_reads"": 16, ""num_sweeps"": 1000, ""outer_max"": 10, ""beta"": 8.0, ""delta_frac"": 0.003, ""bisect_first"": 8, ""bisect_later"": 4, ""max_calls"": 40, ""time_cap"": 900, ""torch_threads"": 1}","{""calls"": 32, ""inner_time"": 678.7293312549591, ""total_time"": 687.3114314079285, ""P_abs"": null, ""outer_iters"": 10, ""greedy_peak"": 0.9669772562116039, ""best_iter"": 7, ""best_mu"": 1.9075716052236076e-05}"
openjij_sa,10000,1,ok,0.8890023046628599,0.8781620663852147,0.8476443548373677,0.9999830271581484,455,830,0.8662308257510984,0.9860961840383123,0.1198653582872139,0.011931240634116214,9.95386891142253,696.9497120380402,0.0003113746643066406,916.1171875,242.8203125,1,"{""num_reads"": 16, ""num_sweeps"": 1000, ""outer_max"": 10, ""beta"": 8.0, ""delta_frac"": 0.003, ""bisect_first"": 8, ""bisect_later"": 4, ""max_calls"": 40, ""time_cap"": 900, ""torch_threads"": 1}","{""calls"": 38, ""inner_time"": 695.6599388122559, ""total_time"": 696.4832713603973, ""P_abs"": null, ""outer_iters"": 10, ""greedy_peak"": 0.9860961840383123, ""best_iter"": 9, ""best_mu"": 4.554523914524432e-05}"
openjij_sa,10000,2,ok,0.885496250363422,0.8803997194980658,0.9218603446456356,0.9997101028536767,480,741,0.87369806411413,0.9773072443092164,0.10360918019508647,0.006701655383935856,6.468206167945023,571.5163962841034,0.00022935867309570312,917.84765625,243.2421875,1,"{""num_reads"": 16, ""num_sweeps"": 1000, ""outer_max"": 10, ""beta"": 8.0, ""delta_frac"": 0.003, ""bisect_first"": 8, ""bisect_later"": 4, ""max_calls"": 40, ""time_cap"": 900, ""torch_threads"": 1}","{""calls"": 33, ""inner_time"": 570.2374401092529, ""total_time"": 571.376033782959, ""P_abs"": null, ""outer_iters"": 10, ""greedy_peak"": 0.9773072443092164, ""best_iter"": 9, ""best_mu"": 2.817832526536159e-05}"
repair_only,10000,0,ok,1.0,0.9192941473993445,0.0,0.9981565969111595,0,1115,0.8691753822984675,0.9669772562116039,0.09780187391313644,0.05011876510087698,51.2451991925946,6.9141387939453125e-06,0.038408756256103516,250.96875,243.09375,1,{},"{""n_drop"": 0, ""n_add"": 1115}"
repair_only,10000,1,ok,1.0,0.9144515634998585,0.0,0.9997762841694787,0,1156,0.8662308257510984,0.9860961840383123,0.1198653582872139,0.04822073774876001,40.22908573235687,1.430511474609375e-05,0.04217410087585449,251.0625,243.1875,1,{},"{""n_drop"": 0, ""n_add"": 1156}"
repair_only,10000,2,ok,1.0,0.9183845201207014,0.0,0.9989479573948508,0,1169,0.87369806411413,0.9773072443092164,0.10360918019508647,0.044686456006571396,43.129822977491905,6.4373016357421875e-06,0.04056882858276367,251.05859375,242.99609375,1,{},"{""n_drop"": 0, ""n_add"": 1169}"
sb_ballistic,10000,0,ok,0.999983188195213,0.9440434848273926,0.4693982997640148,0.9994756082901519,870,1619,0.8691753822984675,0.9669772562116039,0.09780187391313644,0.07486810252892517,76.55078531053496,1137.0458815097809,0.0004134178161621094,2636.390625,241.6015625,4,"{""agents"": 64, ""steps"": 1000, ""dtype"": ""float32"", ""outer_max"": 10, ""beta"": 8.0, ""delta_frac"": 0.003, ""bisect_first"": 8, ""bisect_later"": 4, ""max_calls"": 40, ""time_cap"": 900, ""torch_threads"": 4}","{""calls"": 3, ""inner_time"": 1136.613513469696, ""total_time"": 1136.7005891799927, ""P_abs"": null, ""outer_iters"": 1, ""greedy_peak"": 0.9669772562116039, ""best_iter"": 0, ""best_mu"": 9.537858026118038e-06}"
sb_ballistic,10000,1,ok,1.0,0.9452755872859563,0.5180505719724442,0.9987695080614645,901,1645,0.8662308257510984,0.9860961840383123,0.1198653582872139,0.07904476153485784,65.94462542334853,954.3920352458954,0.001065969467163086,2655.99609375,241.625,4,"{""agents"": 64, ""steps"": 1000, ""dtype"": ""float32"", ""outer_max"": 10, ""beta"": 8.0, ""delta_frac"": 0.003, ""bisect_first"": 8, ""bisect_later"": 4, ""max_calls"": 40, ""time_cap"": 900, ""torch_threads"": 4}","{""calls"": 3, ""inner_time"": 953.9801208972931, ""total_time"": 954.0405080318451, ""P_abs"": null, ""outer_iters"": 1, ""greedy_peak"": 0.9860961840383123, ""best_iter"": 0, ""best_mu"": 6.770340305753124e-06}"
sb_ballistic,10000,2,ok,0.9999285693890292,0.944860164437474,0.4490370988930178,0.9997115084282884,890,1683,0.87369806411413,0.9773072443092164,0.10360918019508647,0.07116210032334402,68.68319987606542,1154.7945539951324,0.00041294097900390625,2642.83203125,243.05078125,4,"{""agents"": 64, ""steps"": 1000, ""dtype"": ""float32"", ""outer_max"": 10, ""beta"": 8.0, ""delta_frac"": 0.003, ""bisect_first"": 8, ""bisect_later"": 4, ""max_calls"": 40, ""time_cap"": 900, ""torch_threads"": 4}","{""calls"": 3, ""inner_time"": 1154.2418639659882, ""total_time"": 1154.389289855957, ""P_abs"": null, ""outer_iters"": 1, ""greedy_peak"": 0.9773072443092164, ""best_iter"": 0, ""best_mu"": 1.4089162632680796e-05}"
sb_discrete,10000,0,ok,0.9887317460935068,0.9516893197848356,0.7508437941158373,0.9999986111355788,1646,1991,0.8691753822984675,0.9669772562116039,0.09780187391313644,0.08251393748636815,84.36846267347966,1143.8082587718964,0.00030803680419921875,2662.42578125,243.71484375,4,"{""agents"": 64, ""steps"": 1000, ""dtype"": ""float32"", ""outer_max"": 10, ""beta"": 8.0, ""delta_frac"": 0.003, ""bisect_first"": 8, ""bisect_later"": 4, ""max_calls"": 40, ""time_cap"": 900, ""torch_threads"": 4}","{""calls"": 3, ""inner_time"": 1143.1565334796906, ""total_time"": 1143.212035894394, ""P_abs"": null, ""outer_iters"": 1, ""greedy_peak"": 0.9669772562116039, ""best_iter"": 0, ""best_mu"": 0.0003016135536185075}"
sb_discrete,10000,1,ok,0.9876159106051935,0.9529633768499799,0.7453563184859341,0.9998713536307785,1664,2048,0.8662308257510984,0.9860961840383123,0.1198653582872139,0.08673255109888145,72.3583129756792,1023.8803191184998,0.000133514404296875,2655.41796875,243.46875,4,"{""agents"": 64, ""steps"": 1000, ""dtype"": ""float32"", ""outer_max"": 10, ""beta"": 8.0, ""delta_frac"": 0.003, ""bisect_first"": 8, ""bisect_later"": 4, ""max_calls"": 40, ""time_cap"": 900, ""torch_threads"": 4}","{""calls"": 3, ""inner_time"": 1023.1865022182465, ""total_time"": 1023.2208876609802, ""P_abs"": null, ""outer_iters"": 1, ""greedy_peak"": 0.9860961840383123, ""best_iter"": 0, ""best_mu"": 0.00021409695900620658}"
sb_discrete,10000,2,ok,0.9915531766875468,0.9501803772009217,0.6316929157912579,0.9987067694558958,1546,2040,0.87369806411413,0.9773072443092164,0.10360918019508647,0.07648231308679176,73.81808536925267,964.7769346237183,9.632110595703125e-05,2683.89453125,243.50390625,4,"{""agents"": 64, ""steps"": 1000, ""dtype"": ""float32"", ""outer_max"": 10, ""beta"": 8.0, ""delta_frac"": 0.003, ""bisect_first"": 8, ""bisect_later"": 4, ""max_calls"": 40, ""time_cap"": 900, ""torch_threads"": 4}","{""calls"": 8, ""inner_time"": 964.1850612163544, ""total_time"": 964.2418720722198, ""P_abs"": null, ""outer_iters"": 2, ""greedy_peak"": 0.9773072443092164, ""best_iter"": 0, ""best_mu"": 0.0004455384424380559}"
dwave_sa,50000,0,ok,0.9481805174507671,0.8891161306191733,0.11513278421975426,0.9999931233318776,459,6504,0.8360686396830662,0.9483454195466963,0.11227677986363005,0.053047490936107056,47.24707192398809,2834.120032787323,0.0023391246795654297,6080.54296875,253.91015625,1,"{""num_reads"": 4, ""num_sweeps"": 200, ""outer_max"": 10, ""beta"": 8.0, ""delta_frac"": 0.003, ""bisect_first"": 8, ""bisect_later"": 4, ""max_calls"": 40, ""time_cap"": 2400, ""torch_threads"": 1}","{""calls"": 8, ""inner_time"": 2440.2373147010803, ""total_time"": 2833.90185379982, ""P_abs"": null, ""outer_iters"": 1, ""greedy_peak"": 0.9483454195466963, ""best_iter"": 0, ""best_mu"": 6.869691352411289e-06}"
greedy,50000,0,ok,0.9483454195466963,0.9483454195466963,1.0,1.0,3000,3000,0.8360686396830662,0.9483454195466963,0.11227677986363005,0.11227677986363005,100.0,0.0035364627838134766,0.0009541511535644531,277.359375,252.640625,1,{},"{""n_drop"": 0, ""n_add"": 0}"
greedy,50000,1,ok,0.9618011218608394,0.9618011218608394,0.9999999999999999,0.9999999999999999,3000,3000,0.8382136225175506,0.9618011218608394,0.12358749934328883,0.12358749934328883,100.00000000000001,0.0035986900329589844,0.0010769367218017578,277.3515625,252.9140625,1,{},"{""n_drop"": 0, ""n_add"": 0}"
greedy,50000,2,ok,0.9511786342630197,0.9511786342630197,1.0000000000000002,1.0000000000000002,3000,3000,0.8414394062451596,0.9511786342630197,0.10973922801786018,0.10973922801786018,99.99999999999999,0.003598928451538086,0.001035451889038086,277.8515625,252.70703125,1,{},"{""n_drop"": 0, ""n_add"": 0}"
lp,50000,0,ok,0.8471471041513019,0.8390791553862045,0.9698732668664964,0.9999135559280298,2487,3072,0.8360686396830662,0.9483454195466963,0.11227677986363005,0.0030105157031382612,2.6813342053404057,0.1097102165222168,0.0440518856048584,281.46875,253.4765625,1,{},"{""n_frac"": 26, ""lp_status"": ""Optimal"", ""lp_time"": 0.10948538780212402, ""n_drop"": 0, ""n_add"": 585}"
lp,50000,1,ok,0.8455239742069235,0.8387532095657788,0.9900958357675216,0.9999965049097063,2554,2806,0.8382136225175506,0.9618011218608394,0.12358749934328883,0.0005395870482282072,0.43660325768822056,0.10861873626708984,0.019915342330932617,279.8828125,252.87890625,1,{},"{""n_frac"": 26, ""lp_status"": ""Optimal"", ""lp_time"": 0.10834622383117676, ""n_drop"": 0, ""n_add"": 252}"
lp,50000,2,ok,0.8455327581464865,0.8426576840890379,0.9831919908931471,0.9999688730569607,2545,3054,0.8414394062451596,0.9511786342630197,0.10973922801786018,0.0012182778438782904,1.1101571114387778,0.18777036666870117,0.04596400260925293,279.71875,252.734375,1,{},"{""n_frac"": 25, ""lp_status"": ""Optimal"", ""lp_time"": 0.1870436668395996, ""n_drop"": 0, ""n_add"": 509}"
ls_greedy,50000,0,ok,0.8611456437916757,0.8611453219297842,0.9999931352757957,0.9999996662273503,731,732,0.8360686396830662,0.9483454195466963,0.11227677986363005,0.025076682246717996,22.33470026231231,32.26415419578552,0.004527568817138672,368.91796875,253.3984375,1,"{""n_moves"": 15000000, ""g"": 2108.93621540977, ""T0"": 0.0018966908390933926, ""T1"": 9.483454195466962e-07, ""moves"": ""70% swap(top-3 window add, random drop)/15% add/15% drop, hard budget""}","{""ls_time"": 32.12299823760986, ""n_drop"": 0, ""n_add"": 1}"
ls_greedy,50000,1,ok,0.8574065069121594,0.8573972414194337,0.9999847545093689,0.9999998235344965,907,909,0.8382136225175506,0.9618011218608394,0.12358749934328883,0.019183618901883137,15.522297160974853,33.232765436172485,0.003766298294067383,370.3515625,253.06640625,1,"{""n_moves"": 15000000, ""g"": 2079.4319683579815, ""T0"": 0.0019236022437216789, ""T1"": 9.618011218608394e-07, ""moves"": ""70% swap(top-3 window add, random drop)/15% add/15% drop, hard budget""}","{""ls_time"": 33.05957317352295, ""n_drop"": 0, ""n_add"": 2}"
ls_greedy,50000,2,ok,0.8594435808659634,0.8594435808659634,0.9999982491456878,0.9999982491456878,916,916,0.8414394062451596,0.9511786342630197,0.10973922801786018,0.018004174620803837,16.406325200204286,36.42598342895508,0.002987384796142578,370.53515625,253.48828125,1,"{""n_moves"": 15000000, ""g"": 2102.6544625338593, ""T0"": 0.0019023572685260394, ""T1"": 9.511786342630197e-07, ""moves"": ""70% swap(top-3 window add, random drop)/15% add/15% drop, hard budget""}","{""ls_time"": 36.32063841819763, ""n_drop"": 0, ""n_add"": 0}"
ls_lp,50000,0,ok,0.8433252830998724,0.842215886247386,0.9946231999032745,0.9999978166217681,2479,2664,0.8360686396830662,0.9483454195466963,0.11227677986363005,0.006147246564319753,5.4750827123703765,38.65127515792847,1.3457047939300537,373.23046875,253.45703125,1,"{""n_moves"": 15000000, ""g"": 2360.8650613327204, ""T0"": 0.0016942942083026037, ""T1"": 8.471471041513019e-07, ""moves"": ""70% swap(top-3 window add, random drop)/15% add/15% drop, hard budget""}","{""ls_time"": 38.50928807258606, ""n_drop"": 0, ""n_add"": 185}"
ls_lp,50000,1,ok,0.8421047043950316,0.840745295061645,0.9938105899670975,0.9999763482079687,2553,2773,0.8382136225175506,0.9618011218608394,0.12358749934328883,0.0025316725440943655,2.048485937127138,30.785234212875366,1.5030055046081543,373.70703125,253.6640625,1,"{""n_moves"": 15000000, ""g"": 2365.397151365153, ""T0"": 0.001691047948413847, ""T1"": 8.455239742069234e-07, ""moves"": ""70% swap(top-3 window add, random drop)/15% add/15% drop, hard budget""}","{""ls_time"": 30.647722959518433, ""n_drop"": 0, ""n_add"": 220}"
ls_lp,50000,2,ok,0.8449253543648785,0.8433789491384606,0.9890368496836867,0.9999968195823877,2546,2915,0.8414394062451596,0.9511786342630197,0.10973922801786018,0.001939542893301005,1.7674107320905723,35.23133897781372,2.6601574420928955,373.23046875,253.140625,1,"{""n_moves"": 15000000, ""g"": 2365.3725780941354, ""T0"": 0.001691065516292973, ""T1"": 8.455327581464865e-07, ""moves"": ""70% swap(top-3 window add, random drop)/15% add/15% drop, hard budget""}","{""ls_time"": 35.06183958053589, ""n_drop"": 0, ""n_add"": 369}"
mfsb,50000,0,ok,0.8656606519702735,0.8496097028352085,0.7212118358321488,0.9999554288304507,2466,5866,0.8360686396830662,0.9483454195466963,0.11227677986363005,0.013541063152142319,12.06043063275338,1532.3551471233368,0.0011970996856689453,496.9296875,254.00390625,4,"{""agents"": 64, ""steps"": 1000, ""dt"": 1.25, ""xi_scale"": 0.7, ""dtype"": ""float32"", ""outer_max"": 10, ""beta"": 8.0, ""delta_frac"": 0.003, ""bisect_first"": 8, ""bisect_later"": 4, ""max_calls"": 40, ""time_cap"": 2400, ""torch_threads"": 4}","{""calls"": 40, ""inner_time"": 1519.518923997879, ""total_time"": 1532.3518164157867, ""P_abs"": null, ""outer_iters"": 10, ""greedy_peak"": 0.9483454195466963, ""best_iter"": 8, ""best_mu"": 1.943042135979443e-05}"
mfsb,50000,1,ok,0.8571677130472992,0.8484558111583189,0.8748099479419981,0.9999236846942279,3167,5225,0.8382136225175506,0.9618011218608394,0.12358749934328883,0.010242188640768313,8.28739855988072,1599.086507320404,0.0008955001831054688,498.73828125,254.03515625,4,"{""agents"": 64, ""steps"": 1000, ""dt"": 1.25, ""xi_scale"": 0.7, ""dtype"": ""float32"", ""outer_max"": 10, ""beta"": 8.0, ""delta_frac"": 0.003, ""bisect_first"": 8, ""bisect_later"": 4, ""max_calls"": 40, ""time_cap"": 2400, ""torch_threads"": 4}","{""calls"": 40, ""inner_time"": 1583.9230496883392, ""total_time"": 1599.0848076343536, ""P_abs"": null, ""outer_iters"": 10, ""greedy_peak"": 0.9618011218608394, ""best_iter"": 8, ""best_mu"": 1.0043294183740086e-05}"
mfsb,50000,2,ok,0.8646944255674806,0.8530722968031941,0.7696234760719416,0.9999898012599547,2557,5483,0.8414394062451596,0.9511786342630197,0.10973922801786018,0.011632890558034514,10.600485139317044,1308.8973591327667,0.0008018016815185547,630.609375,253.84375,4,"{""agents"": 64, ""steps"": 1000, ""dt"": 1.25, ""xi_scale"": 0.7, ""dtype"": ""float32"", ""outer_max"": 10, ""beta"": 8.0, ""delta_frac"": 0.003, ""bisect_first"": 8, ""bisect_later"": 4, ""max_calls"": 40, ""time_cap"": 2400, ""torch_threads"": 4}","{""calls"": 40, ""inner_time"": 1301.4258201122284, ""total_time"": 1308.8963243961334, ""P_abs"": null, ""outer_iters"": 10, ""greedy_peak"": 0.9511786342630197, ""best_iter"": 9, ""best_mu"": 1.4282683043613575e-05}"
milp,50000,0,ok,0.8374965572502534,0.8373532118981982,0.9987312867124073,0.9999816454238786,2414,2494,0.8360686396830662,0.9483454195466963,0.11227677986363005,0.0012845722151320071,1.144112092181689,300.4969050884247,0.4537982940673828,660.3046875,253.78125,1,"{""time_limit"": 300, ""threads"": 1}","{""status"": ""Time limit reached"", ""mip_obj"": 0.8374965572502537, ""mip_bound"": 0.8361342722861176, ""mip_gap"": 0.001626615599004886, ""milp_time"": 300.4967110157013, ""nodes"": 3851, ""n_drop"": 0, ""n_add"": 80}"
milp,50000,1,ok,0.8391285692665439,0.8390557257644016,0.9999339881927,0.9999972030517325,2567,2568,0.8382136225175506,0.9618011218608394,0.12358749934328883,0.000842103246850967,0.681382220148219,300.30079197883606,0.009286880493164062,720.04296875,253.63671875,1,"{""time_limit"": 300, ""threads"": 1}","{""status"": ""Time limit reached"", ""mip_obj"": 0.8391285692665442, ""mip_bound"": 0.8382148641132531, ""mip_gap"": 0.001088873846935977, ""milp_time"": 300.3004078865051, ""nodes"": 3331, ""n_drop"": 0, ""n_add"": 1}"
milp,50000,2,ok,0.8432479792314546,0.8432463624198002,0.9999978460193645,0.9999999619098887,2535,2536,0.8414394062451596,0.9511786342630197,0.10973922801786018,0.0018069561746406615,1.6465909294956744,300.34470081329346,0.0039441585540771484,973.19921875,253.51171875,1,"{""time_limit"": 300, ""threads"": 1}","{""status"": ""Time limit reached"", ""mip_obj"": 0.8432479792314544, ""mip_bound"": 0.8414481277665424, ""mip_gap"": 0.002134427249446149, ""milp_time"": 300.3443968296051, ""nodes"": 2446, ""n_drop"": 0, ""n_add"": 1}"
mq_bsb_mf,50000,0,ok,0.9077498794463839,0.8777068949367425,0.5773786874397799,0.9998312428827848,975,5016,0.8360686396830662,0.9483454195466963,0.11227677986363005,0.04163825525367626,37.08536645266239,2521.030656337738,0.0015439987182617188,378.23046875,253.3046875,1,"{""batch"": 32, ""n_iter"": 1000, ""outer_max"": 10, ""beta"": 8.0, ""delta_frac"": 0.003, ""bisect_first"": 8, ""bisect_later"": 4, ""max_calls"": 40, ""time_cap"": 2400, ""torch_threads"": 1}","{""calls"": 12, ""inner_time"": 2503.4160974025726, ""total_time"": 2520.3876073360443, ""P_abs"": null, ""outer_iters"": 2, ""greedy_peak"": 0.9483454195466963, ""best_iter"": 1, ""best_mu"": 6.869691352411289e-06}"
mq_cac_mf,50000,0,ok,0.9896443458821215,0.8927332275332698,0.0565929252123739,0.9998992894485196,81,6391,0.8360686396830662,0.9483454195466963,0.11227677986363005,0.05666458785020356,50.468661391097655,2426.1204290390015,0.000982046127319336,392.41015625,253.79296875,1,"{""batch"": 32, ""n_iter"": 1000, ""outer_max"": 10, ""beta"": 8.0, ""delta_frac"": 0.003, ""bisect_first"": 8, ""bisect_later"": 4, ""max_calls"": 40, ""time_cap"": 2400, ""torch_threads"": 1}","{""calls"": 6, ""inner_time"": 2419.0696561336517, ""total_time"": 2424.926293849945, ""P_abs"": null, ""outer_iters"": 1, ""greedy_peak"": 0.9483454195466963, ""best_iter"": 0, ""best_mu"": 6.869691352411289e-06}"
mq_dsb_mf,50000,0,ok,0.9073070960914533,0.8739290026835096,0.7531808696112763,0.9999606036121265,965,4017,0.8360686396830662,0.9483454195466963,0.11227677986363005,0.037860363000443376,33.720563634286705,2415.462707042694,0.0024039745330810547,391.7734375,253.8203125,1,"{""batch"": 32, ""n_iter"": 1000, ""outer_max"": 10, ""beta"": 8.0, ""delta_frac"": 0.003, ""bisect_first"": 8, ""bisect_later"": 4, ""max_calls"": 40, ""time_cap"": 2400, ""torch_threads"": 1}","{""calls"": 11, ""inner_time"": 2408.806387424469, ""total_time"": 2414.916072368622, ""P_abs"": null, ""outer_iters"": 2, ""greedy_peak"": 0.9483454195466963, ""best_iter"": 1, ""best_mu"": 6.869691352411289e-06}"
openjij_sa,50000,0,ok,0.9482983193212328,0.8880270049407069,0.1153379295070059,0.9998098989921194,367,6501,0.8360686396830662,0.9483454195466963,0.11227677986363005,0.05195836525764064,46.277035483871735,2858.3519225120544,0.0016727447509765625,16683.25,253.171875,1,"{""num_reads"": 4, ""num_sweeps"": 200, ""outer_max"": 10, ""beta"": 8.0, ""delta_frac"": 0.003, ""bisect_first"": 8, ""bisect_later"": 4, ""max_calls"": 40, ""time_cap"": 2400, ""torch_threads"": 1}","{""calls"": 5, ""inner_time"": 2652.745516061783, ""total_time"": 2858.1445910930634, ""P_abs"": null, ""outer_iters"": 1, ""greedy_peak"": 0.9483454195466963, ""best_iter"": 0, ""best_mu"": 6.869691352411289e-06}"
repair_only,50000,0,ok,1.0,0.8984868890280148,0.0,0.9995532092217772,0,6274,0.8360686396830662,0.9483454195466963,0.11227677986363005,0.06241824934494855,55.59319515643481,8.845329284667969e-05,0.47067832946777344,278.15234375,253.1484375,1,{},"{""n_drop"": 0, ""n_add"": 6274}"
repair_only,50000,1,ok,1.0,0.8987564681595973,0.0,0.9998712803520049,0,6182,0.8382136225175506,0.9618011218608394,0.12358749934328883,0.060542845642046705,48.987839355723935,3.409385681152344e-05,0.478496789932251,277.36328125,252.99609375,1,{},"{""n_drop"": 0, ""n_add"": 6182}"
repair_only,50000,2,ok,1.0,0.9005060464198968,0.0,0.9997720146312752,0,6090,0.8414394062451596,0.9511786342630197,0.10973922801786018,0.059066640174737284,53.824545006936006,3.337860107421875e-05,0.4523770809173584,278.58984375,253.38671875,1,{},"{""n_drop"": 0, ""n_add"": 6090}"
sb_ballistic,50000,0,ok,1.0,0.9075617361454253,0.13398084290076887,0.9998859743439537,2345,8116,0.8360686396830662,0.9483454195466963,0.11227677986363005,0.07149309646235913,63.67576318914182,4361.154170751572,0.0006966590881347656,58180.0703125,254.0390625,4,"{""agents"": 16, ""steps"": 500, ""dtype"": ""float32"", ""outer_max"": 10, ""beta"": 8.0, ""delta_frac"": 0.003, ""bisect_first"": 8, ""bisect_later"": 4, ""max_calls"": 40, ""time_cap"": 2400, ""torch_threads"": 4}","{""calls"": 1, ""inner_time"": 4360.180255413055, ""total_time"": 4360.632323980331, ""P_abs"": null, ""outer_iters"": 1, ""greedy_peak"": 0.9483454195466963, ""best_iter"": 0, ""best_mu"": 6.869691352411289e-06}"
sb_discrete,50000,0,ok,0.9104324088759169,0.978465513178782,9.864600186506735,0.999999247921618,22687,10376,0.8360686396830662,0.9483454195466963,0.11227677986363005,0.14239687349571584,126.82664542808341,1038.2023000717163,0.0005099773406982422,58206.49609375,252.625,8,"{""agents"": 16, ""steps"": 500, ""dtype"": ""float32"", ""outer_max"": 10, ""beta"": 8.0, ""delta_frac"": 0.003, ""bisect_first"": 8, ""bisect_later"": 4, ""max_calls"": 40, ""time_cap"": 900.0, ""torch_threads"": 8}","{""calls"": 1, ""inner_time"": 1037.066377878189, ""total_time"": 1038.03964138031, ""P_abs"": null, ""outer_iters"": 1, ""greedy_peak"": 0.9483454195466963, ""best_iter"": 0, ""best_mu"": 6.869691352411289e-06}"
greedy,200000,0,ok,0.9606535944080458,0.9606535944080458,1.0,1.0,12000,12000,0.8417054754269193,0.9606535944080458,0.11894811898112645,0.11894811898112645,100.0,0.018021106719970703,0.003679513931274414,376.08984375,291.27734375,1,{},"{""n_drop"": 0, ""n_add"": 0}"
greedy,200000,1,ok,0.9638778885614145,0.9638778885614145,1.0,1.0,12000,12000,0.8502109400456245,0.9638778885614145,0.11366694851579007,0.11366694851579007,100.0,0.01809978485107422,0.003706693649291992,374.1484375,292.83984375,1,{},"{""n_drop"": 0, ""n_add"": 0}"
greedy,200000,2,ok,0.9578095750453199,0.9578095750453199,1.0,1.0,12000,12000,0.8453008506443817,0.9578095750453199,0.11250872440093829,0.11250872440093829,100.0,0.0181124210357666,0.003643512725830078,378.7421875,292.44921875,1,{},"{""n_drop"": 0, ""n_add"": 0}"
lp,200000,0,ok,0.842689388560749,0.8419547680440609,0.9967324429619322,0.9999972850104509,10025,10737,0.8417054754269193,0.9606535944080458,0.11894811898112645,0.00024929261714157214,0.20958096628760267,1.2179765701293945,0.18398666381835938,388.7734375,291.265625,1,{},"{""n_frac"": 25, ""lp_status"": ""Optimal"", ""lp_time"": 1.2170047760009766, ""n_drop"": 0, ""n_add"": 712}"
lp,200000,1,ok,0.870267020610103,0.8521007217350388,0.9845906786550657,0.9999960302640435,9576,10449,0.8502109400456245,0.9638778885614145,0.11366694851579007,0.0018897816894143382,1.662560413638463,1.3254644870758057,0.3243408203125,387.3125,292.515625,1,{},"{""n_frac"": 25, ""lp_status"": ""Optimal"", ""lp_time"": 1.3240454196929932, ""n_drop"": 0, ""n_add"": 873}"
lp,200000,2,ok,0.8463198058983143,0.8454814100294771,0.9967315571904185,0.9999974705373081,10256,10902,0.8453008506443817,0.9578095750453199,0.11250872440093829,0.00018055938509542457,0.1604847855638107,1.67647123336792,0.3090994358062744,386.51953125,292.7421875,1,{},"{""n_frac"": 25, ""lp_status"": ""Optimal"", ""lp_time"": 1.674886703491211, ""n_drop"": 0, ""n_add"": 646}"
ls_greedy,200000,0,ok,0.8584563763939623,0.8584488808807551,0.9999879424062033,0.9999990776070892,4075,4085,0.8417054754269193,0.9606535944080458,0.11894811898112645,0.01674340545383579,14.076225498355695,91.38936352729797,0.07216334342956543,448.34765625,292.609375,1,"{""n_moves"": 30000000, ""g"": 2081.9159077132263, ""T0"": 0.0019213071888160916, ""T1"": 9.606535944080458e-07, ""moves"": ""70% swap(top-3 window add, random drop)/15% add/15% drop, hard budget""}","{""ls_time"": 91.31285786628723, ""n_drop"": 0, ""n_add"": 10}"
ls_greedy,200000,1,ok,0.8642930430497372,0.8642867471448218,0.999991357493272,0.999999094598518,4272,4281,0.8502109400456245,0.9638778885614145,0.11366694851579007,0.014075807099197313,12.38337729919966,89.77851390838623,0.04774737358093262,448.76953125,292.96484375,1,"{""n_moves"": 30000000, ""g"": 2074.9516341587578, ""T0"": 0.0019277557771228292, ""T1"": 9.638778885614145e-07, ""moves"": ""70% swap(top-3 window add, random drop)/15% add/15% drop, hard budget""}","{""ls_time"": 89.65245985984802, ""n_drop"": 0, ""n_add"": 9}"
ls_greedy,200000,2,ok,0.8593196611690532,0.8593150304089343,0.9999917344620688,0.999999618775146,4539,4546,0.8453008506443817,0.9578095750453199,0.11250872440093829,0.014014179764552659,12.45608270751649,92.24182772636414,0.021387815475463867,443.84375,292.14453125,1,"{""n_moves"": 30000000, ""g"": 2088.097730600957, ""T0"": 0.00191561915009064, ""T1"": 9.5780957504532e-07, ""moves"": ""70% swap(top-3 window add, random drop)/15% add/15% drop, hard budget""}","{""ls_time"": 92.09560656547546, ""n_drop"": 0, ""n_add"": 7}"
ls_lp,200000,0,ok,0.8422690368165797,0.8421344697399943,0.9992800747535319,0.9999984487619419,10023,10240,0.8417054754269193,0.9606535944080458,0.11894811898112645,0.0004289943130749707,0.3606566600208612,90.42650938034058,7.897369384765625,448.08203125,292.13671875,1,"{""n_moves"": 30000000, ""g"": 2373.3537257611038, ""T0"": 0.0016853787771214982, ""T1"": 8.42689388560749e-07, ""moves"": ""70% swap(top-3 window add, random drop)/15% add/15% drop, hard budget""}","{""ls_time"": 90.30448698997498, ""n_drop"": 0, ""n_add"": 217}"
ls_lp,200000,1,ok,0.8587679490717963,0.858379576924087,0.9993308498837689,0.999997252801925,9519,9693,0.8502109400456245,0.9638778885614145,0.11366694851579007,0.008168636878462476,7.1864662376572275,89.42297196388245,5.6225810050964355,447.5,291.68359375,1,"{""n_moves"": 30000000, ""g"": 2298.1452274244457, ""T0"": 0.001740534041220206, ""T1"": 8.70267020610103e-07, ""moves"": ""70% swap(top-3 window add, random drop)/15% add/15% drop, hard budget""}","{""ls_time"": 89.3295407295227, ""n_drop"": 0, ""n_add"": 174}"
ls_lp,200000,2,ok,0.8459493452046274,0.8458202760640586,0.9993659622678782,0.9999977499409575,10254,10427,0.8453008506443817,0.9578095750453199,0.11250872440093829,0.0005194254196769776,0.4616756811017989,90.98077821731567,7.317119598388672,444.29296875,292.79296875,1,"{""n_moves"": 30000000, ""g"": 2363.1728645144112, ""T0"": 0.0016926396117966287, ""T1"": 8.463198058983143e-07, ""moves"": ""70% swap(top-3 window add, random drop)/15% add/15% drop, hard budget""}","{""ls_time"": 90.91915464401245, ""n_drop"": 0, ""n_add"": 173}"
mfsb,200000,0,ok,0.8606047290556886,0.8508481520977955,0.8182542670383434,0.999987335082149,10665,21358,0.8417054754269193,0.9606535944080458,0.11894811898112645,0.009142676670876204,7.686272594463538,2117.9824187755585,0.006859779357910156,651.30859375,293.55859375,4,"{""agents"": 16, ""steps"": 1000, ""dt"": 1.25, ""xi_scale"": 0.7, ""dtype"": ""float32"", ""outer_max"": 10, ""beta"": 8.0, ""delta_frac"": 0.003, ""bisect_first"": 8, ""bisect_later"": 4, ""max_calls"": 40, ""time_cap"": 2400, ""torch_threads"": 4}","{""calls"": 40, ""inner_time"": 1817.4433488845825, ""total_time"": 2117.980755329132, ""P_abs"": null, ""outer_iters"": 9, ""greedy_peak"": 0.9606535944080458, ""best_iter"": 8, ""best_mu"": 3.344316332091757e-06}"
mfsb,200000,1,ok,0.875616795819805,0.8648044216995221,0.8760768975631801,0.9999779610291646,12890,19998,0.8502109400456245,0.9638778885614145,0.11366694851579007,0.014593481653897622,12.838808329468232,1986.2109773159027,0.010399103164672852,432.58203125,292.88671875,4,"{""agents"": 16, ""steps"": 1000, ""dt"": 1.25, ""xi_scale"": 0.7, ""dtype"": ""float32"", ""outer_max"": 10, ""beta"": 8.0, ""delta_frac"": 0.003, ""bisect_first"": 8, ""bisect_later"": 4, ""max_calls"": 40, ""time_cap"": 2400, ""torch_threads"": 4}","{""calls"": 40, ""inner_time"": 1698.8386466503143, ""total_time"": 1986.2098979949951, ""P_abs"": null, ""outer_iters"": 10, ""greedy_peak"": 0.9638778885614145, ""best_iter"": 8, ""best_mu"": 1.3896662614439765e-06}"
mfsb,200000,2,ok,0.8636322887041208,0.8546456502674561,0.8435639953613286,0.9999895138539675,12070,21317,0.8453008506443817,0.9578095750453199,0.11250872440093829,0.00934479962307444,8.305844433693098,2069.80136346817,0.006877899169921875,512.15625,293.046875,4,"{""agents"": 16, ""steps"": 1000, ""dt"": 1.25, ""xi_scale"": 0.7, ""dtype"": ""float32"", ""outer_max"": 10, ""beta"": 8.0, ""delta_frac"": 0.003, ""bisect_first"": 8, ""bisect_later"": 4, ""max_calls"": 40, ""time_cap"": 2400, ""torch_threads"": 4}","{""calls"": 38, ""inner_time"": 1774.243388414383, ""total_time"": 2069.8001894950867, ""P_abs"": null, ""outer_iters"": 10, ""greedy_peak"": 0.9578095750453199, ""best_iter"": 8, ""best_mu"": 2.27341536011891e-06}"
milp,200000,0,no_solution,,,,,,,0.8417054754269193,0.9606535944080458,0.11894811898112645,,,304.02782583236694,0.00021719932556152344,393.4296875,291.42578125,1,"{""time_limit"": 300, ""threads"": 1}","{""status"": ""Time limit reached"", ""mip_obj"": NaN, ""mip_bound"": -Infinity, ""mip_gap"": Infinity, ""milp_time"": 304.023800611496, ""nodes"": 0}"
milp,200000,1,no_solution,,,,,,,0.8502109400456245,0.9638778885614145,0.11366694851579007,,,301.62688183784485,0.00013971328735351562,395.26953125,293.4453125,1,"{""time_limit"": 300, ""threads"": 1}","{""status"": ""Time limit reached"", ""mip_obj"": NaN, ""mip_bound"": -Infinity, ""mip_gap"": Infinity, ""milp_time"": 301.62667441368103, ""nodes"": 0}"
milp,200000,2,no_solution,,,,,,,0.8453008506443817,0.9578095750453199,0.11250872440093829,,,392.9166944026947,0.00021219253540039062,393.39453125,292.16015625,1,"{""time_limit"": 300, ""threads"": 1}","{""status"": ""Time limit reached"", ""mip_obj"": NaN, ""mip_bound"": -Infinity, ""mip_gap"": Infinity, ""milp_time"": 392.9162564277649, ""nodes"": 0}"
mq_bsb_mf,200000,0,ok,0.970111571495628,0.8969447134321888,0.04604461980642051,0.999982675730024,802,25314,0.8417054754269193,0.9606535944080458,0.11894811898112645,0.05523923800526953,46.439774313736194,2687.5376925468445,0.003612041473388672,636.73828125,293.3203125,1,"{""batch"": 32, ""n_iter"": 1000, ""outer_max"": 10, ""beta"": 8.0, ""delta_frac"": 0.003, ""bisect_first"": 8, ""bisect_later"": 4, ""max_calls"": 40, ""time_cap"": 2400, ""torch_threads"": 1}","{""calls"": 3, ""inner_time"": 2632.216778755188, ""total_time"": 2686.9014678001404, ""P_abs"": null, ""outer_iters"": 1, ""greedy_peak"": 0.9606535944080458, ""best_iter"": 0, ""best_mu"": 1.6721581660458784e-06}"
mq_cac_mf,200000,0,ok,0.9949414976284308,0.8966435834028327,0.04199789789975774,0.9999953062593795,205,25005,0.8417054754269193,0.9606535944080458,0.11894811898112645,0.054938107975913364,46.186613497125094,3408.9266560077667,0.005599260330200195,686.41015625,293.296875,1,"{""batch"": 32, ""n_iter"": 1000, ""outer_max"": 10, ""beta"": 8.0, ""delta_frac"": 0.003, ""bisect_first"": 8, ""bisect_later"": 4, ""max_calls"": 40, ""time_cap"": 2400, ""torch_threads"": 1}","{""calls"": 2, ""inner_time"": 3384.4716000556946, ""total_time"": 3408.133201599121, ""P_abs"": null, ""outer_iters"": 1, ""greedy_peak"": 0.9606535944080458, ""best_iter"": 0, ""best_mu"": 1.6721581660458784e-06}"
mq_dsb_mf,200000,0,ok,0.9648517656720875,0.8945954392741547,0.08312182435980005,0.9999525759684614,1096,25601,0.8417054754269193,0.9606535944080458,0.11894811898112645,0.05288996384723543,44.46473328058891,2885.685873031616,0.009064197540283203,685.3046875,293.4453125,1,"{""batch"": 32, ""n_iter"": 1000, ""outer_max"": 10, ""beta"": 8.0, ""delta_frac"": 0.003, ""bisect_first"": 8, ""bisect_later"": 4, ""max_calls"": 40, ""time_cap"": 2400, ""torch_threads"": 1}","{""calls"": 3, ""inner_time"": 2846.0826919078827, ""total_time"": 2884.931252002716, ""P_abs"": null, ""outer_iters"": 1, ""greedy_peak"": 0.9606535944080458, ""best_iter"": 0, ""best_mu"": 1.6721581660458784e-06}"
repair_only,200000,0,ok,1.0,0.9008457144189129,0.0,0.9999276273179123,0,24949,0.8417054754269193,0.9606535944080458,0.11894811898112645,0.05914023899199361,49.719356218972585,0.0001475811004638672,6.055478096008301,381.98046875,292.9921875,1,{},"{""n_drop"": 0, ""n_add"": 24949}"
repair_only,200000,1,ok,1.0,0.9054891093635515,0.0,0.9999521465359804,0,24456,0.8502109400456245,0.9638778885614145,0.11366694851579007,0.05527816931792706,48.63169992660451,0.00032448768615722656,6.3383800983428955,374.578125,293.10546875,1,{},"{""n_drop"": 0, ""n_add"": 24456}"
repair_only,200000,2,ok,1.0,0.9021911157841151,0.0,0.9999619346349597,0,24678,0.8453008506443817,0.9578095750453199,0.11250872440093829,0.0568902651397335,50.565203225483415,0.0001232624053955078,5.966159820556641,379.63671875,293.3828125,1,{},"{""n_drop"": 0, ""n_add"": 24678}"
