threshold,wr,peak,result_file,secs
0.753651,36.85173225540373,36.31296943792592,/home/sxing/project/OS_final_project/changes/1_literature_review/explore/common/work/runs/a0/a0_baleen_Region6_s0.2_rep3/converge/th_0.753651/ml-ap-0.753651_6_lru_366.475GB/full_0.2_0.1_cache_perf.txt.lzma,695.8695983886719
0.763651,35.980668876288505,36.31296943792592,/home/sxing/project/OS_final_project/changes/1_literature_review/explore/common/work/runs/a0/a0_baleen_Region6_s0.2_rep3/converge/th_0.763651/ml-ap-0.763651_6_lru_366.475GB/full_0.2_0.1_cache_perf.txt.lzma,700.6824407577515
0.765461,35.772157426353836,36.14300051795546,/home/sxing/project/OS_final_project/changes/1_literature_review/explore/common/work/runs/a0/a0_baleen_Region6_s0.2_rep3/converge/th_0.765461/ml-ap-0.765461_6_lru_366.475GB/full_0.2_0.1_cache_perf.txt.lzma,678.6597855091095
0.767961,35.54273208976575,36.14300051795546,/home/sxing/project/OS_final_project/changes/1_literature_review/explore/common/work/runs/a0/a0_baleen_Region6_s0.2_rep3/converge/th_0.767961/ml-ap-0.767961_6_lru_366.475GB/full_0.2_0.1_cache_perf.txt.lzma,2517.3095138072968
0.770461,35.30954225358004,36.14300051795546,/home/sxing/project/OS_final_project/changes/1_literature_review/explore/common/work/runs/a0/a0_baleen_Region6_s0.2_rep3/converge/th_0.770461/ml-ap-0.770461_6_lru_366.475GB/full_0.2_0.1_cache_perf.txt.lzma,2352.2927265167236
0.773651,35.095174915382415,36.14300051795546,/home/sxing/project/OS_final_project/changes/1_literature_review/explore/common/work/runs/a0/a0_baleen_Region6_s0.2_rep3/converge/th_0.773651/ml-ap-0.773651_6_lru_366.475GB/full_0.2_0.1_cache_perf.txt.lzma,681.1963658332825
0.783651,34.33537341326342,36.14300051795546,/home/sxing/project/OS_final_project/changes/1_literature_review/explore/common/work/runs/a0/a0_baleen_Region6_s0.2_rep3/converge/th_0.783651/ml-ap-0.783651_6_lru_366.475GB/full_0.2_0.1_cache_perf.txt.lzma,657.7861688137054
0.803651,32.84421329487409,36.14300051795546,/home/sxing/project/OS_final_project/changes/1_literature_review/explore/common/work/runs/a0/a0_baleen_Region6_s0.2_rep3/converge/th_0.803651/ml-ap-0.803651_6_lru_366.475GB/full_0.2_0.1_cache_perf.txt.lzma,654.2559962272644
0.823651,30.906959974167165,36.2812257186807,/home/sxing/project/OS_final_project/changes/1_literature_review/explore/common/work/runs/a0/a0_baleen_Region6_s0.2_rep3/converge/th_0.823651/ml-ap-0.823651_6_lru_366.475GB/full_0.2_0.1_cache_perf.txt.lzma,634.1364965438843
