instance,method,n,p100_mean,p100_sd,wr_min,wr_max,all_matched
Region6_s0,Baleen,9,43.24786864366893,0.04050846442936721,35.27279906836039,35.67499531503071,True
Region6_s0,CoinFlip,1,43.445335,,35.56937435581672,35.56937435581672,True
Region6_s0,OPT,1,35.55639730640897,,35.68106067704498,35.68106067704498,True
Region6_s0,RejectX,1,42.321079,,35.67332211171644,35.67332211171644,True
Region6_s0.1,Baleen,3,40.9340898299695,0.06687902301313371,35.47314254928272,35.85043853338107,True
Region6_s0.1,CoinFlip,1,50.01701307960755,,35.58984496565017,35.58984496565017,True
Region6_s0.1,OPT,1,30.90125615128896,,35.6758031970606,35.6758031970606,True
Region6_s0.1,RejectX,1,42.2507770008367,,35.80505426034929,35.80505426034929,True
Region6_s0.2,Baleen,3,36.2563131312691,0.09813160169881795,35.28047195113177,35.9049606066031,True
Region6_s0.2,CoinFlip,1,43.8501683500771,,35.617185526251944,35.617185526251944,True
Region6_s0.2,OPT,1,30.615595053107974,,35.61864949831769,35.61864949831769,True
Region6_s0.2,RejectX,1,37.29346348086647,,35.619276914917286,35.619276914917286,True
Region6_s0.3,Baleen,3,36.96472740222905,0.2580307872651065,35.61941201374165,35.917479781592675,True
Region6_s0.3,CoinFlip,1,41.09447034462871,,35.6166927990174,35.6166927990174,True
Region6_s0.3,OPT,1,31.96417702668828,,35.572348681975704,35.572348681975704,True
Region6_s0.3,RejectX,1,39.19094794094833,,35.59033733322847,35.59033733322847,True
Region7_s0,Baleen,9,40.09732294449067,0.17606357837315306,35.29561863648152,35.82226907277732,True
Region7_s0,CoinFlip,1,48.960956,,35.68631880129508,35.68631880129508,True
Region7_s0,OPT,1,34.52162652162003,,35.548695295702295,35.548695295702295,True
Region7_s0,RejectX,1,42.455387,,36.000468505550955,36.000468505550955,True
Region7_s0.1,Baleen,3,36.569935465814815,0.24914362892383882,35.42599790188379,35.839263216542655,True
Region7_s0.1,CoinFlip,1,45.997167184775954,,35.58118153724658,35.58118153724658,True
Region7_s0.1,OPT,1,33.67582880087883,,35.52910508818279,35.52910508818279,True
Region7_s0.1,RejectX,1,38.662781662765155,,35.67696874074545,35.67696874074545,True
Region7_s0.2,Baleen,3,36.78698307865778,0.0023364667083341766,35.53926284598537,35.70594986924375,True
Region7_s0.2,CoinFlip,1,41.966070966040014,,35.60953491601651,35.60953491601651,True
Region7_s0.2,OPT,1,35.27735690236913,,35.650736099933575,35.650736099933575,True
Region7_s0.2,RejectX,1,38.004694379683066,,35.89543348664914,35.89543348664914,True
Region7_s0.3,Baleen,3,37.81087585258476,0.24986347427663771,35.57370534593826,35.75587718564377,True
Region7_s0.3,CoinFlip,1,45.19091556599935,,35.61030703589057,35.61030703589057,True
Region7_s0.3,OPT,1,31.228357290826935,,35.62871245712373,35.62871245712373,True
Region7_s0.3,RejectX,1,38.89279008027163,,35.59064669957333,35.59064669957333,True
