instance,region,sample,method,variant,rep,knob,value,wr,p100,matched,source,p99,top5,mean_dt,exp,n_sims,argmax,scale,top5_windows,result_file,author_prob,author_p100,author_wr,converged_by_bisection,ea,author_th
Region6_s0,Region6,0.0,Baleen,Fig 9 (0_reproduce retrain_dist),0,ap-threshold(prob),0.806378,35.31755725701741,43.20967689714432,True,0_reproduce/work/results/retrain_dist.csv,,,,,,,,,,,,,,,
Region6_s0,Region6,0.0,Baleen,Fig 9 (0_reproduce retrain_dist),1,ap-threshold(prob),0.812151,35.27279906836039,43.20967689714432,True,0_reproduce/work/results/retrain_dist.csv,,,,,,,,,,,,,,,
Region6_s0,Region6,0.0,Baleen,Fig 9 (0_reproduce retrain_dist),2,ap-threshold(prob),0.801113,35.67499531503071,43.26696451693124,True,0_reproduce/work/results/retrain_dist.csv,,,,,,,,,,,,,,,
Region6_s0,Region6,0.0,Baleen,Fig 9 (0_reproduce retrain_dist),3,ap-threshold(prob),0.806378,35.40686448391717,43.26696451693124,True,0_reproduce/work/results/retrain_dist.csv,,,,,,,,,,,,,,,
Region6_s0,Region6,0.0,Baleen,Fig 9 (0_reproduce retrain_dist),4,ap-threshold(prob),0.800241,35.56665540043102,43.26696451693124,True,0_reproduce/work/results/retrain_dist.csv,,,,,,,,,,,,,,,
Region6_s0,Region6,0.0,Baleen,Fig 9 (0_reproduce retrain_dist),5,ap-threshold(prob),0.811872,35.59489070635951,43.32425213671816,True,0_reproduce/work/results/retrain_dist.csv,,,,,,,,,,,,,,,
Region6_s0,Region6,0.0,Baleen,Fig 9 (0_reproduce retrain_dist),6,ap-threshold(prob),0.795933,35.57481226658813,43.26696451693124,True,0_reproduce/work/results/retrain_dist.csv,,,,,,,,,,,,,,,
Region6_s0,Region6,0.0,Baleen,Fig 9 (0_reproduce retrain_dist),7,ap-threshold(prob),0.810764,35.634629285073686,43.20967689714432,True,0_reproduce/work/results/retrain_dist.csv,,,,,,,,,,,,,,,
Region6_s0,Region6,0.0,Baleen,Fig 9 (0_reproduce retrain_dist),8,ap-threshold(prob),0.797559,35.65428942401649,43.20967689714432,True,0_reproduce/work/results/retrain_dist.csv,,,,,,,,,,,,,,,
Region7_s0,Region7,0.0,Baleen,Fig 9 (0_reproduce retrain_dist),0,ap-threshold(prob),0.62094,35.82226907277732,39.97936091680971,True,0_reproduce/work/results/retrain_dist.csv,,,,,,,,,,,,,,,
Region7_s0,Region7,0.0,Baleen,Fig 9 (0_reproduce retrain_dist),1,ap-threshold(prob),0.62094,35.48134762275264,39.955079642524005,True,0_reproduce/work/results/retrain_dist.csv,,,,,,,,,,,,,,,
Region7_s0,Region7,0.0,Baleen,Fig 9 (0_reproduce retrain_dist),2,ap-threshold(prob),0.62094,35.54932275849375,40.35483035477437,True,0_reproduce/work/results/retrain_dist.csv,,,,,,,,,,,,,,,
Region7_s0,Region7,0.0,Baleen,Fig 9 (0_reproduce retrain_dist),3,ap-threshold(prob),0.62094,35.778974140166824,40.03601722346233,True,0_reproduce/work/results/retrain_dist.csv,,,,,,,,,,,,,,,
Region7_s0,Region7,0.0,Baleen,Fig 9 (0_reproduce retrain_dist),4,ap-threshold(prob),0.62094,35.72187502614428,40.0892579642055,True,0_reproduce/work/results/retrain_dist.csv,,,,,,,,,,,,,,,
Region7_s0,Region7,0.0,Baleen,Fig 9 (0_reproduce retrain_dist),5,ap-threshold(prob),0.627236,35.65389989040317,40.00427350421711,True,0_reproduce/work/results/retrain_dist.csv,,,,,,,,,,,,,,,
Region7_s0,Region7,0.0,Baleen,Fig 9 (0_reproduce retrain_dist),6,ap-threshold(prob),0.630767,35.6409323260464,40.4248899248332,True,0_reproduce/work/results/retrain_dist.csv,,,,,,,,,,,,,,,
Region7_s0,Region7,0.0,Baleen,Fig 9 (0_reproduce retrain_dist),7,ap-threshold(prob),0.62094,35.29561863648152,39.93079836824462,True,0_reproduce/work/results/retrain_dist.csv,,,,,,,,,,,,,,,
Region7_s0,Region7,0.0,Baleen,Fig 9 (0_reproduce retrain_dist),8,ap-threshold(prob),0.614709,35.75596717114675,40.10139860134518,True,0_reproduce/work/results/retrain_dist.csv,,,,,,,,,,,,,,,
Region7_s0,Region7,0.0,RejectX,"20230410_static_pf (0_reproduce fig9 replay, bit-exact)",0,ap-probability,0.092777,36.000468505550955,42.455387,True,0_reproduce/RESULTS.md section 2,,,,,,,,,,,,,,,
Region7_s0,Region7,0.0,CoinFlip,"20230410_static_pf (0_reproduce fig9 replay, bit-exact)",0,ap-probability,0.052391,35.68631880129508,48.960956,True,0_reproduce/RESULTS.md section 2,,,,,,,,,,,,,,,
Region6_s0,Region6,0.0,RejectX,"20230410_static_pf (0_reproduce fig9 replay, bit-exact)",0,ap-probability,0.044576,35.67332211171644,42.321079,True,0_reproduce/RESULTS.md section 2,,,,,,,,,,,,,,,
Region6_s0,Region6,0.0,CoinFlip,"20230410_static_pf (0_reproduce fig9 replay, bit-exact)",0,ap-probability,0.048592,35.56937435581672,43.445335,True,0_reproduce/RESULTS.md section 2,,,,,,,,,,,,,,,
Region7_s0,Region7,0.0,OPT,peak-blind (harness_eval R0),0,ap-threshold(MB/s),30.3777,35.548695295702295,34.52162652162003,True,harness_eval/results/offline.csv,29.36608067858464,32.21165177414901,19.75783561180482,,,,,,,,,,,,
Region6_s0,Region6,0.0,OPT,peak-blind (harness_eval R0),0,ap-threshold(MB/s),27.789692,35.68106067704498,35.55639730640897,True,harness_eval/results/offline.csv,29.444633514648206,32.786221186237675,19.289012388445727,,,,,,,,,,,,
Region7_s0.1,Region7,0.1,RejectX,20230410_static_pf,0,ap-probability,0.101083,35.67696874074545,38.662781662765155,True,common/results/a0.jsonl,34.3427952602799,37.53258870760453,22.42708920675167,a0_rejectx_static_Region7_s0.1,1.0,616.0,4.62962962962963,"[616, 621, 315, 647, 299]",runs/a0/a0_rejectx_static_Region7_s0.1/converge/th_0.101083/rejectx-ap-1_0.101083_lru_366.475GB/full_0.1_0.1_cache_perf.txt.lzma,0.101083,38.662781662782,35.67696874074545,False,7007.309,
Region7_s0.2,Region7,0.2,RejectX,20230410_static_pf,0,ap-probability,0.115193,35.89543348664914,38.004694379683066,True,common/results/a0.jsonl,35.16117132866106,36.92007252006588,22.608182612929646,a0_rejectx_static_Region7_s0.2,1.0,296.0,4.62962962962963,"[296, 657, 303, 613, 660]",runs/a0/a0_rejectx_static_Region7_s0.2/converge/th_0.115193/rejectx-ap-1_0.115193_lru_366.475GB/full_0.2_0.1_cache_perf.txt.lzma,0.115193,38.00469437969358,35.89543348664914,False,6850.576,
Region7_s0.3,Region7,0.3,RejectX,20230410_static_pf,0,ap-probability,0.103759,35.59064669957333,38.89279008027163,True,common/results/a0.jsonl,32.03661680909692,37.045325045318336,22.123423093002803,a0_rejectx_static_Region7_s0.3,1.0,636.0,4.62962962962963,"[636, 362, 622, 635, 252]",runs/a0/a0_rejectx_static_Region7_s0.3/converge/th_0.103759/rejectx-ap-1_0.103759_lru_366.475GB/full_0.3_0.1_cache_perf.txt.lzma,0.103759,38.89279008029058,35.59064669957333,False,6861.758,
Region7_s0.3,Region7,0.3,OPT,"peak-blind (Baleen order, OPT-Range on OPT-Ep-Start)",0,ap-threshold(MB/s),30.385408,35.62871245712373,31.228357290826935,True,common/results/a0.jsonl,27.41515928517553,29.863063325561995,19.272071251335806,a0_full_Region7_s0.3,6.0,252.0,4.62962962962963,"[252, 635, 622, 636, 722]",runs/a0/a0_full_Region7_s0.3/converge/th_30.385408/offline-ap-30.3854_lru_366.475GB/full_0.3_0.1_cache_perf.txt.lzma,,31.49155011654842,36.37998828745921,,4688.807,30.0055
Region7_s0.1,Region7,0.1,OPT,"peak-blind (Baleen order, OPT-Range on OPT-Ep-Start)",0,ap-threshold(MB/s),30.089098,35.52910508818279,33.67582880087883,True,common/results/a0.jsonl,28.716970344467942,31.707417119942935,19.445742956513953,a0_full_Region7_s0.1,6.0,621.0,4.62962962962963,"[621, 299, 647, 629, 658]",runs/a0/a0_full_Region7_s0.1/converge/th_30.089098/offline-ap-30.0891_lru_366.475GB/full_0.1_0.1_cache_perf.txt.lzma,,33.06827894327937,35.88401968280632,,4501.001,29.5875
Region7_s0.2,Region7,0.2,OPT,"peak-blind (Baleen order, OPT-Range on OPT-Ep-Start)",0,ap-threshold(MB/s),30.765514,35.650736099933575,35.27735690236913,True,common/results/a0.jsonl,29.843701113690575,32.18745143744685,19.614219322966544,a0_full_Region7_s0.2,6.0,657.0,4.629629629629629,"[657, 255, 620, 660, 639]",runs/a0/a0_full_Region7_s0.2/converge/th_30.765514/offline-ap-30.7655_lru_366.475GB/full_0.2_0.1_cache_perf.txt.lzma,,36.28669709919702,35.896897488108124,,4615.013,30.269
Region6_s0.1,Region6,0.1,OPT,"peak-blind (Baleen order, OPT-Range on OPT-Ep-Start)",0,ap-threshold(MB/s),27.497872,35.6758031970606,30.90125615128896,True,common/results/a0.jsonl,27.4058398083533,29.016213416228975,17.9439947806793,a0_full_Region6_s0.1,6.0,817.0,4.62962962962963,"[817, 150, 183, 763, 776]",runs/a0/a0_full_Region6_s0.1/converge/th_27.497872/offline-ap-27.4979_lru_366.475GB/full_0.1_0.1_cache_perf.txt.lzma,,31.556445868943683,34.97663441943266,,3862.37,27.0761
Region6_s0.3,Region6,0.3,OPT,"peak-blind (Baleen order, OPT-Range on OPT-Ep-Start)",0,ap-threshold(MB/s),28.019211,35.572348681975704,31.96417702668828,True,common/results/a0.jsonl,28.55652162652606,30.675896788417,18.625492199294484,a0_full_Region6_s0.3,6.0,815.0,4.629629629629629,"[815, 205, 775, 807, 777]",runs/a0/a0_full_Region6_s0.3/converge/th_28.019211/offline-ap-28.0192_lru_366.475GB/full_0.3_0.1_cache_perf.txt.lzma,,34.48297073297184,34.11359456759466,,3666.481,27.4785
Region6_s0.1,Region6,0.1,RejectX,20230410_static_pf,0,ap-probability,0.056487,35.80505426034929,42.2507770008367,True,common/results/a0.jsonl,33.03153587151979,38.431691919235945,21.01202286489062,a0_rejectx_static_Region6_s0.1,1.0,284.0,4.62962962962963,"[284, 283, 219, 280, 293]",runs/a0/a0_rejectx_static_Region6_s0.1/converge/th_0.056487/rejectx-ap-1_0.056487_lru_366.475GB/full_0.1_0.1_cache_perf.txt.lzma,0.056487,42.25077700077775,35.80505426034929,False,6140.738,
Region6_s0.2,Region6,0.2,OPT,"peak-blind (Baleen order, OPT-Range on OPT-Ep-Start)",0,ap-threshold(MB/s),28.09672,35.61864949831769,30.615595053107974,True,common/results/a0.jsonl,27.717422299923676,29.715659803174827,19.651819241505535,a0_full_Region6_s0.2,6.0,799.0,4.629629629629628,"[799, 803, 788, 728, 153]",runs/a0/a0_full_Region6_s0.2/converge/th_28.096720/offline-ap-28.0967_lru_366.475GB/full_0.2_0.1_cache_perf.txt.lzma,,31.292427479926303,34.73629262040961,,3796.137,27.4071
Region6_s0.3,Region6,0.3,RejectX,20230410_static_pf,0,ap-probability,0.04461,35.59033733322847,39.19094794094833,True,common/results/a0.jsonl,34.692499676227165,36.67478632479683,21.845687144096704,a0_rejectx_static_Region6_s0.3,1.0,815.0,4.629629629629629,"[815, 796, 808, 810, 794]",runs/a0/a0_rejectx_static_Region6_s0.3/converge/th_0.044610/rejectx-ap-1_0.04461_lru_366.475GB/full_0.3_0.1_cache_perf.txt.lzma,0.04461,39.19094794094622,35.59033733322847,False,5938.023,
Region7_s0.2,Region7,0.2,Baleen,ML-Range on ML-When,1,ap-threshold(prob),0.620691,35.53926284598537,36.78833203833973,True,common/results/a0.jsonl,33.02383514633541,35.0603405853353,21.407969814466252,a0_baleen_Region7_s0.2_rep1,3.0,657.0,4.62962962962963,"[657, 613, 660, 296, 620]",runs/a0/a0_baleen_Region7_s0.2_rep1/converge/th_0.620691/ml-ap-0.620691_6_lru_366.475GB/full_0.2_0.1_cache_perf.txt.lzma,,37.461781274280966,36.573057019092246,,5726.042,0.640691
Region6_s0.2,Region6,0.2,RejectX,20230410_static_pf,0,ap-probability,0.035515,35.619276914917286,37.29346348086647,True,common/results/a0.jsonl,34.133547656046495,36.31621665370095,23.19468243697817,a0_rejectx_static_Region6_s0.2,1.0,457.0,4.629629629629629,"[457, 312, 813, 788, 822]",runs/a0/a0_rejectx_static_Region6_s0.2/converge/th_0.035515/rejectx-ap-1_0.035515_lru_366.475GB/full_0.2_0.1_cache_perf.txt.lzma,0.035515,37.29346348096332,35.619276914917286,False,6225.993,
Region7_s0.1,Region7,0.1,CoinFlip,20230410_static_pf,0,ap-probability,0.052855,35.58118153724658,45.997167184775954,True,common/results/a0.jsonl,37.790606060623475,41.12597125099139,24.09655359997605,a0_coinflip_static_Region7_s0.1,1.0,315.0,4.629629629629629,"[315, 621, 616, 647, 666]",runs/a0/a0_coinflip_static_Region7_s0.1/converge/th_0.052855/coinflip-ap-0.052855_lru_366.475GB/full_0.1_0.1_cache_perf.txt.lzma,0.052855,45.99716718466754,35.58118153724658,False,7325.993,
Region7_s0.2,Region7,0.2,CoinFlip,20230410_static_pf,0,ap-probability,0.053757,35.60953491601651,41.966070966040014,True,common/results/a0.jsonl,38.82721121468943,41.01317340062901,24.36993241548225,a0_coinflip_static_Region7_s0.2,1.0,297.0,4.629629629629629,"[297, 296, 613, 660, 866]",runs/a0/a0_coinflip_static_Region7_s0.2/converge/th_0.053757/coinflip-ap-0.053757_lru_366.475GB/full_0.2_0.1_cache_perf.txt.lzma,0.053757,41.96607096607055,35.60953491601651,False,7318.911,
Region7_s0.3,Region7,0.3,Baleen,ML-Range on ML-When,1,ap-threshold(prob),0.563887,35.75587718564377,37.53004403008448,True,common/results/a0.jsonl,30.676234783739314,36.08807627557427,20.92729429290777,a0_baleen_Region7_s0.3_rep1,3.0,362.0,4.629629629629629,"[362, 636, 252, 622, 635]",runs/a0/a0_baleen_Region7_s0.3_rep1/converge/th_0.563887/ml-ap-0.563887_6_lru_366.475GB/full_0.3_0.1_cache_perf.txt.lzma,,40.44732582232558,34.63189157533674,,5825.17,0.583887
Region7_s0.1,Region7,0.1,Baleen,ML-Range on ML-When,1,ap-threshold(prob),0.554348,35.475773784924684,36.29297785552252,True,common/results/a0.jsonl,32.077860010352765,34.84030044030701,21.06890243781358,a0_baleen_Region7_s0.1_rep1,6.0,621.0,4.62962962962963,"[621, 616, 299, 647, 661]",runs/a0/a0_baleen_Region7_s0.1_rep1/converge/th_0.554348/ml-ap-0.554348_6_lru_366.475GB/full_0.1_0.1_cache_perf.txt.lzma,,35.92689717689584,36.18685782836607,,5670.676,0.564254
Region7_s0.3,Region7,0.3,CoinFlip,20230410_static_pf,0,ap-probability,0.052247,35.61030703589057,45.19091556599935,True,common/results/a0.jsonl,36.11812807560606,40.323614348620104,23.880655326046618,a0_coinflip_static_Region7_s0.3,1.0,362.0,4.629629629629629,"[362, 622, 636, 289, 660]",runs/a0/a0_coinflip_static_Region7_s0.3/converge/th_0.052247/coinflip-ap-0.052247_lru_366.475GB/full_0.3_0.1_cache_perf.txt.lzma,0.052247,45.190915565915134,35.61030703589057,False,7255.206,
Region6_s0.1,Region6,0.1,Baleen,All on Partial Hit,1,ap-threshold(prob),0.774678,35.47314254928272,40.89547720802973,True,common/results/a0.jsonl,32.247270137279,37.93975977727664,20.394458741834054,a0_baleen_Region6_s0.1_rep1,6.0,284.0,4.629629629629629,"[284, 280, 219, 283, 293]",runs/a0/a0_baleen_Region6_s0.1_rep1/converge/th_0.774678/ml-ap-0.774678_6_lru_366.475GB/full_0.1_0.1_cache_perf.txt.lzma,,35.62140637140382,35.716377155439254,,4450.398,0.804678
Region6_s0.2,Region6,0.2,Baleen,All on Partial Hit,1,ap-threshold(prob),0.773651,35.28047195113177,36.31296943792592,True,common/results/a0.jsonl,32.23012432011294,35.30982258480603,22.33839742602004,a0_baleen_Region6_s0.2_rep1,6.0,457.0,4.629629629629629,"[457, 153, 814, 788, 453]",runs/a0/a0_baleen_Region6_s0.2_rep1/converge/th_0.773651/ml-ap-0.773651_6_lru_366.475GB/full_0.2_0.1_cache_perf.txt.lzma,,37.544904169903,34.84943674720465,,4490.49,0.803651
Region6_s0.1,Region6,0.1,CoinFlip,20230410_static_pf,0,ap-probability,0.050622,35.58984496565017,50.01701307960755,True,common/results/a0.jsonl,36.08731869983095,44.87534641292099,22.792379562592252,a0_coinflip_static_Region6_s0.1,1.0,284.0,4.62962962962963,"[284, 219, 280, 293, 283]",runs/a0/a0_coinflip_static_Region6_s0.1/converge/th_0.050622/coinflip-ap-0.050622_lru_366.475GB/full_0.1_0.1_cache_perf.txt.lzma,0.050622,50.01701307951385,35.58984496565017,False,6398.286,
Region7_s0.1,Region7,0.1,Baleen,ML-Range on ML-When,2,ap-threshold(prob),0.551461,35.42599790188379,36.64100945355728,True,common/results/a0.jsonl,32.3580050505209,35.062321937329195,20.995315905918897,a0_baleen_Region7_s0.1_rep2,6.0,621.0,4.629629629629629,"[621, 616, 647, 299, 661]",runs/a0/a0_baleen_Region7_s0.1_rep2/converge/th_0.551461/ml-ap-0.551461_6_lru_366.475GB/full_0.1_0.1_cache_perf.txt.lzma,,35.92689717689584,36.18685782836607,,5670.676,0.564254
Region7_s0.2,Region7,0.2,Baleen,ML-Range on ML-When,2,ap-threshold(prob),0.633215,35.67290526488387,36.788332038341835,True,common/results/a0.jsonl,33.137327117320694,35.10885133384544,21.468319740363462,a0_baleen_Region7_s0.2_rep2,6.0,657.0,4.62962962962963,"[657, 613, 296, 660, 620]",runs/a0/a0_baleen_Region7_s0.2_rep2/converge/th_0.633215/ml-ap-0.633215_6_lru_366.475GB/full_0.2_0.1_cache_perf.txt.lzma,,37.461781274280966,36.573057019092246,,5726.042,0.640691
Region7_s0.3,Region7,0.3,Baleen,ML-Range on ML-When,2,ap-threshold(prob),0.57453,35.67430770517861,38.00857938362287,True,common/results/a0.jsonl,30.70260165760269,36.04879564879465,20.892343490811854,a0_baleen_Region7_s0.3_rep2,6.0,362.0,4.629629629629629,"[362, 636, 252, 622, 635]",runs/a0/a0_baleen_Region7_s0.3_rep2/converge/th_0.574530/ml-ap-0.57453_6_lru_366.475GB/full_0.3_0.1_cache_perf.txt.lzma,,40.44732582232558,34.63189157533674,,5825.17,0.583887
Region6_s0.3,Region6,0.3,CoinFlip,20230410_static_pf,0,ap-probability,0.049281,35.6166927990174,41.09447034462871,True,common/results/a0.jsonl,38.10713853277421,39.794059181588594,23.529602369234475,a0_coinflip_static_Region6_s0.3,1.0,341.0,4.629629629629629,"[341, 803, 794, 808, 802]",runs/a0/a0_coinflip_static_Region6_s0.3/converge/th_0.049281/coinflip-ap-0.049281_lru_366.475GB/full_0.3_0.1_cache_perf.txt.lzma,0.049281,41.09447034447082,35.6166927990174,False,6218.214,
Region6_s0.2,Region6,0.2,CoinFlip,20230410_static_pf,0,ap-probability,0.047122,35.617185526251944,43.8501683500771,True,common/results/a0.jsonl,38.096083268586284,41.095302382768224,24.60042420020634,a0_coinflip_static_Region6_s0.2,1.0,457.0,4.62962962962963,"[457, 453, 733, 788, 153]",runs/a0/a0_coinflip_static_Region6_s0.2/converge/th_0.047122/coinflip-ap-0.047122_lru_366.475GB/full_0.2_0.1_cache_perf.txt.lzma,0.047122,43.85016835016973,35.617185526251944,False,6336.086,
Region6_s0.3,Region6,0.3,Baleen,All on Partial Hit,2,ap-threshold(prob),0.790714,35.917479781592675,36.678014115470546,True,common/results/a0.jsonl,33.41757931881037,35.69420810671401,21.047171334139925,a0_baleen_Region6_s0.3_rep2,3.0,264.0,4.629629629629629,"[264, 775, 815, 777, 811]",runs/a0/a0_baleen_Region6_s0.3_rep2/converge/th_0.790714/ml-ap-0.790714_6_lru_366.475GB/full_0.3_0.1_cache_perf.txt.lzma,,40.37126068376058,35.13560096318769,,4222.27,0.810714
Region7_s0.1,Region7,0.1,Baleen,ML-Range on ML-When,3,ap-threshold(prob),0.564254,35.839263216542655,36.775819088364656,True,common/results/a0.jsonl,32.06766187515494,34.92677738928414,21.037991265489882,a0_baleen_Region7_s0.1_rep3,3.0,621.0,4.629629629629629,"[621, 616, 299, 647, 661]",runs/a0/a0_baleen_Region7_s0.1_rep3/converge/th_0.564254/ml-ap-0.564254_6_lru_366.475GB/full_0.1_0.1_cache_perf.txt.lzma,,35.92689717689584,36.18685782836607,,5670.676,0.564254
Region6_s0.3,Region6,0.3,Baleen,All on Partial Hit,1,ap-threshold(prob),0.786539,35.61941201374165,37.178273115795555,True,common/results/a0.jsonl,33.177777130283516,35.983712121213145,21.060998360877687,a0_baleen_Region6_s0.3_rep1,9.0,775.0,4.629629629629629,"[775, 815, 264, 811, 807]",runs/a0/a0_baleen_Region6_s0.3_rep1/converge/th_0.786539/ml-ap-0.786539_6_lru_366.475GB/full_0.3_0.1_cache_perf.txt.lzma,,40.37126068376058,35.13560096318769,,4222.27,0.810714
Region7_s0.3,Region7,0.3,Baleen,ML-Range on ML-When,3,ap-threshold(prob),0.563887,35.57370534593826,37.894004144046924,True,common/results/a0.jsonl,30.707150997156187,35.85098096348015,20.915400567576317,a0_baleen_Region7_s0.3_rep3,3.0,362.0,4.629629629629629,"[362, 636, 252, 622, 635]",runs/a0/a0_baleen_Region7_s0.3_rep3/converge/th_0.563887/ml-ap-0.563887_6_lru_366.475GB/full_0.3_0.1_cache_perf.txt.lzma,,40.44732582232558,34.63189157533674,,5825.17,0.583887
Region6_s0.3,Region6,0.3,Baleen,All on Partial Hit,3,ap-threshold(prob),0.790714,35.737174928338234,37.03789497542107,True,common/results/a0.jsonl,33.34955306265804,35.80994884744991,21.093189098760867,a0_baleen_Region6_s0.3_rep3,3.0,775.0,4.629629629629629,"[775, 264, 815, 811, 807]",runs/a0/a0_baleen_Region6_s0.3_rep3/converge/th_0.790714/ml-ap-0.790714_6_lru_366.475GB/full_0.3_0.1_cache_perf.txt.lzma,,40.37126068376058,35.13560096318769,,4222.27,0.810714
Region6_s0.1,Region6,0.1,Baleen,All on Partial Hit,2,ap-threshold(prob),0.769124,35.558682492462445,41.01131507384905,True,common/results/a0.jsonl,32.295048562557355,38.24079577831182,20.406667089476027,a0_baleen_Region6_s0.1_rep2,9.0,280.0,4.629629629629629,"[280, 284, 219, 283, 293]",runs/a0/a0_baleen_Region6_s0.1_rep2/converge/th_0.769124/ml-ap-0.769124_6_lru_366.475GB/full_0.1_0.1_cache_perf.txt.lzma,,35.62140637140382,35.716377155439254,,4450.398,0.804678
Region6_s0.2,Region6,0.2,Baleen,All on Partial Hit,2,ap-threshold(prob),0.76181,35.9049606066031,36.31296943792592,True,common/results/a0.jsonl,32.367608780114935,35.15379111627478,22.30870149399418,a0_baleen_Region6_s0.2_rep2,6.0,457.0,4.629629629629629,"[457, 814, 153, 788, 453]",runs/a0/a0_baleen_Region6_s0.2_rep2/converge/th_0.761810/ml-ap-0.76181_6_lru_366.475GB/full_0.2_0.1_cache_perf.txt.lzma,,37.544904169903,34.84943674720465,,4490.49,0.803651
Region7_s0.2,Region7,0.2,Baleen,ML-Range on ML-When,3,ap-threshold(prob),0.631138,35.70594986924375,36.784285159291755,True,common/results/a0.jsonl,33.01572261071311,35.01233488732922,21.379558693001435,a0_baleen_Region7_s0.2_rep3,6.0,657.0,4.629629629629629,"[657, 613, 660, 296, 620]",runs/a0/a0_baleen_Region7_s0.2_rep3/converge/th_0.631138/ml-ap-0.631138_6_lru_366.475GB/full_0.2_0.1_cache_perf.txt.lzma,,37.461781274280966,36.573057019092246,,5726.042,0.640691
Region6_s0.1,Region6,0.1,Baleen,All on Partial Hit,3,ap-threshold(prob),0.764678,35.85043853338107,40.89547720802973,True,common/results/a0.jsonl,32.34812548563552,37.77320642322342,20.3910319604178,a0_baleen_Region6_s0.1_rep3,6.0,284.0,4.629629629629629,"[284, 280, 219, 283, 293]",runs/a0/a0_baleen_Region6_s0.1_rep3/converge/th_0.764678/ml-ap-0.764678_6_lru_366.475GB/full_0.1_0.1_cache_perf.txt.lzma,,35.62140637140382,35.716377155439254,,4450.398,0.804678
Region6_s0.2,Region6,0.2,Baleen,All on Partial Hit,3,ap-threshold(prob),0.767961,35.54273208976575,36.14300051795546,True,common/results/a0.jsonl,32.42325757576871,35.258148795632366,22.31244843905125,a0_baleen_Region6_s0.2_rep3,9.0,457.0,4.629629629629629,"[457, 153, 814, 788, 453]",runs/a0/a0_baleen_Region6_s0.2_rep3/converge/th_0.767961/ml-ap-0.767961_6_lru_366.475GB/full_0.2_0.1_cache_perf.txt.lzma,,37.544904169903,34.84943674720465,,4490.49,0.803651
