trial_key,stage,instance,region,sample,config,cand,args,rep,seed,threshold,threshold_pred,n_sims,matched,wr,p100,p99,top5,mean_dt,argmax,top5_windows,train_secs,train_lock_wait,wall_secs,solve_secs,label_peak_day1,baleen_peak_day1,label_top5_day1,jaccard_vs_baleen,dt_ratio_day1,n_label,n_fill,solver_energy,move_share_pt,result_file,error,note
q3_Region6_s0_T5_rep1,screen,Region6_s0,Region6,0.0,T5,PT,"{""beta"": 1, ""mu"": 5, ""secs"": 15}",1,1,0.708562,0.7035932876169682,6.0,True,35.66997570508787,43.066773504241,34.74410191660161,39.535350297852546,22.02808467637614,712.0,"[712, 816, 152, 806, 807]",75.42901611328125,810.4432229995728,4441.564651012421,15.155672788619995,21.151126651126546,25.926783864283887,21.143732193732173,0.8446808510638298,0.9692314703410776,1315.0,2.0,10.660371731888926,1.0,runs/q3/q3_Region6_s0_T5_rep1/converge/th_0.708562/ml-ap-0.708562_6_lru_366.475GB/full_0_0.1_cache_perf.txt.lzma,,
q3_Region6_s0_PW4_rep1,screen,Region6_s0,Region6,0.0,PW4,PT,"{""A"": 0, ""beta"": 0, ""beta_pw"": 1, ""pw"": 4, ""secs"": 15}",1,1,0.584593,0.572593454271555,3.0,True,35.42840697658853,42.80777324523839,34.54175666926262,39.026000388502496,21.944635810102348,712.0,"[712, 152, 816, 806, 807]",97.48782682418823,883.0789234638214,5349.953003644943,15.107524633407593,22.24099974099978,25.92678386428387,22.217106967107014,0.3682807641048423,0.9125273354914436,1794.0,3.0,-38.099898075228836,1.0,runs/q3/q3_Region6_s0_PW4_rep1/converge/th_0.584593/ml-ap-0.584593_6_lru_366.475GB/full_0_0.1_cache_perf.txt.lzma,,
q3_Region7_s0_T5_rep1,screen,Region7_s0,Region7,0.0,T5,PT,"{""beta"": 1, ""mu"": 5, ""secs"": 15}",1,1,0.459242,0.5672136563807726,9.0,True,35.561453705795245,39.25801282047216,33.51461473711315,37.082345894840834,21.327708484573176,646.0,"[646, 660, 636, 613, 282]",111.01968264579773,292.3288996219635,6211.3993010520935,15.109231233596802,23.06173918673925,28.904849779849812,23.055872830872854,0.7720879913451136,0.9412701168601763,2553.0,2.0,16.98390246954842,1.0,runs/q3/q3_Region7_s0_T5_rep1/converge/th_0.459242/ml-ap-0.459242_6_lru_366.475GB/full_0_0.1_cache_perf.txt.lzma,,
q3_Region7_s0_SAT12_rep1,screen,Region7_s0,Region7,0.0,SAT12,PT,"{""beta"": 1, ""mu"": 5, ""sat_b0"": 12, ""secs"": 15}",1,1,0.494085,0.5722563024610281,6.0,True,35.5231784755164,39.366388241353015,33.41725783477801,37.039092851590866,21.483939042473544,646.0,"[646, 660, 636, 613, 282]",187.2607822418213,639.6970365047455,4669.030844449997,15.14922285079956,24.662376974877017,28.904849779849823,24.627178839678866,0.8312236286919831,0.9629620201667358,2413.0,259.0,20.281811798734903,1.0,runs/q3/q3_Region7_s0_SAT12_rep1/converge/th_0.494085/ml-ap-0.494085_6_lru_366.475GB/full_0_0.1_cache_perf.txt.lzma,,
q3_Region7_s0_PW4_rep1,screen,Region7_s0,Region7,0.0,PW4,PT,"{""A"": 0, ""beta"": 0, ""beta_pw"": 1, ""pw"": 4, ""secs"": 15}",1,1,0.610251,0.6222505094483495,3.0,True,35.61311480895849,40.25707394451829,34.52093952344672,37.38250776999767,21.592671879149147,646.0,"[646, 660, 613, 282, 674]",161.5904643535614,814.9604823589325,6546.600022792816,15.351791143417358,27.63312613312615,28.904849779849798,26.95658184408189,0.9966201943388255,0.9998796701464359,2365.0,0.0,-12.089139454725302,1.0,runs/q3/q3_Region7_s0_PW4_rep1/converge/th_0.610251/ml-ap-0.610251_6_lru_366.475GB/full_0_0.1_cache_perf.txt.lzma,,
q3_Region6_s0_C2_rep1,screen,Region6_s0,Region6,0.0,C2,PT,"{""beta"": 0.5, ""cells"": ""meta+sz+h+nacc"", ""mu"": 2, ""secs"": 15}",1,1,0.692799,0.7147985808551311,6.0,True,35.29455071144604,43.204739704707315,34.20751618751809,39.278043253047265,22.01659983290145,712.0,"[712, 816, 152, 806, 807]",75.67301964759827,836.7747733592987,7788.437267303467,15.183489561080933,22.98926767676776,25.92678386428387,22.917106967106974,0.7255845942228336,0.9546698706595999,1223.0,7.0,18.381620130832097,1.0,runs/q3/q3_Region6_s0_C2_rep1/converge/th_0.692799/ml-ap-0.692799_6_lru_366.475GB/full_0_0.1_cache_perf.txt.lzma,,
q3_Region7_s0_SATB10_rep1__ABANDONED,screen,Region7_s0,Region7,0.0,SATB10,PT,"{""A"": 0, ""beta"": 1, ""mu"": 5, ""sat_b0"": 10, ""secs"": 15}",1,1,,,,False,,,,,,,,,,,,,,,,,,,,,,abandoned 18:50 after training (deprioritized: SAT12 showed no Region6 gain; sim throughput needed for confirmations),
q3_Region6_s0_SATB10_rep1__ABANDONED,screen,Region6_s0,Region6,0.0,SATB10,PT,"{""A"": 0, ""beta"": 1, ""mu"": 5, ""sat_b0"": 10, ""secs"": 15}",1,1,,,,False,,,,,,,,,,,,,,,,,,,,,,abandoned 18:50 after training (deprioritized: SAT12 showed no Region6 gain; sim throughput needed for confirmations),
q3_Region6_s0_P0_rep1,screen,Region6_s0,Region6,0.0,P0,PT,"{""beta"": 0, ""mu"": 0, ""secs"": 15}",1,1,0.550537,0.5505371484905481,3.0,True,35.79044634371611,42.937904687869796,34.7379092204109,39.13195415695767,21.940295297482372,712.0,"[712, 152, 816, 806, 807]",0.0,0.0,2953.134205341339,15.166025400161743,20.784754597254548,25.926783864283877,20.774135586635587,0.3922029121653358,0.907124667253384,1678.0,8.0,22.691800495726987,1.0,runs/q3/q3_Region6_s0_P0_rep1/converge/th_0.550537/ml-ap-0.550537_6_lru_366.475GB/full_0_0.1_cache_perf.txt.lzma,,
q3_Region7_s0_T2_rep1,screen,Region7_s0,Region7,0.0,T2,PT,"{""beta"": 0.5, ""mu"": 2, ""secs"": 15}",1,1,0.426527,0.4724222430959344,6.0,True,35.3853458156598,39.225896788351555,33.41655400156234,36.943793706291,21.245776861097976,646.0,"[646, 660, 613, 636, 282]",0.0,0.0,3373.577276945114,15.102420568466187,23.00683113183116,28.904849779849812,22.931921781921794,0.5585424133811231,0.8989250740130398,2857.0,2.0,21.612593918806734,1.0,runs/q3/q3_Region7_s0_T2_rep1/converge/th_0.426527/ml-ap-0.426527_6_lru_366.475GB/full_0_0.1_cache_perf.txt.lzma,,
q3_Region7_s0_R0_rep1,screen,Region7_s0,Region7,0.0,R0,BALEEN,{},1,1,0.610525,0.6325249886140227,6.0,True,35.87623087284258,40.17487373731978,34.40326793577546,37.37414529913626,21.57484942382689,646.0,"[646, 660, 613, 282, 636]",0.0,0.0,3827.070945739746,0.01528024673461914,28.904849779849812,28.904849779849812,27.33837736337742,1.0,1.0,2361.0,0.0,,,runs/q3/q3_Region7_s0_R0_rep1/converge/th_0.610525/ml-ap-0.610525_6_lru_366.475GB/full_0_0.1_cache_perf.txt.lzma,,
q3_Region6_s0_T5_rep3,screen,Region6_s0,Region6,0.0,T5,PT,"{""beta"": 1, ""mu"": 5, ""secs"": 15}",3,3,0.69291,0.7007071748375893,6.0,True,35.49408020667407,42.90768259515002,35.08570707071708,39.36414141414317,22.06930166029513,712.0,"[712, 816, 152, 806, 807]",62.42453098297119,181.31417608261108,7061.625975370407,15.154038906097412,21.321840196840157,25.926783864283887,21.272186609686607,0.8451202263083452,0.9647550335482402,1323.0,0.0,10.80079493427591,1.0,runs/q3/q3_Region6_s0_T5_rep3/converge/th_0.692910/ml-ap-0.69291_6_lru_366.475GB/full_0_0.1_cache_perf.txt.lzma,,
q3_Region6_s0_SAT12_rep1,screen,Region6_s0,Region6,0.0,SAT12,PT,"{""beta"": 1, ""mu"": 5, ""sat_b0"": 12, ""secs"": 15}",1,1,0.713416,0.7299510892480612,9.0,True,35.582132531088114,43.32425213671816,34.700384615362196,39.24523763274144,22.05043730204069,712.0,"[712, 152, 816, 807, 817]",73.71573662757874,734.9153141975403,8071.797196149826,15.111578941345215,22.012221574721593,25.926783864283887,21.967469567469568,0.8530909090909091,0.974902314553864,1262.0,73.0,12.338316984635977,1.0,runs/q3/q3_Region6_s0_SAT12_rep1/converge/th_0.713416/ml-ap-0.713416_6_lru_366.475GB/full_0_0.1_cache_perf.txt.lzma,,
q3_Region6_s0_JUNK10_rep1,control,Region6_s0,Region6,0.0,JUNK10,JUNK,"{""junk_frac"": 0.1}",1,1,0.756241,0.7242409689351916,6.0,True,35.305844833817446,43.38495532242295,34.638622118646055,39.538914788917516,21.960050880030575,712.0,"[712, 152, 816, 807, 806]",51.898133754730225,183.69349336624146,6595.408249616623,0.015335321426391602,26.118881118881138,25.926783864283877,25.184171846671862,0.8818840579710145,0.9803694253395181,1311.0,0.0,,,runs/q3/q3_Region6_s0_JUNK10_rep1/converge/th_0.756241/ml-ap-0.756241_6_lru_366.475GB/full_0_0.1_cache_perf.txt.lzma,,
q3_Region6_s0_TK10_rep2,screen,Region6_s0,Region6,0.0,TK10,PT,"{""beta"": 1, ""mu"": 5, ""peak"": ""topk"", ""secs"": 15, ""topk"": 10}",2,2,0.736286,0.7242856230586767,3.0,True,35.480903730574106,43.26696451693124,35.03385651385148,39.62784252784346,22.04435147913177,712.0,"[712, 152, 816, 806, 807]",90.10920023918152,275.85695791244507,3900.802026987076,15.14108657836914,21.928240740740794,25.926783864283887,21.92355607355612,0.8769784172661871,0.9732900095014229,1323.0,0.0,9.539844217115398,1.0,runs/q3/q3_Region6_s0_TK10_rep2/converge/th_0.736286/ml-ap-0.736286_6_lru_366.475GB/full_0_0.1_cache_perf.txt.lzma,,
q3_Region7_s0_JUNK10_rep1,control,Region7_s0,Region7,0.0,JUNK10,JUNK,"{""junk_frac"": 0.1}",1,1,0.544334,0.6003431789577007,9.0,True,35.6087225694183,39.50891932135989,34.12961926962867,37.104652292143314,21.38926771091688,646.0,"[646, 660, 613, 282, 636]",100.56159853935242,454.6400008201599,8034.060293912888,0.11753034591674805,28.9621373996374,28.90484977984978,27.801861564361573,0.9295831647106435,0.9777884962589506,2407.0,1.0,,,runs/q3/q3_Region7_s0_JUNK10_rep1/converge/th_0.544334/ml-ap-0.544334_6_lru_366.475GB/full_0_0.1_cache_perf.txt.lzma,,
q3_Region6_s0_L5_rep1,screen,Region6_s0,Region6,0.0,L5,PT,"{""beta"": 0.5, ""lam"": 5, ""mu"": 2, ""secs"": 15}",1,1,0.65029,0.6722902227193117,6.0,True,35.60576652790233,43.27973646720524,34.52021043771084,39.465187127690356,22.068176447637217,712.0,"[712, 816, 152, 806, 807]",0.0,0.0,6380.4960350990295,15.520084381103516,20.977483164983123,25.926783864283863,20.93795001295002,0.7211286089238845,0.9468989492115661,1337.0,6.0,17.591978691104895,1.0,runs/q3/q3_Region6_s0_L5_rep1/converge/th_0.650290/ml-ap-0.65029_6_lru_366.475GB/full_0_0.1_cache_perf.txt.lzma,,
q3_Region7_s0_L5_rep1,screen,Region7_s0,Region7,0.0,L5,PT,"{""beta"": 0.5, ""lam"": 5, ""mu"": 2, ""secs"": 15}",1,1,0.432723,0.5216820286586881,9.0,True,35.78106568280501,39.20945027192391,33.84470020722515,36.886023698522656,21.241377728034806,646.0,"[646, 660, 636, 613, 282]",0.0,0.0,6933.488874912262,16.591798782348633,23.013807951308014,28.90484977984983,22.93252395752398,0.6163682864450127,0.9136375352397036,2695.0,6.0,22.068018642845228,1.0,runs/q3/q3_Region7_s0_L5_rep1/converge/th_0.432723/ml-ap-0.432723_6_lru_366.475GB/full_0_0.1_cache_perf.txt.lzma,,
q3_Region6_s0_T5c_rep1,screen,Region6_s0,Region6,0.0,T5c,PT,"{""beta"": 1, ""clean"": true, ""mu"": 5, ""secs"": 15}",1,1,0.686132,0.6899447776377201,6.0,True,35.70385807220207,43.054632867101304,35.134799274821034,39.43685897436142,22.050805326074947,712.0,"[712, 816, 152, 807, 806]",0.0,0.0,7064.91508603096,15.10097360610962,21.18019943019947,25.926783864283873,21.171050246050278,0.8544802867383513,0.9675863066709619,1301.0,2.0,10.631416754228038,1.0,runs/q3/q3_Region6_s0_T5c_rep1/converge/th_0.686132/ml-ap-0.686132_6_lru_366.475GB/full_0_0.1_cache_perf.txt.lzma,,
q3_Region6_s0_T2_rep1,screen,Region6_s0,Region6,0.0,T2,PT,"{""beta"": 0.5, ""mu"": 2, ""secs"": 15}",1,1,0.620105,0.6552410749718547,9.0,True,35.70594957634492,42.32708495205391,34.85534641284598,39.05149896400203,22.04015041067226,712.0,"[712, 152, 816, 806, 807]",0.0,0.0,7198.892098426819,15.108681440353394,20.783491970992014,25.926783864283877,20.776735301735357,0.6721915285451197,0.9464640640736379,1438.0,3.0,17.04087950061225,1.0,runs/q3/q3_Region6_s0_T2_rep1/converge/th_0.620105/ml-ap-0.620105_6_lru_366.475GB/full_0_0.1_cache_perf.txt.lzma,,
q3_Region7_s0_T5c_rep1,screen,Region7_s0,Region7,0.0,T5c,PT,"{""beta"": 1, ""clean"": true, ""mu"": 5, ""secs"": 15}",1,1,0.463699,0.5333124082535505,6.0,True,35.29854679617499,39.89994496238633,33.81724294225033,37.55618039366524,21.395603975386866,646.0,"[646, 660, 674, 613, 636]",0.0,0.0,7489.395684957504,15.15875244140625,23.17178192178196,28.90484977984978,23.125482387982395,0.874654013444049,0.9505594642276749,2380.0,58.0,16.54431123862,1.0,runs/q3/q3_Region7_s0_T5c_rep1/converge/th_0.463699/ml-ap-0.463699_6_lru_366.475GB/full_0_0.1_cache_perf.txt.lzma,,
q3_Region7_s0_L5_rep2,screen,Region7_s0,Region7,0.0,L5,PT,"{""beta"": 0.5, ""lam"": 5, ""mu"": 2, ""secs"": 15}",2,2,0.414026,0.4656809847801924,6.0,True,35.56919241355654,39.23462185956496,33.768828671338056,37.48437580936204,21.265384459764373,646.0,"[646, 660, 636, 674, 613]",127.44519186019897,145.4845221042633,6533.41882443428,16.582736253738403,22.90416990417001,28.904849779849787,22.885088060088098,0.607950872656755,0.9072141226781547,2614.0,5.0,22.08590113191498,1.0,runs/q3/q3_Region7_s0_L5_rep2/converge/th_0.414026/ml-ap-0.414026_6_lru_366.475GB/full_0_0.1_cache_perf.txt.lzma,,
q3_Region7_s0_T2_rep2,screen,Region7_s0,Region7,0.0,T2,PT,"{""beta"": 0.5, ""mu"": 2, ""secs"": 15}",2,2,0.4413,0.4827525522559881,6.0,True,35.344979042742764,39.295956358401966,33.847461149966634,37.162273374762776,21.230429482693452,646.0,"[646, 660, 674, 636, 613]",148.4112937450409,272.91243028640747,6722.853865146637,15.138507843017578,23.054325304325246,28.904849779849812,23.04475200725203,0.544047619047619,0.8969569832678813,2827.0,3.0,21.793484530930392,1.0,runs/q3/q3_Region7_s0_T2_rep2/converge/th_0.441300/ml-ap-0.4413_6_lru_366.475GB/full_0_0.1_cache_perf.txt.lzma,,
q3_Region6_s0_TK10_rep1,screen,Region6_s0,Region6,0.0,TK10,PT,"{""beta"": 1, ""mu"": 5, ""peak"": ""topk"", ""secs"": 15, ""topk"": 10}",1,1,0.707951,0.7299512410536408,6.0,True,35.86260323664449,42.948151385619184,34.68084110334194,39.42615902616594,22.025004152193688,712.0,"[712, 152, 816, 806, 817]",73.10530281066895,777.4642648696899,13300.894758462906,15.13460397720337,21.737033799533833,25.617699430199437,21.731487956487975,0.8714285714285714,0.9731752126218748,1334.0,2.0,9.392543364556317,1.0,runs/q3/q3_Region6_s0_TK10_rep1/converge/th_0.707951/ml-ap-0.707951_6_lru_366.475GB/full_0_0.1_cache_perf.txt.lzma,,
q3_Region6_s0_L5_rep2,screen,Region6_s0,Region6,0.0,L5,PT,"{""beta"": 0.5, ""lam"": 5, ""mu"": 2, ""secs"": 15}",2,2,0.636063,0.6421333383768797,6.0,True,35.70155741764493,43.209045584014206,35.36960826211779,39.6060703185726,22.088943740458827,712.0,"[712, 816, 152, 806, 807]",92.46737146377563,238.51867079734802,7034.743754148483,15.39572262763977,20.849245661745737,25.617699430199327,20.84196127946132,0.7144745538664904,0.9458902712956272,1308.0,4.0,17.566488180620702,1.0,runs/q3/q3_Region6_s0_L5_rep2/converge/th_0.636063/ml-ap-0.636063_6_lru_366.475GB/full_0_0.1_cache_perf.txt.lzma,,
q3_Region6_s0_T2_rep2,screen,Region6_s0,Region6,0.0,T2,PT,"{""beta"": 0.5, ""mu"": 2, ""secs"": 15}",2,2,0.615354,0.6473541650921106,6.0,True,35.86030258208735,43.03376715873557,34.692186609679716,39.29400738149747,21.984231537417532,712.0,"[712, 816, 152, 806, 320]",105.51667737960815,182.57777500152588,7158.940831184387,15.14411997795105,20.840779590779647,25.926783864283877,20.819810282310325,0.6730769230769231,0.9456460311242926,1411.0,6.0,17.052980971630035,1.0,runs/q3/q3_Region6_s0_T2_rep2/converge/th_0.615354/ml-ap-0.615354_6_lru_366.475GB/full_0_0.1_cache_perf.txt.lzma,,
q3_Region6_s0_TK10_rep3,screen,Region6_s0,Region6,0.0,TK10,PT,"{""beta"": 1, ""mu"": 5, ""peak"": ""topk"", ""secs"": 15, ""topk"": 10}",3,3,0.707452,0.7155293254181743,6.0,True,35.564982197116734,42.98115773112461,34.73738862988234,39.48946840197028,22.051689680637548,712.0,"[712, 152, 816, 807, 806]",60.1469669342041,2.384185791015625e-06,7567.227387428284,15.148382186889648,21.758012820512825,25.926783864283866,21.755073167573173,0.8611309949892627,0.9701275425074,1314.0,0.0,9.500387916155223,1.0,runs/q3/q3_Region6_s0_TK10_rep3/converge/th_0.707452/ml-ap-0.707452_6_lru_366.475GB/full_0_0.1_cache_perf.txt.lzma,,
q3_Region6_s0_R0_rep1,screen,Region6_s0,Region6,0.0,R0,BALEEN,{},1,1,0.808053,0.7779238522052765,9.0,True,35.551596570602484,43.26696451693124,34.640055037553985,39.422490934994045,21.968254610757732,712.0,"[712, 152, 816, 806, 807]",0.0,0.0,9717.94053030014,0.011355161666870117,25.926783864283887,25.926783864283887,25.034110334110352,1.0,1.0,1286.0,0.0,,,runs/q3/q3_Region6_s0_R0_rep1/converge/th_0.808053/ml-ap-0.808053_6_lru_366.475GB/full_0_0.1_cache_perf.txt.lzma,,
q3_Region7_s0_C2_rep1,screen,Region7_s0,Region7,0.0,C2,PT,"{""beta"": 0.5, ""cells"": ""meta+sz+h+nacc"", ""mu"": 2, ""secs"": 15}",1,1,0.48676,0.5191335957497358,9.0,True,35.83084439759389,38.89126845371248,34.59414335665104,36.58460890959194,21.397046030682983,646.0,"[646, 660, 636, 674, 613]",119.91789150238037,763.194096326828,15292.575471639633,15.143326044082642,25.859362859362918,28.90484977984983,25.769039756539794,0.7734994337485843,0.9312663821601611,2337.0,6.0,22.826683956219668,1.0,runs/q3/q3_Region7_s0_C2_rep1/converge/th_0.486760/ml-ap-0.48676_6_lru_366.475GB/full_0_0.1_cache_perf.txt.lzma,,
q3_Region7_s0_P0_rep1,screen,Region7_s0,Region7,0.0,P0,PT,"{""beta"": 0, ""mu"": 0, ""secs"": 15}",1,1,0.402288,0.43131210189312696,12.0,True,35.31904391402923,38.71283346278123,33.90505892257209,37.009909997405856,21.278839132290162,646.0,"[646, 660, 636, 613, 282]",0.0,0.0,10223.525593280792,15.160106182098389,23.052123802123788,28.904849779849837,23.040258352758375,0.3617654351599306,0.8377432386148013,3131.0,3.0,24.942226563563004,1.0,runs/q3/q3_Region7_s0_P0_rep1/converge/th_0.402288/ml-ap-0.402288_6_lru_366.475GB/full_0_0.1_cache_perf.txt.lzma,,
q3_Region7_s0_T2_rep3,screen,Region7_s0,Region7,0.0,T2,PT,"{""beta"": 0.5, ""mu"": 2, ""secs"": 15}",3,3,0.435686,0.4850162956863642,9.0,True,35.55099599260431,39.54534123278529,33.96690624191606,37.59950789949512,21.272376404036567,646.0,"[646, 660, 636, 674, 613]",75.29539561271667,238.24364852905273,9348.705311775208,15.184123754501343,23.112567987568042,28.904849779849823,23.007986920486964,0.5522700119474313,0.9000873538833704,2836.0,32.0,21.710659621957447,1.0,runs/q3/q3_Region7_s0_T2_rep3/converge/th_0.435686/ml-ap-0.435686_6_lru_366.475GB/full_0_0.1_cache_perf.txt.lzma,,
q3_Region6_s0_T2_rep3,screen,Region6_s0,Region6,0.0,T2,PT,"{""beta"": 0.5, ""mu"": 2, ""secs"": 15}",3,3,0.640858,0.6601064521819353,9.0,True,35.609322084945184,42.98988280235065,34.541876456878455,39.47039950790185,22.047336415367347,712.0,"[712, 816, 152, 807, 806]",68.99038219451904,407.2124400138855,9554.98222899437,15.15072751045227,20.85444185444191,25.926783864283887,20.847885910385948,0.6648216482164822,0.9468737887081746,1421.0,4.0,17.124104983232886,1.0,runs/q3/q3_Region6_s0_T2_rep3/converge/th_0.640858/ml-ap-0.640858_6_lru_366.475GB/full_0_0.1_cache_perf.txt.lzma,,
q3_Region6_s0_L5_rep3,screen,Region6_s0,Region6,0.0,L5,PT,"{""beta"": 0.5, ""lam"": 5, ""mu"": 2, ""secs"": 15}",3,3,0.652345,0.6787532819435,9.0,True,35.53151813083111,43.14771108517932,34.3974346024278,39.88563196063407,22.14548204714367,712.0,"[712, 152, 816, 806, 807]",68.7011501789093,228.75624251365662,9832.828126192093,15.43045949935913,20.813973063973144,25.617699430199437,20.80247992747997,0.7161543492478745,0.9480669214403686,1338.0,6.0,17.51022277184145,1.0,runs/q3/q3_Region6_s0_L5_rep3/converge/th_0.652345/ml-ap-0.652345_6_lru_366.475GB/full_0_0.1_cache_perf.txt.lzma,,
q3_Region7_s0_TK10_rep4,screen,Region7_s0,Region7,0.0,TK10,PT,"{""beta"": 1, ""mu"": 5, ""peak"": ""topk"", ""secs"": 15, ""topk"": 10}",4,4,0.502673,0.5146734584122896,3.0,True,35.59847401049118,39.04352823096773,33.631357808869375,37.4752428127265,21.417028295389706,646.0,"[646, 660, 674, 636, 613]",127.17798590660095,117.79631519317627,1614.6147334575653,15.140440940856934,23.540501165501134,28.904849779849798,23.412046749546718,0.7690100430416069,0.9474298642937833,2571.0,9.0,15.577800981822957,1.0,runs/q3/q3_Region7_s0_TK10_rep4/converge/th_0.502673/ml-ap-0.502673_6_lru_366.475GB/full_0_0.1_cache_perf.txt.lzma,,
q3_Region6_s0_P0_rep2,screen,Region6_s0,Region6,0.0,P0,PT,"{""beta"": 0, ""mu"": 0, ""secs"": 15}",2,2,0.532963,0.5449633728712797,3.0,True,35.842524796873114,42.75048562545146,34.61379500129582,39.16827246827718,21.945807554753006,712.0,"[712, 152, 816, 776, 817]",55.913620471954346,173.40706086158752,1815.0613882541656,15.157177209854126,20.860528360528377,25.926783864283877,20.849889924889936,0.37348837209302327,0.9030903388290843,1667.0,5.0,22.72736499441305,1.0,runs/q3/q3_Region6_s0_P0_rep2/converge/th_0.532963/ml-ap-0.532963_6_lru_366.475GB/full_0_0.1_cache_perf.txt.lzma,,
q3_Region7_s0_TK10_rep2,screen,Region7_s0,Region7,0.0,TK10,PT,"{""beta"": 1, ""mu"": 5, ""peak"": ""topk"", ""secs"": 15, ""topk"": 10}",2,2,0.463412,0.578188631683588,12.0,True,35.501844740606884,39.36260036253871,34.11363636366981,37.47703962702391,21.29220351149465,646.0,"[646, 660, 674, 636, 613]",145.52943682670593,5.7220458984375e-06,10396.095896244049,15.102740287780762,23.496244496244486,28.904849779849823,23.494535094535095,0.7649802655184786,0.947202214152125,2558.0,1.0,15.688732888838622,1.0,runs/q3/q3_Region7_s0_TK10_rep2/converge/th_0.463412/ml-ap-0.463412_6_lru_366.475GB/full_0_0.1_cache_perf.txt.lzma,,
q3_Region7_s0_P0_rep3,screen,Region7_s0,Region7,0.0,P0,PT,"{""beta"": 0, ""mu"": 0, ""secs"": 15}",3,3,0.388428,0.3764283200725913,3.0,True,35.36547616059701,39.31373025123035,34.262626262614816,37.224906112408014,21.294673711284098,660.0,"[660, 646, 636, 592, 282]",91.12156105041504,6.4373016357421875e-06,2142.558266878128,15.176643133163452,23.108553483553525,28.904849779849812,23.028706941206956,0.37049017168449866,0.8454705524172071,3147.0,7.0,24.940896886758484,1.0,runs/q3/q3_Region7_s0_P0_rep3/converge/th_0.388428/ml-ap-0.388428_6_lru_366.475GB/full_0_0.1_cache_perf.txt.lzma,,
q3_Region7_s0_L5_rep3,screen,Region7_s0,Region7,0.0,L5,PT,"{""beta"": 0.5, ""lam"": 5, ""mu"": 2, ""secs"": 15}",3,3,0.460324,0.5123290559276938,12.0,True,35.40605208777786,38.919596607035636,34.316995597017666,37.236884874370716,21.308347683852663,646.0,"[646, 660, 674, 636, 613]",64.86215043067932,355.1423764228821,10908.277804851532,16.80671715736389,23.05809699559704,28.90484977984983,22.94769166019169,0.6083095464636854,0.915313687194741,2710.0,6.0,22.07383353681508,1.0,runs/q3/q3_Region7_s0_L5_rep3/converge/th_0.460324/ml-ap-0.460324_6_lru_366.475GB/full_0_0.1_cache_perf.txt.lzma,,
q3_Region6_s0_T5_rep2,screen,Region6_s0,Region6,0.0,T5,PT,"{""beta"": 1, ""mu"": 5, ""secs"": 15}",2,2,0.7001,0.7000999785959721,3.0,True,35.347047465431615,43.054632867101304,34.64197487697565,39.81809764309913,22.050485428114502,712.0,"[712, 816, 152, 807, 806]",64.57594347000122,219.67602562904358,14991.105713129044,15.135189771652222,21.274766899766902,25.926783864283863,21.26199171199172,0.8522727272727273,0.9668148956345236,1322.0,4.0,10.748194643554143,1.0,runs/q3/q3_Region6_s0_T5_rep2/converge/th_0.700100/ml-ap-0.7001_6_lru_366.475GB/full_0_0.1_cache_perf.txt.lzma,,
q3_Region6_s0_C2_rep3,screen,Region6_s0,Region6,0.0,C2,PT,"{""beta"": 0.5, ""cells"": ""meta+sz+h+nacc"", ""mu"": 2, ""secs"": 15}",3,3,0.673104,0.6731043998152018,3.0,True,35.27279906836039,43.08207070703963,34.70240546490114,39.19518259518571,22.006481439723267,712.0,"[712, 816, 152, 806, 776]",112.59613704681396,6.198883056640625e-06,2186.300748348236,15.105249166488647,22.819784382284418,25.92678386428387,22.718832556332597,0.7053998632946001,0.9460331946187015,1209.0,4.0,18.318533308897905,1.0,runs/q3/q3_Region6_s0_C2_rep3/converge/th_0.673104/ml-ap-0.673104_6_lru_366.475GB/full_0_0.1_cache_perf.txt.lzma,,
q3_Region7_s0_P0_rep2,screen,Region7_s0,Region7,0.0,P0,PT,"{""beta"": 0, ""mu"": 0, ""secs"": 15}",2,2,0.405098,0.40101328678429127,6.0,True,35.676906859423234,39.463772338727395,34.313857808845995,37.3256928256831,21.29337611011865,646.0,"[646, 660, 636, 674, 613]",117.81740593910217,5.0067901611328125e-06,3294.116678953171,15.155059337615967,23.028732841232816,28.904849779849847,23.009599197099206,0.36765070702059044,0.833244183493445,3152.0,0.0,24.912511503006307,1.0,runs/q3/q3_Region7_s0_P0_rep2/converge/th_0.405098/ml-ap-0.405098_6_lru_366.475GB/full_0_0.1_cache_perf.txt.lzma,,
q3_Region6_s0_P0_rep3,screen,Region6_s0,Region6,0.0,P0,PT,"{""beta"": 0, ""mu"": 0, ""secs"": 15}",3,3,0.557132,0.5646916078403592,6.0,True,35.67269466047358,43.10913623410468,35.06457200207623,39.55290404040694,21.99405377306048,712.0,"[712, 816, 152, 806, 807]",60.146294593811035,45.93512463569641,3755.644899368286,15.167937278747559,20.79611823361829,25.926783864283895,20.774569412069447,0.3840110905730129,0.9062593208938526,1709.0,2.0,22.7048752837238,1.0,runs/q3/q3_Region6_s0_P0_rep3/converge/th_0.557132/ml-ap-0.557132_6_lru_366.475GB/full_0_0.1_cache_perf.txt.lzma,,
q3_Region7_s0_C2_rep2,screen,Region7_s0,Region7,0.0,C2,PT,"{""beta"": 0.5, ""cells"": ""meta+sz+h+nacc"", ""mu"": 2, ""secs"": 15}",2,2,0.471567,0.42453229892998934,6.0,True,35.897564607752095,39.502088189528365,34.539272209274806,37.24338254337537,21.391808980164626,646.0,"[646, 660, 674, 636, 282]",74.64858794212341,8.821487426757812e-06,2755.031909942627,15.141322374343872,25.916650479150537,28.904849779849823,25.706873219373275,0.7617613850207,0.9272909189138056,2320.0,25.0,22.814241667437322,1.0,runs/q3/q3_Region7_s0_C2_rep2/converge/th_0.471567/ml-ap-0.471567_6_lru_366.475GB/full_0_0.1_cache_perf.txt.lzma,,
q3_Region6_s0_C2_rep2,screen,Region6_s0,Region6,0.0,C2,PT,"{""beta"": 0.5, ""cells"": ""meta+sz+h+nacc"", ""mu"": 2, ""secs"": 15}",2,2,0.675023,0.6814836533740163,6.0,True,35.460616140388446,43.3457491582161,34.7708831908784,39.3896626521659,21.970481675191962,712.0,"[712, 152, 816, 806, 807]",122.27851605415344,5.4836273193359375e-06,2956.7263493537903,15.1419517993927,22.957523957524007,25.926783864283887,22.902709790209812,0.7177033492822966,0.9508195888182224,1227.0,5.0,18.426703968780444,1.0,runs/q3/q3_Region6_s0_C2_rep2/converge/th_0.675023/ml-ap-0.675023_6_lru_366.475GB/full_0_0.1_cache_perf.txt.lzma,,
q3_Region7_s0_C2_rep3,screen,Region7_s0,Region7,0.0,C2,PT,"{""beta"": 0.5, ""cells"": ""meta+sz+h+nacc"", ""mu"": 2, ""secs"": 15}",3,3,0.478241,0.4230669839307666,6.0,True,35.489086330513935,38.39376133120182,33.83641219894557,36.88971445220638,21.359701886290583,646.0,"[646, 660, 674, 636, 282]",121.80996561050415,4.291534423828125e-06,3017.0495932102203,15.12584400177002,25.64628658378663,28.904849779849823,25.554992229992266,0.7621013133208255,0.9161557891209022,2335.0,4.0,22.693119454188455,1.0,runs/q3/q3_Region7_s0_C2_rep3/converge/th_0.478241/ml-ap-0.478241_6_lru_366.475GB/full_0_0.1_cache_perf.txt.lzma,,
q3_Region7_s0_T5_rep2,screen,Region7_s0,Region7,0.0,T5,PT,"{""beta"": 1, ""mu"": 5, ""secs"": 15}",2,2,0.447489,0.5110478894785047,15.0,True,35.84339365342302,39.70443214188048,33.916472416482854,37.330950530944754,21.280022585846886,646.0,"[646, 660, 636, 613, 282]",118.55781269073486,528.7364168167114,16443.4957549572,15.113101959228516,23.08148795648803,28.904849779849823,23.05212380212385,0.770893371757925,0.935796563615878,2555.0,5.0,17.039801315785237,1.0,runs/q3/q3_Region7_s0_T5_rep2/converge/th_0.447489/ml-ap-0.447489_6_lru_366.475GB/full_0_0.1_cache_perf.txt.lzma,,
q3_Region7_s0.2_T2_rep1,heldout,Region7_s0.2,Region7,0.2,T2,PT,"{""beta"": 0.5, ""mu"": 2, ""secs"": 15}",1,1,0.4196,0.4315997203812003,3.0,True,35.366510673825495,36.7783443408577,32.85819476818385,35.331941206939945,21.0541069341562,657.0,"[657, 613, 660, 296, 620]",105.22479581832886,53.445032358169556,779.4890761375427,15.11709976196289,22.394635457135546,28.05181623931613,22.375530950530965,0.5633923472301542,0.9059245036484128,2975.0,19.0,20.92281425878585,1.0,runs/q3/q3_Region7_s0.2_T2_rep1/converge/th_0.419600/ml-ap-0.4196_6_lru_366.475GB/full_0.2_0.1_cache_perf.txt.lzma,,
q3_Region7_s0_TK10_rep1,screen,Region7_s0,Region7,0.0,TK10,PT,"{""beta"": 1, ""mu"": 5, ""peak"": ""topk"", ""secs"": 15, ""topk"": 10}",1,1,0.477154,0.5195872727781534,22.0,False,36.2077403809954,39.07868751612661,33.95660321159752,37.00682141930732,21.256963744206427,646.0,"[646, 660, 674, 613, 636]",164.90173649787903,1120.1331927776337,19386.61236834526,15.103917360305786,23.497167184667273,28.904849779849805,23.492071354571365,0.7883079157588961,0.9483635968110437,2564.0,18.0,15.564291779945947,1.0,runs/q3/q3_Region7_s0_TK10_rep1/converge/th_0.477154/ml-ap-0.477154_6_lru_366.475GB/full_0_0.1_cache_perf.txt.lzma,,
q3_Region7_s0.3_T2_rep1,heldout,Region7_s0.3,Region7,0.3,T2,PT,"{""beta"": 0.5, ""mu"": 2, ""secs"": 15}",1,1,0.423938,0.4239376513287425,3.0,True,35.41014807997992,42.84717365974892,30.507791375284715,36.745276482782984,20.737394707128974,362.0,"[362, 636, 622, 252, 635]",116.18420243263245,140.52075338363647,1173.6189942359924,15.101867437362671,22.760894198394176,31.6764439264439,22.707507770007762,0.555622369212267,0.9026698464372324,2821.0,12.0,20.904748235605876,1.0,runs/q3/q3_Region7_s0.3_T2_rep1/converge/th_0.423938/ml-ap-0.423938_6_lru_366.475GB/full_0.3_0.1_cache_perf.txt.lzma,,
q3_Region7_s0_TK10_rep3__UNMATCHED,screen,Region7_s0,Region7,0.0,TK10,PT,"{""beta"": 1, ""mu"": 5, ""peak"": ""topk"", ""secs"": 15, ""topk"": 10}",3,3,0.503827,,21.0,False,36.18933480577935,39.48122248116685,33.64828218079092,37.268777518771145,21.35869994925383,646.0,,,,,,23.494803807303747,,,0.7831762146482959,,,,,,,stopped 22:00: WR step (identical GBM scores) around th 0.5038-0.5040 (36.19 -> 34.54 MB/s); no threshold within +-1%,
q3_Region7_s0_T5_rep3,screen,Region7_s0,Region7,0.0,T5,PT,"{""beta"": 1, ""mu"": 5, ""secs"": 15}",3,3,0.48047,,16.0,True,35.35146282492115,39.073378010822644,33.5933378658476,37.184327246814895,21.255861873454172,646.0,,,,,,23.20085470085481,,,0.772156440617151,,,,,,,,"driver stopped at 22:21 after this matched point (WR 35.35, within +-1%) was simulated but before it logged; row written manually from the result file"
q3_Region7_s0.1_C2_rep1,heldout,Region7_s0.1,Region7,0.1,C2,PT,"{""beta"": 0.5, ""cells"": ""meta+sz+h+nacc"", ""mu"": 2, ""secs"": 15}",1,1,0.462978,0.4629781013354659,3.0,True,35.419723630912245,36.99966006220418,32.585903263415844,35.48323944577136,21.030362903231843,621.0,"[621, 386, 616, 299, 647]",98.74902439117432,188.67323184013367,1631.6126019954681,15.142465591430664,24.788089225589193,28.08080808080807,24.648203185703196,0.7256166982922201,0.918993286701374,2167.0,5.0,22.0129807933366,1.0,runs/q3/q3_Region7_s0.1_C2_rep1/converge/th_0.462978/ml-ap-0.462978_6_lru_366.475GB/full_0.1_0.1_cache_perf.txt.lzma,,
q3_Region7_s0.2_C2_rep1,heldout,Region7_s0.2,Region7,0.2,C2,PT,"{""beta"": 0.5, ""cells"": ""meta+sz+h+nacc"", ""mu"": 2, ""secs"": 15}",1,1,0.522829,0.510829059407115,3.0,True,35.566451444509326,36.76746632997399,33.31557368556635,35.53139730639166,21.34117431566792,657.0,"[657, 613, 660, 296, 295]",101.7444806098938,190.05430006980896,1989.7810907363892,15.153797626495361,24.46433890183894,28.051816239316157,24.1839484589485,0.7881202462875769,0.9353229542218839,2437.0,21.0,21.32177004562677,1.0,runs/q3/q3_Region7_s0.2_C2_rep1/converge/th_0.522829/ml-ap-0.522829_6_lru_366.475GB/full_0.2_0.1_cache_perf.txt.lzma,,
q3_Region7_s0.1_T2_rep1,heldout,Region7_s0.1,Region7,0.1,T2,PT,"{""beta"": 0.5, ""mu"": 2, ""secs"": 15}",1,1,0.40286,0.4967686431482434,9.0,True,35.4075933737006,36.053839678886476,31.657634032626284,34.64972481223459,20.886110613904535,621.0,"[621, 616, 647, 299, 661]",83.16844820976257,5.245208740234375e-06,2660.0106008052826,15.111642360687256,22.8265022015022,28.080808080808076,22.706915306915324,0.5721125074805505,0.9021341474737602,2874.0,24.0,21.372630408684785,1.0,runs/q3/q3_Region7_s0.1_T2_rep1/converge/th_0.402860/ml-ap-0.40286_6_lru_366.475GB/full_0.1_0.1_cache_perf.txt.lzma,,
q3_Region7_s0.1_P0_rep1,heldout,Region7_s0.1,Region7,0.1,P0,PT,"{""beta"": 0, ""mu"": 0, ""secs"": 15}",1,1,0.404393,0.43963372986763716,6.0,True,35.726744623786345,36.3822681948157,32.3330315980757,34.857808857818185,20.9543004784016,621.0,"[621, 616, 647, 299, 661]",74.46424007415771,116.18372774124146,3203.1108124256134,15.163586854934692,22.782876845376887,28.080808080808023,22.775987438487476,0.36478292505457194,0.8378714299051059,3247.0,8.0,24.678801849056136,1.0,runs/q3/q3_Region7_s0.1_P0_rep1/converge/th_0.404393/ml-ap-0.404393_6_lru_366.475GB/full_0.1_0.1_cache_perf.txt.lzma,,
q3_Region7_s0.3_C2_rep1,heldout,Region7_s0.3,Region7,0.3,C2,PT,"{""beta"": 0.5, ""cells"": ""meta+sz+h+nacc"", ""mu"": 2, ""secs"": 15}",1,1,0.48617,0.48616982996463776,3.0,True,35.29218606207647,39.153700466251266,30.819592074582438,35.99132996633099,20.87946802014151,362.0,"[362, 636, 635, 252, 622]",98.77792644500732,190.90913486480713,2626.241893529892,15.186438798904419,25.7855154105154,30.905901968401963,25.322924760424723,0.7574031890660592,0.9274485632947973,2276.0,42.0,22.137482642884443,1.0,runs/q3/q3_Region7_s0.3_C2_rep1/converge/th_0.486170/ml-ap-0.48617_6_lru_366.475GB/full_0.3_0.1_cache_perf.txt.lzma,,
q3_Region6_s0.1_C2_rep1,heldout,Region6_s0.1,Region6,0.1,C2,PT,"{""beta"": 0.5, ""cells"": ""meta+sz+h+nacc"", ""mu"": 2, ""secs"": 15}",1,1,0.630645,0.6306449547410011,3.0,True,35.827223536576795,49.49711862221517,32.71043576793537,43.83874967628476,20.584972940847457,284.0,"[284, 219, 293, 280, 283]",59.97445869445801,200.62318587303162,2652.4575700759888,15.158140420913696,25.122604247604276,27.09050440300443,24.51954480704483,0.6777862016679302,0.9429615427763415,1089.0,3.0,20.31891372944303,1.0,runs/q3/q3_Region6_s0.1_C2_rep1/converge/th_0.630645/ml-ap-0.630645_6_lru_366.475GB/full_0.1_0.1_cache_perf.txt.lzma,,
q3_Region6_s0.1_T2_rep1,heldout,Region6_s0.1,Region6,0.1,T2,PT,"{""beta"": 0.5, ""mu"": 2, ""secs"": 15}",1,1,0.598857,0.6535224411636591,6.0,True,35.52668344281331,42.88223581978858,32.5868227143058,38.5884874384941,20.605115012205367,284.0,"[284, 280, 219, 283, 808]",81.60390853881836,74.46402096748352,4418.866891860962,15.131258487701416,21.876181688681715,27.09050440300443,21.740863765863804,0.6662011173184358,0.938131958468156,1262.0,5.0,18.07065400265163,1.0,runs/q3/q3_Region6_s0.1_T2_rep1/converge/th_0.598857/ml-ap-0.598857_6_lru_366.475GB/full_0.1_0.1_cache_perf.txt.lzma,,
q3_Region7_s0.2_P0_rep2,heldout,Region7_s0.2,Region7,0.2,P0,PT,"{""beta"": 0, ""mu"": 0, ""secs"": 15}",2,2,0.422745,0.4227446774020791,3.0,True,35.91551122094375,36.70145363896313,32.728445998441664,35.29015151514916,21.102484075880138,657.0,"[657, 613, 620, 296, 646]",93.75119352340698,210.1094012260437,4503.041125535965,15.36699366569519,23.011250323750186,28.0518162393161,22.834686609686603,0.36454372623574144,0.8268356694771385,3242.0,1.0,24.6616253547668,1.0,runs/q3/q3_Region7_s0.2_P0_rep2/converge/th_0.422745/ml-ap-0.422745_6_lru_366.475GB/full_0.2_0.1_cache_perf.txt.lzma,,
q3_Region6_s0.1_P0_rep1,heldout,Region6_s0.1,Region6,0.1,P0,PT,"{""beta"": 0, ""mu"": 0, ""secs"": 15}",1,1,0.493689,0.5089419167488813,9.0,True,35.52229141639087,41.79299404304654,32.19521043770749,38.65208495210144,20.484504466918132,284.0,"[284, 280, 283, 219, 293]",53.4453399181366,83.16324353218079,4529.564176082611,15.106132984161377,21.892628205128208,27.090504403004406,21.672118622118642,0.3425468904244817,0.8812839957108366,1596.0,8.0,23.2945866710513,1.0,runs/q3/q3_Region6_s0.1_P0_rep1/converge/th_0.493689/ml-ap-0.493689_6_lru_366.475GB/full_0.1_0.1_cache_perf.txt.lzma,,
q3_Region7_s0.3_T2_rep2,heldout,Region7_s0.3,Region7,0.3,T2,PT,"{""beta"": 0.5, ""mu"": 2, ""secs"": 15}",2,2,0.473287,0.48528684955090284,3.0,True,35.491508407931065,42.45020720027894,30.866950919462475,36.73220020720493,20.815032729519938,362.0,"[362, 252, 636, 622, 635]",122.35579419136047,292.62965846061707,5204.291818618774,15.167832851409912,23.87516187516187,30.13536001036,23.848180523180538,0.6845890410958904,0.9238080842698534,2566.0,1.0,21.233801524935465,1.0,runs/q3/q3_Region7_s0.3_T2_rep2/converge/th_0.473287/ml-ap-0.473287_6_lru_366.475GB/full_0.3_0.1_cache_perf.txt.lzma,,
q3_Region7_s0.1_C2_rep2,heldout,Region7_s0.1,Region7,0.1,C2,PT,"{""beta"": 0.5, ""cells"": ""meta+sz+h+nacc"", ""mu"": 2, ""secs"": 15}",2,2,0.440692,0.4406920727342367,3.0,True,35.86268716150308,36.738765863807046,31.87836700337716,34.80458754211634,20.9386338662363,621.0,"[621, 616, 299, 647, 386]",96.23385572433472,239.7791178226471,4538.3618133068085,15.291071653366089,24.86004273504271,27.310266122766038,24.774867262367255,0.743202416918429,0.9137394943851405,2236.0,12.0,22.194695048625317,1.0,runs/q3/q3_Region7_s0.1_C2_rep2/converge/th_0.440692/ml-ap-0.440692_6_lru_366.475GB/full_0.1_0.1_cache_perf.txt.lzma,,
q3_Region7_s0.1_P0_rep2,heldout,Region7_s0.1,Region7,0.1,P0,PT,"{""beta"": 0, ""mu"": 0, ""secs"": 15}",2,2,0.402334,0.4478088580071926,6.0,True,35.66421105643665,36.065980316030384,32.43922623674482,35.12922817925107,20.939242425755552,621.0,"[621, 647, 315, 616, 299]",107.47947645187378,175.13203954696655,6321.411823987961,15.139418601989746,22.72937710437716,27.31026612276605,22.714882802382824,0.3779916111522329,0.8387804295067662,3205.0,1.0,24.647734088108056,1.0,runs/q3/q3_Region7_s0.1_P0_rep2/converge/th_0.402334/ml-ap-0.402334_6_lru_366.475GB/full_0.1_0.1_cache_perf.txt.lzma,,
q3_Region6_s0.2_C2_rep1,heldout,Region6_s0.2,Region6,0.2,C2,PT,"{""beta"": 0.5, ""cells"": ""meta+sz+h+nacc"", ""mu"": 2, ""secs"": 15}",1,1,0.670555,0.6385013461112976,6.0,True,35.655667077694254,36.11808793054386,32.657200207197334,35.2177836052691,22.37639692760425,457.0,"[457, 814, 153, 788, 453]",70.77024579048157,355.00570011138916,6285.550589799881,15.153164386749268,27.18102499352511,30.95736208236219,26.76163234913239,0.6928728875826599,0.9393739039430842,1116.0,10.0,23.27754485942802,1.0,runs/q3/q3_Region6_s0.2_C2_rep1/converge/th_0.670555/ml-ap-0.670555_6_lru_366.475GB/full_0.2_0.1_cache_perf.txt.lzma,,
q3_Region7_s0.1_T2_rep2,heldout,Region7_s0.1,Region7,0.1,T2,PT,"{""beta"": 0.5, ""mu"": 2, ""secs"": 15}",2,2,0.42999,0.5070572253316641,6.0,True,35.62008201727014,42.69138500399936,32.17666731421525,36.81008806014376,20.938166743480927,315.0,"[315, 621, 386, 647, 616]",87.35271787643433,205.30197978019714,7025.50689291954,15.244214534759521,22.811981999482033,27.310266122766098,22.795723258223294,0.5561119293078056,0.8993726009915324,2903.0,8.0,21.48588036544958,1.0,runs/q3/q3_Region7_s0.1_T2_rep2/converge/th_0.429990/ml-ap-0.42999_6_lru_366.475GB/full_0.1_0.1_cache_perf.txt.lzma,,
q3_Region7_s0.2_P0_rep1,heldout,Region7_s0.2,Region7,0.2,P0,PT,"{""beta"": 0, ""mu"": 0, ""secs"": 15}",1,1,0.396295,0.42111285496503115,9.0,True,35.632540653229086,36.907844470356906,33.06210178708912,35.51983618233598,21.10134020867527,657.0,"[657, 613, 660, 295, 646]",140.52114248275757,105.22484302520752,7125.510466575623,15.115608930587769,22.43900543900549,28.05181623931613,22.431653069153093,0.39202498198414604,0.8398557306478918,3295.0,2.0,24.37045801865386,1.0,runs/q3/q3_Region7_s0.2_P0_rep1/converge/th_0.396295/ml-ap-0.396295_6_lru_366.475GB/full_0.2_0.1_cache_perf.txt.lzma,,
q3_Region6_s0.2_C2_rep2,heldout,Region6_s0.2,Region6,0.2,C2,PT,"{""beta"": 0.5, ""cells"": ""meta+sz+h+nacc"", ""mu"": 2, ""secs"": 15}",2,2,0.674481,0.6624808525666595,3.0,True,35.77905900894947,36.053127428118614,32.49739316239366,35.213536001020465,22.45522316681984,153.0,"[153, 457, 788, 814, 453]",79.1355333328247,203.34039163589478,6723.51988530159,15.173271179199219,27.181024993525067,30.957362082362152,26.929247604247646,0.6901818181818182,0.9382056738864077,1136.0,14.0,23.40251910638743,1.0,runs/q3/q3_Region6_s0.2_C2_rep2/converge/th_0.674481/ml-ap-0.674481_6_lru_366.475GB/full_0.2_0.1_cache_perf.txt.lzma,,
q3_Region7_s0.1_C2_rep3,heldout,Region7_s0.1,Region7,0.1,C2,PT,"{""beta"": 0.5, ""cells"": ""meta+sz+h+nacc"", ""mu"": 2, ""secs"": 15}",3,3,0.460572,0.4605715302750468,3.0,True,35.2848268050241,36.28956228960676,31.843403263409773,34.809039109047625,21.02506036253973,621.0,"[621, 616, 299, 647, 661]",86.12125635147095,191.1843605041504,6935.7481524944305,15.164545774459839,24.840439652939683,27.31026612276605,24.694871794871748,0.745892243026366,0.9242518573802,2189.0,11.0,22.057166881644804,1.0,runs/q3/q3_Region7_s0.1_C2_rep3/converge/th_0.460572/ml-ap-0.460572_6_lru_366.475GB/full_0.1_0.1_cache_perf.txt.lzma,,
q3_Region7_s0.3_C2_rep3,heldout,Region7_s0.3,Region7,0.3,C2,PT,"{""beta"": 0.5, ""cells"": ""meta+sz+h+nacc"", ""mu"": 2, ""secs"": 15}",3,3,0.473294,0.4612943958491087,3.0,True,35.45762570066092,36.47241647240241,30.638875938870555,35.41152551152343,20.924060736920758,636.0,"[636, 635, 362, 622, 252]",120.06169128417969,3.814697265625e-06,7646.618385076523,15.13752031326294,25.224002849002897,32.446985884485855,25.161496373996382,0.728158980127484,0.9105195341862952,2256.0,19.0,22.094599047919825,1.0,runs/q3/q3_Region7_s0.3_C2_rep3/converge/th_0.473294/ml-ap-0.473294_6_lru_366.475GB/full_0.3_0.1_cache_perf.txt.lzma,,
q3_Region7_s0.2_T2_rep2,heldout,Region7_s0.2,Region7,0.2,T2,PT,"{""beta"": 0.5, ""mu"": 2, ""secs"": 15}",2,2,0.526981,0.5197060201317072,6.0,True,35.54135427664106,36.601544289051496,32.90005762755166,35.350401450397236,21.32537173216214,657.0,"[657, 613, 296, 660, 620]",103.55413508415222,195.84705901145935,8476.051081180573,15.22425627708435,23.96238021238027,28.05181623931613,23.917210567210603,0.7992264416315049,0.9498167570911904,2617.0,2.0,21.05096273301904,1.0,runs/q3/q3_Region7_s0.2_T2_rep2/converge/th_0.526981/ml-ap-0.526981_6_lru_366.475GB/full_0.2_0.1_cache_perf.txt.lzma,,
q3_Region6_s0.3_C2_rep1,heldout,Region6_s0.3,Region6,0.3,C2,PT,"{""beta"": 0.5, ""cells"": ""meta+sz+h+nacc"", ""mu"": 2, ""secs"": 15}",1,1,0.669338,0.7113384325057268,6.0,True,35.89677191561565,36.82745726498145,32.76118185057875,35.48662911163681,21.10837002503392,775.0,"[775, 815, 264, 777, 811]",64.69760870933533,187.77923703193665,8083.775447368622,15.17313027381897,23.062483812483915,25.203137140637242,22.798099585599626,0.6867378048780488,0.9521608035556928,1085.0,5.0,18.093895813320213,1.0,runs/q3/q3_Region6_s0.3_C2_rep1/converge/th_0.669338/ml-ap-0.669338_6_lru_366.475GB/full_0.3_0.1_cache_perf.txt.lzma,,
q3_Region6_s0.2_P0_rep1,heldout,Region6_s0.2,Region6,0.2,P0,PT,"{""beta"": 0, ""mu"": 0, ""secs"": 15}",1,1,0.467332,0.47307342663407326,6.0,True,35.442763711562364,36.3960599585177,32.62268259519387,34.89861758610531,22.49481149304417,457.0,"[457, 153, 788, 260, 814]",61.673054456710815,221.52763986587524,9374.443172454834,15.112753868103027,23.694946257446315,30.95736208236219,23.53924177674179,0.30895795246800734,0.8205494962091372,1676.0,1.0,25.29554561698689,1.0,runs/q3/q3_Region6_s0.2_P0_rep1/converge/th_0.467332/ml-ap-0.467332_6_lru_366.475GB/full_0.2_0.1_cache_perf.txt.lzma,,
q3_Region6_s0.2_T2_rep1,heldout,Region6_s0.2,Region6,0.2,T2,PT,"{""beta"": 0.5, ""mu"": 2, ""secs"": 15}",1,1,0.569372,0.6164161395281553,9.0,True,35.53834017356853,35.97923141668852,33.213360528332885,34.84502072001685,22.569416604943655,457.0,"[457, 814, 153, 788, 813]",76.38384222984314,125.68628907203674,9733.671984672546,15.124507665634155,23.72884291634301,30.95736208236219,23.57749611499615,0.6126984126984127,0.888012525187924,1352.0,4.0,21.332084066758142,1.0,runs/q3/q3_Region6_s0.2_T2_rep1/converge/th_0.569372/ml-ap-0.569372_6_lru_366.475GB/full_0.2_0.1_cache_perf.txt.lzma,,
q3_Region7_s0.2_C2_rep2,heldout,Region7_s0.2,Region7,0.2,C2,PT,"{""beta"": 0.5, ""cells"": ""meta+sz+h+nacc"", ""mu"": 2, ""secs"": 15}",2,2,0.545252,0.4826486883684993,6.0,True,35.49115994090453,37.20642320643121,32.949203574196204,35.57107938357388,21.30672525066492,657.0,"[657, 613, 660, 295, 296]",118.26810050010681,6.67572021484375e-06,9875.879455566406,15.248683214187622,24.46433890183894,28.05181623931613,24.202259777259815,0.7768924302788844,0.9396112164546967,2406.0,18.0,21.317854215052616,1.0,runs/q3/q3_Region7_s0.2_C2_rep2/converge/th_0.545252/ml-ap-0.545252_6_lru_366.475GB/full_0.2_0.1_cache_perf.txt.lzma,,
q3_Region6_s0.1_C2_rep2,heldout,Region6_s0.1,Region6,0.1,C2,PT,"{""beta"": 0.5, ""cells"": ""meta+sz+h+nacc"", ""mu"": 2, ""secs"": 15}",2,2,0.689077,0.6927007548511028,6.0,True,35.63376522987448,41.033071095622766,32.57858844857794,38.111839549346904,20.496000241235727,284.0,"[284, 280, 219, 283, 808]",76.59161734580994,6.198883056640625e-06,10001.702887296677,15.247910499572754,25.301929551929554,27.090504403004406,24.8243071743072,0.6977980258162491,0.9510754472850748,1112.0,7.0,20.468954160049464,1.0,runs/q3/q3_Region6_s0.1_C2_rep2/converge/th_0.689077/ml-ap-0.689077_6_lru_366.475GB/full_0.1_0.1_cache_perf.txt.lzma,,
q3_Region6_s0.2_T2_rep2,heldout,Region6_s0.2,Region6,0.2,T2,PT,"{""beta"": 0.5, ""mu"": 2, ""secs"": 15}",2,2,0.590716,0.6127160852774978,6.0,True,35.46702382008034,36.8222448847009,33.219320771814736,35.55072520070344,22.626930470414717,457.0,"[457, 153, 733, 270, 453]",81.26156616210938,140.6718282699585,10877.946652650833,15.1366446018219,23.77436221186217,30.957362082362184,23.609508547008534,0.6066291432145091,0.8958479225890017,1381.0,8.0,21.37528548496867,1.0,runs/q3/q3_Region6_s0.2_T2_rep2/converge/th_0.590716/ml-ap-0.590716_6_lru_366.475GB/full_0.2_0.1_cache_perf.txt.lzma,,
q3_Region6_s0.3_T2_rep1,heldout,Region6_s0.3,Region6,0.3,T2,PT,"{""beta"": 0.5, ""mu"": 2, ""secs"": 15}",1,1,0.630184,0.6739874240010977,9.0,True,35.57402204488294,36.69201631704186,33.13094955968779,35.28115125616085,21.112400450572075,775.0,"[775, 815, 264, 811, 777]",82.57327055931091,206.22531628608704,11316.032951593399,15.13713264465332,20.43052318052323,25.2031371406372,20.408728308728353,0.6863863150392017,0.9501534841036126,1238.0,3.0,16.511866816275408,1.0,runs/q3/q3_Region6_s0.3_T2_rep1/converge/th_0.630184/ml-ap-0.630184_6_lru_366.475GB/full_0.3_0.1_cache_perf.txt.lzma,,
q3_Region7_s0.3_C2_rep2,heldout,Region7_s0.3,Region7,0.3,C2,PT,"{""beta"": 0.5, ""cells"": ""meta+sz+h+nacc"", ""mu"": 2, ""secs"": 15}",2,2,0.450643,0.4849595492705703,6.0,True,35.265832845310804,38.628124190670064,30.787935120431143,36.13881442631357,20.791719461115655,362.0,"[362, 636, 252, 622, 635]",116.43127942085266,166.26103830337524,10858.718313694,15.176850080490112,25.953072390572483,32.44698588448586,25.58520137270139,0.7654367469879518,0.9376961735271369,2336.0,49.0,22.24746649037036,1.0,runs/q3/q3_Region7_s0.3_C2_rep2/converge/th_0.450643/ml-ap-0.450643_6_lru_366.475GB/full_0.3_0.1_cache_perf.txt.lzma,,
q3_Region6_s0.1_T2_rep2,heldout,Region6_s0.1,Region6,0.1,T2,PT,"{""beta"": 0.5, ""mu"": 2, ""secs"": 15}",2,2,0.568332,0.6068530445918441,6.0,True,35.31837590392087,42.17213804719117,32.17055231803201,38.41242229992885,20.596482815194083,284.0,"[284, 280, 219, 283, 808]",85.1246109008789,292.1350107192993,11688.914250135422,15.123287916183472,21.864931364931383,27.090504403004424,21.7767514892515,0.6652690426275332,0.9368123969817439,1259.0,5.0,18.07974948221753,1.0,runs/q3/q3_Region6_s0.1_T2_rep2/converge/th_0.568332/ml-ap-0.568332_6_lru_366.475GB/full_0.1_0.1_cache_perf.txt.lzma,,
q3_Region6_s0.1_P0_rep2,heldout,Region6_s0.1,Region6,0.1,P0,PT,"{""beta"": 0, ""mu"": 0, ""secs"": 15}",2,2,0.508542,0.5305420514196157,6.0,True,35.887457041798704,41.82562807567975,32.24330549080488,38.499961149967724,20.478052081215996,284.0,"[284, 280, 283, 219, 808]",69.901775598526,193.1251003742218,11867.0001475811,15.151780843734741,21.833187645687687,27.09050440300445,21.630885780885816,0.34639882410583045,0.8829717714896583,1624.0,5.0,23.27687694442286,1.0,runs/q3/q3_Region6_s0.1_P0_rep2/converge/th_0.508542/ml-ap-0.508542_6_lru_366.475GB/full_0.1_0.1_cache_perf.txt.lzma,,
q3_Region6_s0.3_C2_rep2,heldout,Region6_s0.3,Region6,0.3,C2,PT,"{""beta"": 0.5, ""cells"": ""meta+sz+h+nacc"", ""mu"": 2, ""secs"": 15}",2,2,0.65485,0.6868499163538218,6.0,True,35.30147306136724,36.56656306658432,33.037193570330174,35.34162457913079,21.042801084758455,775.0,"[775, 815, 264, 777, 811]",95.75594997406006,301.1242082118988,11266.305440425873,15.162166357040405,23.06248381248391,25.203137140637246,22.869146594146642,0.6989992301770592,0.9567496739244717,1079.0,1.0,18.064302914915043,1.0,runs/q3/q3_Region6_s0.3_C2_rep2/converge/th_0.654850/ml-ap-0.65485_6_lru_366.475GB/full_0.3_0.1_cache_perf.txt.lzma,,
q3_Region6_s0.3_T2_rep2,heldout,Region6_s0.3,Region6,0.3,T2,PT,"{""beta"": 0.5, ""mu"": 2, ""secs"": 15}",2,2,0.643928,0.6659283079206944,6.0,True,35.49370062533572,36.54925861177052,33.255219664616604,35.33525317276055,21.14253991476381,815.0,"[815, 775, 264, 811, 777]",72.9731559753418,348.218230009079,11974.301874637604,15.16557788848877,20.465828153328165,25.203137140637224,20.421772209272238,0.6801994301994302,0.9491982286620857,1231.0,7.0,16.563321511268075,1.0,runs/q3/q3_Region6_s0.3_T2_rep2/converge/th_0.643928/ml-ap-0.643928_6_lru_366.475GB/full_0.3_0.1_cache_perf.txt.lzma,,
q3_Region6_s0.1_C2_rep3,heldout,Region6_s0.1,Region6,0.1,C2,PT,"{""beta"": 0.5, ""cells"": ""meta+sz+h+nacc"", ""mu"": 2, ""secs"": 15}",3,3,0.686416,0.6908455481752753,6.0,True,35.4695870993217,41.66033734788841,32.44429357677998,38.38586182336893,20.48896001907259,284.0,"[284, 280, 219, 283, 808]",64.70591163635254,190.66377878189087,11670.598475933075,15.331681489944458,25.520461020461067,27.09050440300445,24.922672235172268,0.7101002313030069,0.9545872876369679,1094.0,10.0,20.476586321188023,1.0,runs/q3/q3_Region6_s0.1_C2_rep3/converge/th_0.686416/ml-ap-0.686416_6_lru_366.475GB/full_0.1_0.1_cache_perf.txt.lzma,,
q3_Region6_s0.2_P0_rep2,heldout,Region6_s0.2,Region6,0.2,P0,PT,"{""beta"": 0, ""mu"": 0, ""secs"": 15}",2,2,0.499497,0.5057401368394494,6.0,True,35.64019080157072,35.869334369290634,32.738868168887784,35.0606157731003,22.522182969858463,457.0,"[457, 153, 788, 814, 453]",72.5512056350708,300.84540152549744,12433.036389350891,15.141199350357056,23.290808728308733,30.957362082362135,23.287648925148954,0.32577510411846367,0.8355165456466647,1677.0,1.0,25.12343714596646,1.0,runs/q3/q3_Region6_s0.2_P0_rep2/converge/th_0.499497/ml-ap-0.499497_6_lru_366.475GB/full_0.2_0.1_cache_perf.txt.lzma,,
q3_Region7_s0.1_P0_rep3,heldout,Region7_s0.1,Region7,0.1,P0,PT,"{""beta"": 0, ""mu"": 0, ""secs"": 15}",3,3,0.399558,0.4582823710516095,6.0,True,35.89280366216648,35.87919256673794,31.89323815074891,34.618411680921106,20.982030414762548,621.0,"[621, 616, 647, 299, 661]",93.28910231590271,340.0525715351105,12534.985134601593,15.168213367462158,22.92362729862731,27.3102661227661,22.904937192437224,0.35955328963340616,0.833130438041292,3220.0,2.0,24.77106343203559,1.0,runs/q3/q3_Region7_s0.1_P0_rep3/converge/th_0.399558/ml-ap-0.399558_6_lru_366.475GB/full_0.1_0.1_cache_perf.txt.lzma,,
q3_Region6_s0.2_C2_rep3,heldout,Region6_s0.2,Region6,0.2,C2,PT,"{""beta"": 0.5, ""cells"": ""meta+sz+h+nacc"", ""mu"": 2, ""secs"": 15}",3,3,0.670869,0.6488691456615925,6.0,True,35.62262313678184,36.23949430195134,32.09324980575763,35.2027097901955,22.420754403526477,457.0,"[457, 153, 814, 788, 453]",74.68574523925781,123.15728092193604,12411.81023979187,15.223795652389526,27.18633449883456,30.957362082362142,26.87850945350952,0.6995581737849779,0.9404151665520745,1120.0,8.0,23.305655049088802,1.0,runs/q3/q3_Region6_s0.2_C2_rep3/converge/th_0.670869/ml-ap-0.670869_6_lru_366.475GB/full_0.2_0.1_cache_perf.txt.lzma,,
q3_Region6_s0.1_P0_rep3,heldout,Region6_s0.1,Region6,0.1,P0,PT,"{""beta"": 0, ""mu"": 0, ""secs"": 15}",3,3,0.49544,0.5174404410645366,6.0,True,35.34681950360899,41.37616550120263,32.36491129242377,38.18145881897628,20.501980532166872,280.0,"[280, 284, 219, 283, 293]",63.069608211517334,228.92685389518738,13080.038966178894,15.164727210998535,21.824462574462622,27.090504403004452,21.69250194250198,0.3390748031496063,0.8787296908102579,1597.0,8.0,23.351314687437906,1.0,runs/q3/q3_Region6_s0.1_P0_rep3/converge/th_0.495440/ml-ap-0.49544_6_lru_366.475GB/full_0.1_0.1_cache_perf.txt.lzma,,
q3_Region6_s0.2_T2_rep3,heldout,Region6_s0.2,Region6,0.2,T2,PT,"{""beta"": 0.5, ""mu"": 2, ""secs"": 15}",3,3,0.59303,0.6150303827598691,6.0,True,35.55047022782752,36.06463675212715,33.21488474486526,35.24773374772078,22.5756011090764,153.0,"[153, 457, 814, 788, 260]",69.33707308769226,229.75897979736328,13289.75147986412,15.163841962814331,23.59934278684291,30.957362082362227,23.582213157213207,0.6151399491094147,0.895671933117038,1351.0,4.0,21.294780876746103,1.0,runs/q3/q3_Region6_s0.2_T2_rep3/converge/th_0.593030/ml-ap-0.59303_6_lru_366.475GB/full_0.2_0.1_cache_perf.txt.lzma,,
q3_Region6_s0.3_P0_rep1,heldout,Region6_s0.3,Region6,0.3,P0,PT,"{""beta"": 0, ""mu"": 0, ""secs"": 15}",1,1,0.552707,0.5800800742581487,9.0,True,35.490772240248056,36.845166407688254,32.886837768723936,35.24801864802541,21.04338003545469,775.0,"[775, 815, 264, 811, 777]",66.29308938980103,221.5832302570343,13475.743756771088,15.35604190826416,20.590504403004324,25.203137140637157,20.56868686868688,0.3756243756243756,0.9129383644764134,1626.0,11.0,22.457468704443954,1.0,runs/q3/q3_Region6_s0.3_P0_rep1/converge/th_0.552707/ml-ap-0.552707_6_lru_366.475GB/full_0.3_0.1_cache_perf.txt.lzma,,
q3_Region6_s0.3_C2_rep3,heldout,Region6_s0.3,Region6,0.3,C2,PT,"{""beta"": 0.5, ""cells"": ""meta+sz+h+nacc"", ""mu"": 2, ""secs"": 15}",3,3,0.670937,0.7078676959499717,6.0,True,35.84615268767183,36.86758611754233,32.979193052340804,35.736599974106184,21.175395575773774,264.0,"[264, 775, 777, 815, 811]",78.27294445037842,7.62939453125e-06,12936.212574958801,15.320758819580078,23.06248381248382,25.203137140637153,22.867275317275343,0.6895499618611747,0.9518994384439363,1087.0,1.0,18.140356491362915,1.0,runs/q3/q3_Region6_s0.3_C2_rep3/converge/th_0.670937/ml-ap-0.670937_6_lru_366.475GB/full_0.3_0.1_cache_perf.txt.lzma,,
q3_Region7_s0.2_C2_rep3,heldout,Region7_s0.2,Region7,0.2,C2,PT,"{""beta"": 0.5, ""cells"": ""meta+sz+h+nacc"", ""mu"": 2, ""secs"": 15}",3,3,0.53424,0.4951031440868974,9.0,True,35.64634409555663,37.16127622378608,33.166781274271884,35.614458689453876,21.36799194411163,657.0,"[657, 613, 660, 296, 295]",92.88986325263977,211.11328101158142,13013.22599864006,15.191959857940674,24.573604636104672,28.051816239316132,24.296548821548846,0.7867298578199052,0.9377103188249509,2401.0,9.0,21.298451187919163,1.0,runs/q3/q3_Region7_s0.2_C2_rep3/converge/th_0.534240/ml-ap-0.53424_6_lru_366.475GB/full_0.2_0.1_cache_perf.txt.lzma,,
q3_Region7_s0.3_P0_rep3,heldout,Region7_s0.3,Region7,0.3,P0,PT,"{""beta"": 0, ""mu"": 0, ""secs"": 15}",3,3,0.373824,0.41203378699719906,6.0,True,35.74730193256923,38.91771885526889,31.064096089101575,36.16334822584627,20.795119750419335,362.0,"[362, 636, 635, 252, 622]",97.70113778114319,330.5857934951782,13909.584963560104,15.25869369506836,23.181510619010616,30.905901968401963,23.143829318829255,0.3552795031055901,0.8208332495849344,3102.0,3.0,24.865285348997748,1.0,runs/q3/q3_Region7_s0.3_P0_rep3/converge/th_0.373824/ml-ap-0.373824_6_lru_366.475GB/full_0.3_0.1_cache_perf.txt.lzma,,
q3_Region6_s0.1_T2_rep3,heldout,Region6_s0.1,Region6,0.1,T2,PT,"{""beta"": 0.5, ""mu"": 2, ""secs"": 15}",3,3,0.59428,0.633109450340271,6.0,True,35.8793004212999,41.778959466513385,32.07963675214623,38.33801152551917,20.55658647071106,284.0,"[284, 280, 219, 283, 808]",80.03802037239075,297.03568720817566,14038.60488986969,15.099729776382446,21.805490805490855,27.090504403004452,21.7094243719244,0.6518415566365532,0.9405773846596686,1253.0,5.0,18.077464401435247,1.0,runs/q3/q3_Region6_s0.1_T2_rep3/converge/th_0.594280/ml-ap-0.59428_6_lru_366.475GB/full_0.1_0.1_cache_perf.txt.lzma,,
q3_Region6_s0.3_P0_rep2,heldout,Region6_s0.3,Region6,0.3,P0,PT,"{""beta"": 0, ""mu"": 0, ""secs"": 15}",2,2,0.539097,0.5782148176804185,6.0,True,35.68237229312633,36.966718466731905,32.999842819228384,35.615698653208476,21.05306856788376,815.0,"[815, 775, 777, 264, 807]",68.69787907600403,194.57976722717285,14106.924591064453,15.157916784286499,20.498057498057545,25.203137140637253,20.492673530173548,0.36372646184340934,0.9112072886365428,1624.0,8.0,22.44702312311317,1.0,runs/q3/q3_Region6_s0.3_P0_rep2/converge/th_0.539097/ml-ap-0.539097_6_lru_366.475GB/full_0.3_0.1_cache_perf.txt.lzma,,
q3_Region7_s0.3_T2_rep3,heldout,Region7_s0.3,Region7,0.3,T2,PT,"{""beta"": 0.5, ""mu"": 2, ""secs"": 15}",3,3,0.415084,0.40455222874879837,6.0,True,35.38149418556011,38.86321548826445,30.93093175344245,36.41850233100159,20.759562020840704,362.0,"[362, 636, 252, 635, 622]",97.57797598838806,226.19771265983582,14233.96443605423,15.20792531967163,23.219195156695154,32.446985884485876,23.13633773633773,0.5661343778246459,0.9045511193697443,2845.0,16.0,21.190714670355813,1.0,runs/q3/q3_Region7_s0.3_T2_rep3/converge/th_0.415084/ml-ap-0.415084_6_lru_366.475GB/full_0.3_0.1_cache_perf.txt.lzma,,
q3_Region6_s0.2_P0_rep3,heldout,Region6_s0.2,Region6,0.2,P0,PT,"{""beta"": 0, ""mu"": 0, ""secs"": 15}",3,3,0.48909,0.4979944359511137,6.0,True,35.72510118138363,40.960097772534084,33.05507899507475,36.41209854957922,22.577910420516066,457.0,"[457, 453, 153, 788, 814]",90.85287952423096,282.56191754341125,14304.310202121735,15.098122358322144,23.631086506086596,30.957362082362184,23.535437710437776,0.32372093023255816,0.8271105436223708,1658.0,1.0,25.22574378843296,1.0,runs/q3/q3_Region6_s0.2_P0_rep3/converge/th_0.489090/ml-ap-0.48909_6_lru_366.475GB/full_0.2_0.1_cache_perf.txt.lzma,,
q3_Region7_s0.1_T2_rep3,heldout,Region7_s0.1,Region7,0.1,T2,PT,"{""beta"": 0.5, ""mu"": 2, ""secs"": 15}",3,3,0.437229,0.49846270959824324,9.0,True,35.84574662987992,36.41716847971775,31.541212768724343,34.75334757835744,20.85683143925615,621.0,"[621, 616, 647, 299, 661]",100.2153651714325,219.0268154144287,14322.452180862427,15.198271036148071,22.772630147630146,28.08080808080806,22.732980445480475,0.5617411904056855,0.9049943040876602,2894.0,12.0,21.416124128961677,1.0,runs/q3/q3_Region7_s0.1_T2_rep3/converge/th_0.437229/ml-ap-0.437229_6_lru_366.475GB/full_0.1_0.1_cache_perf.txt.lzma,,
q3_Region7_s0.2_P0_rep3,heldout,Region7_s0.2,Region7,0.2,P0,PT,"{""beta"": 0, ""mu"": 0, ""secs"": 15}",3,3,0.403186,0.4495954615995288,6.0,True,35.30711404320394,37.05074786326021,33.07452473452,35.416317016316476,21.110091202698975,657.0,"[657, 613, 660, 620, 296]",93.0836296081543,213.15178799629211,14574.114147424698,15.190153121948242,22.75377169127156,28.0518162393161,22.74089614089606,0.3646252069047056,0.8343499911682746,3271.0,6.0,24.577559501459863,1.0,runs/q3/q3_Region7_s0.2_P0_rep3/converge/th_0.403186/ml-ap-0.403186_6_lru_366.475GB/full_0.2_0.1_cache_perf.txt.lzma,,
q3_Region6_s0.3_P0_rep3,heldout,Region6_s0.3,Region6,0.3,P0,PT,"{""beta"": 0, ""mu"": 0, ""secs"": 15}",3,3,0.535699,0.5576988803222775,6.0,True,35.4481014861136,36.890313390337596,33.04455128203677,35.48088901840006,21.08894143371565,775.0,"[775, 815, 264, 777, 807]",65.54774165153503,162.28523588180542,14847.29813861847,15.166471004486084,20.524896399896463,25.203137140637235,20.496927609427658,0.37012987012987014,0.9118033216924087,1615.0,9.0,22.427374084946173,1.0,runs/q3/q3_Region6_s0.3_P0_rep3/converge/th_0.535699/ml-ap-0.535699_6_lru_366.475GB/full_0.3_0.1_cache_perf.txt.lzma,,
q3_Region6_s0.3_T2_rep3,heldout,Region6_s0.3,Region6,0.3,T2,PT,"{""beta"": 0.5, ""mu"": 2, ""secs"": 15}",3,3,0.643767,0.6846626419574022,9.0,True,35.57883296324123,36.864510489536954,33.33864154366363,35.554163429172284,21.187408327736716,775.0,"[775, 815, 264, 811, 777]",76.3806049823761,193.9412395954132,14916.724250078201,15.231534481048584,20.61909155659166,25.203137140637242,20.498374773374824,0.6797752808988764,0.95091641690217,1264.0,6.0,16.607075887284118,1.0,runs/q3/q3_Region6_s0.3_T2_rep3/converge/th_0.643767/ml-ap-0.643767_6_lru_366.475GB/full_0.3_0.1_cache_perf.txt.lzma,,
q3_Region7_s0.3_P0_rep2,heldout,Region7_s0.3,Region7,0.3,P0,PT,"{""beta"": 0, ""mu"": 0, ""secs"": 15}",2,2,0.360504,0.3752001328393817,9.0,True,35.611143645946626,38.71904946909673,31.355269360273507,36.016702279200494,20.841265178305697,362.0,"[362, 636, 635, 252, 622]",92.31897306442261,0.00018405914306640625,15037.001398801804,15.237032413482666,23.219195156695164,32.44698588448589,23.126230251230204,0.3448360857776682,0.8163566031240597,3103.0,0.0,24.8739213157482,1.0,runs/q3/q3_Region7_s0.3_P0_rep2/converge/th_0.360504/ml-ap-0.360504_6_lru_366.475GB/full_0.3_0.1_cache_perf.txt.lzma,,
q3_Region7_s0.3_P0_rep1,heldout,Region7_s0.3,Region7,0.3,P0,PT,"{""beta"": 0, ""mu"": 0, ""secs"": 15}",1,1,0.368375,0.39327274449169636,15.0,True,35.727432443737975,37.869722869767536,30.969386169393363,36.04864672364366,20.783385622990632,362.0,"[362, 636, 622, 635, 252]",125.68948268890381,81.60382795333862,15235.231801271439,15.141852617263794,23.161907536907563,31.67644392644395,23.080830743330758,0.36237022030893895,0.8277643486983541,3027.0,11.0,24.80899055255485,1.0,runs/q3/q3_Region7_s0.3_P0_rep1/converge/th_0.368375/ml-ap-0.368375_6_lru_366.475GB/full_0.3_0.1_cache_perf.txt.lzma,,
q3_Region7_s0.2_T2_rep3,heldout,Region7_s0.2,Region7,0.2,T2,PT,"{""beta"": 0.5, ""mu"": 2, ""secs"": 15}",3,3,0.42875,0.44410704635083675,21.0,False,35.02707147840723,37.0999417249533,32.99241517741405,35.366767029265866,21.102681153671007,657.0,"[657, 613, 620, 660, 296]",98.31198596954346,5.245208740234375e-06,16174.291873216629,15.238869905471802,22.439005439005488,28.051816239316103,22.43212898212901,0.5574052812858783,0.9057921117299126,2926.0,9.0,20.98433255871261,1.0,runs/q3/q3_Region7_s0.2_T2_rep3/converge/th_0.428750/ml-ap-0.42875_6_lru_366.475GB/full_0.2_0.1_cache_perf.txt.lzma,,
