key,phase,instance,solver,family,budget,seed,wall,direct_load,sibling_load
a59c3e38d45fd704,wp1,full_Region4_s0,lp,classical,300.0,0,2.182,0.0,2.7655819541920663
72a7139e600b9de9,wp1,full_Region4_s0,cpsat,classical,300.0,0,1.403,0.0,3.106108529178568
d5217f7699732989,wp1,full_Region4_s0,pt,ising,300.0,0,300.013,0.0,0.5355439931821298
36578686dad5169d,wp1,full_Region7_s0,lp,classical,300.0,0,6.313,0.0,0.0
4833a845abfa2922,wp1,full_Region7_s0,cpsat,classical,300.0,0,9.078,0.0,0.0
a2b8cdda64a51b11,wp1,full_Region7_s0,pt,ising,300.0,0,300.009,0.0,0.0
5e20833fbf61bf0e,wp1,full_Region6_s0,lp,classical,300.0,0,3.891,0.0,0.0
05a2091db47e2fb2,wp1,full_Region6_s0,cpsat,classical,300.0,0,295.671,0.0,0.0
008782bf876159eb,wp1,full_Region6_s0,pt,ising,300.0,0,300.008,0.0,0.0
81279420a0a497d9,wp1,full_Region5_s0.1,lp,classical,300.0,0,3.877,0.0,0.0
f6a5cea940211b94,wp1,full_Region5_s0.1,cpsat,classical,300.0,0,1.688,0.0,0.0
e58ae91348a1890e,wp1,full_Region5_s0.1,pt,ising,300.0,0,300.02,0.0,0.0
2ffe15877c658a09,wp1,full_Region4_s0.2,lp,classical,300.0,0,4.48,0.0,0.0
63c700d0ba4b314f,wp1,full_Region4_s0.2,cpsat,classical,300.0,0,2.268,0.0,0.0
e2807ef3591cea1f,wp1,full_Region4_s0.2,pt,ising,300.0,0,300.01,0.0,0.0
5a0251dd119aa4ab,wp1,full_Region5_s0.2,lp,classical,300.0,0,6.544,0.0,0.0
9fb8821d9e526db6,wp1,full_Region5_s0.2,cpsat,classical,300.0,0,1.451,0.0,0.0
30d7bf91ea0df4e9,wp1,full_Region5_s0.2,pt,ising,300.0,0,300.006,0.0,0.033332666679999734
c4b1f92e79c5db04,wp1,full_Region4_s0.3,lp,classical,300.0,0,5.861,0.0,0.0
894ae5ad2007d273,wp1,full_Region4_s0.3,cpsat,classical,300.0,0,221.764,0.0,0.0
372d34448bbb1a1d,wp1,full_Region4_s0.3,pt,ising,300.0,0,300.013,0.0,0.0
3e04f6979eb4c82f,wp1,full_Region5_s0.3,lp,classical,300.0,0,4.021,0.0,0.0
1d77333e9272f8bf,wp1,full_Region5_s0.3,cpsat,classical,300.0,0,1.599,0.0,0.0
b4caa40e12b4c65d,wp1,full_Region5_s0.3,pt,ising,300.0,0,300.009,0.009666376675366404,0.08766403674556429
e63e0b665e4cc086,wp1,full_Region4_s0.4,lp,classical,300.0,0,5.679,0.0,0.0
4f556956f4e0285c,wp1,full_Region4_s0.4,cpsat,classical,300.0,0,11.702,0.0,0.0
b0c546abcf3cb1cb,wp1,full_Region4_s0.4,pt,ising,300.0,0,300.015,0.09566188357248806,0.17035814875922872
0a498b347eb877d6,wp1,full_Region5_s0.4,lp,classical,300.0,0,2.344,0.0,0.0
e999f0e1b4719470,wp1,full_Region5_s0.4,cpsat,classical,300.0,0,1.403,0.37978619570742306,0.0
df20de1a3bda4018,wp1,full_Region5_s0.4,pt,ising,300.0,0,300.012,0.0036665200058664323,0.043664920069863875
8cb695de2f76f1c3,wp1,full_Region7_s0.4,lp,classical,300.0,0,5.667,0.0,0.0
1e13758aaff7b0eb,wp1,full_Region7_s0.4,cpsat,classical,300.0,0,2.127,0.0,0.0
bda2d98b9a35e63f,wp1,full_Region7_s0.4,pt,ising,300.0,0,300.013,0.022665684487005566,0.0976624346278328
81a76af08ee69afb,wp1,full_Region6_s0.4,lp,classical,300.0,0,3.417,0.0,0.0
727045dfbddd6d7a,wp1,full_Region6_s0.4,cpsat,classical,300.0,0,187.789,0.006922663201784982,0.05964140604614754
3d4227ab781e584b,wp1,full_Region6_s0.4,pt,ising,300.0,0,300.022,0.0,0.0
91d8d1f9d7ddd74f,wp1,full_Region4_s0.5,lp,classical,300.0,0,3.622,0.0,0.0
6e44d930e7eabced,wp1,full_Region4_s0.5,cpsat,classical,300.0,0,1.905,0.0,0.0
d81a00c30edbf1a5,wp1,full_Region4_s0.5,pt,ising,300.0,0,300.022,0.0,0.0
53baf39c67645ab0,wp1,full_Region5_s0.5,lp,classical,300.0,0,3.029,0.0,0.0
43090ab90216c9cd,wp1,full_Region5_s0.5,cpsat,classical,300.0,0,3.421,0.0,0.0
d8b4ca99d7b65840,wp1,full_Region5_s0.5,pt,ising,300.0,0,300.01,0.0,0.0
08ba31f7c61cde0e,wp1,full_Region7_s0.5,lp,classical,300.0,0,7.325,0.0,0.0
6cd7012209a3e87e,wp1,full_Region7_s0.5,cpsat,classical,300.0,0,62.661,0.009575333939771148,0.05106844767877946
16ba042bfc3b5d61,wp1,full_Region7_s0.5,pt,ising,300.0,0,300.023,0.0,0.0
b2576771b8acc0a5,wp1,full_Region6_s0.5,lp,classical,300.0,0,2.637,0.0,0.0
0f4da0a9e71202aa,wp1,full_Region6_s0.5,cpsat,classical,300.0,0,4.563,0.0,0.0
6424cb7438abb4a8,wp1,full_Region6_s0.5,pt,ising,300.0,0,300.009,0.0,0.0
76081a7acc64b336,wp1,full_Region4_s0.6,lp,classical,300.0,0,2.727,0.0,0.0
31c154469dad2ba6,wp1,full_Region4_s0.6,cpsat,classical,300.0,0,10.093,0.0,0.0
e7f9b1768e1a9a19,wp1,full_Region4_s0.6,pt,ising,300.0,0,300.017,0.0,0.0
ceb8ec0a7b4b9f61,wp1,full_Region5_s0.6,lp,classical,300.0,0,4.855,0.0,0.0
ec5f202cb467b6f9,wp1,full_Region5_s0.6,cpsat,classical,300.0,0,1.634,0.0,0.0
1f93823e78bd080c,wp1,full_Region5_s0.6,pt,ising,300.0,0,300.005,0.04199930001166647,0.024999583340277663
ca1603fb2476b0b5,wp1,full_Region7_s0.6,lp,classical,300.0,0,7.365,0.0,0.0
cd8aa4409643eff6,wp1,full_Region7_s0.6,cpsat,classical,300.0,0,92.5,0.0,0.0
7d2a8c52dc7835be,wp1,full_Region7_s0.6,pt,ising,300.0,0,300.018,0.0,0.0
529a92a535394cf5,wp1,full_Region6_s0.6,lp,classical,300.0,0,3.029,0.0,0.0
27bef64a872ae877,wp1,full_Region6_s0.6,cpsat,classical,300.0,0,158.269,0.0,0.0
10d77ed246c77875,wp1,full_Region6_s0.6,pt,ising,300.0,0,300.009,0.001999940001799946,0.0
f76c3dda9b83c762,wp1,full_Region4_s0.7,lp,classical,300.0,0,5.817,0.0,0.0
c1e6b1223bd623b6,wp1,full_Region4_s0.7,cpsat,classical,300.0,0,2.934,0.0,0.0
b0db8445669c1842,wp1,full_Region4_s0.7,pt,ising,300.0,0,300.017,0.0,0.0
714fbbc10eafcc07,wp1,full_Region5_s0.7,lp,classical,300.0,0,1.99,0.0,0.0
f59c15cfebeb04f6,wp1,full_Region5_s0.7,cpsat,classical,300.0,0,2.002,0.0,0.0
8eac9e3cd66c4fc3,wp1,full_Region5_s0.7,pt,ising,300.0,0,300.024,0.0,0.0
63a79c1aeecba94f,wp1,full_Region7_s0.7,lp,classical,300.0,0,5.351,0.0,0.0
04000726963a1766,wp1,full_Region7_s0.7,cpsat,classical,300.0,0,8.075,0.0,0.0
6f56c86590a3f7c1,wp1,full_Region7_s0.7,pt,ising,300.0,0,300.016,0.0,0.0
c21234905e35ba75,wp1,full_Region6_s0.7,lp,classical,300.0,0,3.305,0.0,0.0
8fe5b928cfb48db5,wp1,full_Region6_s0.7,cpsat,classical,300.0,0,215.425,0.0,0.0
78c2b009877cd7b5,wp1,full_Region6_s0.7,pt,ising,300.0,0,300.006,0.0,0.0
292548fbd6cb9a8a,wp1,full_Region4_s0.8,lp,classical,300.0,0,4.995,0.0,0.0
8866d927148bb23e,wp1,full_Region4_s0.8,cpsat,classical,300.0,0,3.42,0.0,0.0
218b8049a84db0ed,wp1,full_Region4_s0.8,pt,ising,300.0,0,300.017,0.015665778939193447,0.018665608948826237
ff758d380f072a7e,wp1,full_Region5_s0.8,lp,classical,300.0,0,1.977,0.0,0.0
558655a570748d48,wp1,full_Region5_s0.8,cpsat,classical,300.0,0,1.037,0.0,0.0
4a2aef37bb904a3b,wp1,full_Region5_s0.8,pt,ising,300.0,0,300.018,0.6672932957355893,1.1849289042657443
f3a2a4931f0e6db2,wp1,full_Region7_s0.8,lp,classical,300.0,0,6.387,0.0,0.0
faea7bc9c69b7a9e,wp1,full_Region7_s0.8,cpsat,classical,300.0,0,11.914,0.0,0.0
37e525a9573fafa0,wp1,full_Region7_s0.8,pt,ising,300.0,0,300.019,0.0,0.0
49a3e8862b98fe20,wp1,full_Region6_s0.8,lp,classical,300.0,0,2.18,0.0,0.0
31d9ef95a52611a3,wp1,full_Region6_s0.8,cpsat,classical,300.0,0,8.263,0.0,0.0
b230ccaf533815b1,wp1,full_Region6_s0.8,pt,ising,300.0,0,300.012,0.0,0.0
6626b6db9201b42c,wp1,full_Region4_s0.9,lp,classical,300.0,0,3.801,0.0,0.0
fd61b9e11a079850,wp1,full_Region4_s0.9,cpsat,classical,300.0,0,6.264,0.0,0.0
62a3eb651627820f,wp1,full_Region4_s0.9,pt,ising,300.0,0,300.014,0.0,0.0
ecfa9a6d8a49c37e,wp1,full_Region5_s0.9,lp,classical,300.0,0,3.909,0.0,0.0
128170349450783b,wp1,full_Region5_s0.9,cpsat,classical,300.0,0,1.983,0.0,0.0
8a147bafd03ce709,wp1,full_Region5_s0.9,pt,ising,300.0,0,300.011,0.0,0.0
4e1433a913091fe2,wp1,full_Region7_s0.9,lp,classical,300.0,0,7.695,0.0,0.0
c919c8c81a3e32a7,wp1,full_Region7_s0.9,cpsat,classical,300.0,0,96.791,0.0,0.0
7f89f1b2721f3801,wp1,full_Region7_s0.9,pt,ising,300.0,0,300.02,0.0,0.0
b0100f17051a311a,wp1,full_Region6_s0.9,lp,classical,300.0,0,3.333,0.0,0.0
2ab0cd0253640eaf,wp1,full_Region6_s0.9,cpsat,classical,300.0,0,124.351,0.0,0.0
a5057edc57a41497,wp1,full_Region6_s0.9,pt,ising,300.0,0,300.025,0.0,0.0
