key,ts,phase,instance,form,form_params,solver,family,cfg_hash,cfg,budget,seed,wall,over_budget,objective,obj_levels,peak_W_util,sts_W,n_sel,feasible,moves,status,sol,tag,affinity,level_secs
bffd5233f80a8bb6,2026-09-28T18:54:30,wp1_reused_phase1_heldout,full_Region7_s0.1,F1,"{""k"": 4, ""name"": ""F1"", ""tau"": 0.0}",cpsat,classical,cd6c30cd5f,"{""cp_model_presolve"": false, ""linearization_level"": 1, ""repair_hint"": false, ""start"": ""lp""}",300.0,0,31.444,0,23.116647241647247,"[23.116647, 23.116647, 23.116647, 23.116647, 23.116647, 23.116647, 23.116647, 23.116647]",23.116647241647247,1842.5462132867128,14662,1,"{""cp_improved"": 1, ""cp_time"": 31.214216232299805, ""rep_n_add"": 0, ""rep_n_drop"": 0, ""rep_n_fill"": 128}",ok,/home/sxing/project/OS_final_project/changes/1_literature_review/explore/q2/sols/heldout_full_Region7_s0.1_F1_cpsat_cd6c30cd5f_b300.0_s0.npz,reused:full_Region7_s0.1,0-7,
e83780d3df5bdd3d,2026-09-28T18:54:40,wp1_reused_phase1_heldout,full_Region7_s0.1,F1,"{""k"": 4, ""name"": ""F1"", ""tau"": 0.0}",lp,classical,e62ade0088,"{""lexi"": true}",300.0,0,9.549,0,23.406818586506137,"[23.579335, 23.579335, 23.39292, 23.39292, 23.39292, 23.362956, 23.277082, 23.277082]",23.27708171458176,1879.2377832167829,15292,1,"{""rep_n_add"": 0, ""rep_n_drop"": 0, ""rep_n_fill"": 0, ""start_n_add"": 370, ""start_n_drop"": 0, ""start_n_fill"": 1561}",ok,/home/sxing/project/OS_final_project/changes/1_literature_review/explore/q2/sols/heldout_full_Region7_s0.1_F1_lp_e62ade0088_b300.0_s0.npz,reused:full_Region7_s0.1,0-7,
1157330898f01076,2026-09-28T19:15:37,wp1_reused_phase1_heldout,full_Region7_s0.1,F1,"{""k"": 4, ""name"": ""F1"", ""tau"": 0.0}",pt,ising,eb1d04fc51,"{""eim_R"": 16, ""eim_Tmax"": 7.3329031629428645e-06, ""eim_Tmin"": 1.1006348269620852e-06, ""eim_anneal"": 0.9462286962175356, ""eim_hscale"": 1.8587633596816164, ""eim_moves"": 18358, ""eim_rho"": 3.506794739778118, ""g_scale"": 774.8399988560119, ""p_add"": 0.22230587257383633, ""p_swap"": 0.46272105013386755, ""start"": ""lp"", ""topw"": 20}",300.0,0,300.023,0,23.1342552123802,"[23.257511, 23.116647, 23.116647, 23.116647, 23.116647, 23.116647, 23.116647, 23.116647]",23.116647241647247,1809.5973916083915,14924,1,"{""eim_acc"": 96830751, ""rep_n_add"": 0, ""rep_n_drop"": 0, ""rep_n_fill"": 18, ""start_n_add"": 335, ""start_n_drop"": 0, ""start_n_fill"": 11738}",ok,/home/sxing/project/OS_final_project/changes/1_literature_review/explore/q2/sols/heldout_full_Region7_s0.1_F1_pt_eb1d04fc51_b300.0_s0.npz,reused:full_Region7_s0.1,0-7,
e62a8f4f1350b5ae,2026-09-28T19:28:12,wp1_reused_phase1_heldout,full_Region7_s0.2,F1,"{""k"": 4, ""name"": ""F1"", ""tau"": 0.0}",cpsat,classical,cd6c30cd5f,"{""cp_model_presolve"": false, ""linearization_level"": 1, ""repair_hint"": false, ""start"": ""lp""}",300.0,0,3.497,0,25.411972286972237,"[25.411972, 25.411972, 25.411972, 25.411972, 25.411972, 25.411972, 25.411972, 25.411972]",25.411972286972237,1830.4489335664332,16321,1,"{""cp_improved"": 1, ""cp_time"": 3.2486395835876465, ""rep_n_add"": 0, ""rep_n_drop"": 0, ""rep_n_fill"": 1642}",ok,/home/sxing/project/OS_final_project/changes/1_literature_review/explore/q2/sols/heldout_full_Region7_s0.2_F1_cpsat_cd6c30cd5f_b300.0_s0.npz,reused:full_Region7_s0.2,0-7,
09b2aabeb6a8fb87,2026-09-28T19:43:23,wp1_reused_phase1_heldout,full_Region7_s0.2,F1,"{""k"": 4, ""name"": ""F1"", ""tau"": 0.0}",pt,ising,eb1d04fc51,"{""eim_R"": 16, ""eim_Tmax"": 7.3329031629428645e-06, ""eim_Tmin"": 1.1006348269620852e-06, ""eim_anneal"": 0.9462286962175356, ""eim_hscale"": 1.8587633596816164, ""eim_moves"": 18358, ""eim_rho"": 3.506794739778118, ""g_scale"": 774.8399988560119, ""p_add"": 0.22230587257383633, ""p_swap"": 0.46272105013386755, ""start"": ""lp"", ""topw"": 20}",300.0,0,300.018,0,25.411972286972237,"[25.411972, 25.411972, 25.411972, 25.411972, 25.411972, 25.411972, 25.411972, 25.411972]",25.411972286972237,1778.1265594405593,15478,1,"{""eim_acc"": 377690166, ""rep_n_add"": 0, ""rep_n_drop"": 0, ""rep_n_fill"": 1, ""start_n_add"": 350, ""start_n_drop"": 0, ""start_n_fill"": 21703}",ok,/home/sxing/project/OS_final_project/changes/1_literature_review/explore/q2/sols/heldout_full_Region7_s0.2_F1_pt_eb1d04fc51_b300.0_s0.npz,reused:full_Region7_s0.2,0-7,
fe7044ec8cd586eb,2026-09-28T19:53:41,wp1_reused_phase1_heldout,full_Region7_s0.2,F1,"{""k"": 4, ""name"": ""F1"", ""tau"": 0.0}",lp,classical,e62ade0088,"{""lexi"": true}",300.0,0,15.325,0,25.594375242812795,"[25.622005, 25.612503, 25.604523, 25.601998, 25.587477, 25.582799, 25.576858, 25.566838]",25.56683825433835,1864.48722027972,16551,1,"{""rep_n_add"": 0, ""rep_n_drop"": 0, ""rep_n_fill"": 0, ""start_n_add"": 194, ""start_n_drop"": 0, ""start_n_fill"": 14}",ok,/home/sxing/project/OS_final_project/changes/1_literature_review/explore/q2/sols/heldout_full_Region7_s0.2_F1_lp_e62ade0088_b300.0_s0.npz,reused:full_Region7_s0.2,0-7,
521ce6c7abf965bd,2026-09-28T21:07:40,wp1_reused_phase1_heldout,full_Region7_s0.3,F1,"{""k"": 4, ""name"": ""F1"", ""tau"": 0.0}",pt,ising,eb1d04fc51,"{""eim_R"": 16, ""eim_Tmax"": 7.3329031629428645e-06, ""eim_Tmin"": 1.1006348269620852e-06, ""eim_anneal"": 0.9462286962175356, ""eim_hscale"": 1.8587633596816164, ""eim_moves"": 18358, ""eim_rho"": 3.506794739778118, ""g_scale"": 774.8399988560119, ""p_add"": 0.22230587257383633, ""p_swap"": 0.46272105013386755, ""start"": ""lp"", ""topw"": 20}",300.0,0,300.023,0,22.016464727402266,"[22.602143, 22.366825, 22.202797, 22.054811, 21.922818, 21.77127, 21.629808, 21.581245]",21.581245143745228,1622.210192307692,12195,1,"{""eim_acc"": 5919115, ""rep_n_add"": 0, ""rep_n_drop"": 0, ""rep_n_fill"": 11, ""start_n_add"": 423, ""start_n_drop"": 0, ""start_n_fill"": 18065}",ok,/home/sxing/project/OS_final_project/changes/1_literature_review/explore/q2/sols/heldout_full_Region7_s0.3_F1_pt_eb1d04fc51_b300.0_s0.npz,reused:full_Region7_s0.3,0-7,
a5433510ae829640,2026-09-28T21:07:51,wp1_reused_phase1_heldout,full_Region7_s0.3,F1,"{""k"": 4, ""name"": ""F1"", ""tau"": 0.0}",lp,classical,e62ade0088,"{""lexi"": true}",300.0,0,10.392,0,22.70463246244536,"[23.484217, 23.051233, 22.781614, 22.60708, 22.579756, 22.405999, 22.405999, 22.32116]",22.32116032116035,1966.299213286713,15150,1,"{""rep_n_add"": 0, ""rep_n_drop"": 0, ""rep_n_fill"": 0, ""start_n_add"": 555, ""start_n_drop"": 0, ""start_n_fill"": 7199}",ok,/home/sxing/project/OS_final_project/changes/1_literature_review/explore/q2/sols/heldout_full_Region7_s0.3_F1_lp_e62ade0088_b300.0_s0.npz,reused:full_Region7_s0.3,0-7,
35fb9b0187f04669,2026-09-28T21:24:19,wp1_reused_phase1_heldout,full_Region7_s0.3,F1,"{""k"": 4, ""name"": ""F1"", ""tau"": 0.0}",cpsat,classical,cd6c30cd5f,"{""cp_model_presolve"": false, ""linearization_level"": 1, ""repair_hint"": false, ""start"": ""lp""}",300.0,0,192.559,0,21.798497798497834,"[22.355834, 22.11451, 21.925343, 21.763695, 21.628658, 21.533314, 21.533314, 21.533314]",21.533313908313996,1839.297087412587,14660,1,"{""cp_improved"": 6, ""cp_time"": 192.2902750968933, ""rep_n_add"": 0, ""rep_n_drop"": 0, ""rep_n_fill"": 174}",ok,/home/sxing/project/OS_final_project/changes/1_literature_review/explore/q2/sols/heldout_full_Region7_s0.3_F1_cpsat_cd6c30cd5f_b300.0_s0.npz,reused:full_Region7_s0.3,0-7,
f76427e006dd6623,2026-09-28T21:45:14,wp1_reused_phase1_heldout,full_Region6_s0.1,F1,"{""k"": 4, ""name"": ""F1"", ""tau"": 0.0}",cpsat,classical,cd6c30cd5f,"{""cp_model_presolve"": false, ""linearization_level"": 1, ""repair_hint"": false, ""start"": ""lp""}",300.0,0,188.459,0,20.35322172040924,"[21.020251, 20.735561, 20.500437, 20.28796, 20.114753, 20.055604, 20.055604, 20.055604]",20.055604118104142,2800.8281748251766,7565,1,"{""cp_improved"": 6, ""cp_time"": 188.2657392024994, ""rep_n_add"": 0, ""rep_n_drop"": 0, ""rep_n_fill"": 198}",ok,/home/sxing/project/OS_final_project/changes/1_literature_review/explore/q2/sols/heldout_full_Region6_s0.1_F1_cpsat_cd6c30cd5f_b300.0_s0.npz,reused:full_Region6_s0.1,0-7,
6fa1754df4aedc4f,2026-09-28T22:15:44,wp1_reused_phase1_heldout,full_Region6_s0.1,F1,"{""k"": 4, ""name"": ""F1"", ""tau"": 0.0}",lp,classical,e62ade0088,"{""lexi"": true}",300.0,0,5.985,0,21.234540922040864,"[22.15676, 21.507592, 21.417929, 21.417929, 21.29199, 20.870888, 20.764779, 20.448459]",20.448458948459013,2891.72517832168,7857,1,"{""rep_n_add"": 0, ""rep_n_drop"": 0, ""rep_n_fill"": 0, ""start_n_add"": 711, ""start_n_drop"": 0, ""start_n_fill"": 2971}",ok,/home/sxing/project/OS_final_project/changes/1_literature_review/explore/q2/sols/heldout_full_Region6_s0.1_F1_lp_e62ade0088_b300.0_s0.npz,reused:full_Region6_s0.1,0-7,
95fdfb2dfd3cc144,2026-09-28T22:30:46,wp1_reused_phase1_heldout,full_Region6_s0.1,F1,"{""k"": 4, ""name"": ""F1"", ""tau"": 0.0}",pt,ising,eb1d04fc51,"{""eim_R"": 16, ""eim_Tmax"": 7.3329031629428645e-06, ""eim_Tmin"": 1.1006348269620852e-06, ""eim_anneal"": 0.9462286962175356, ""eim_hscale"": 1.8587633596816164, ""eim_moves"": 18358, ""eim_rho"": 3.506794739778118, ""g_scale"": 774.8399988560119, ""p_add"": 0.22230587257383633, ""p_swap"": 0.46272105013386755, ""start"": ""lp"", ""topw"": 20}",300.0,0,300.019,0,20.616669499481997,"[21.328072, 21.040485, 20.836393, 20.645785, 20.461409, 20.287798, 20.177269, 20.156145]",20.15614478114481,2716.709926573428,6578,1,"{""eim_acc"": 7057880, ""rep_n_add"": 1, ""rep_n_drop"": 0, ""rep_n_fill"": 8, ""start_n_add"": 381, ""start_n_drop"": 0, ""start_n_fill"": 7192}",ok,/home/sxing/project/OS_final_project/changes/1_literature_review/explore/q2/sols/heldout_full_Region6_s0.1_F1_pt_eb1d04fc51_b300.0_s0.npz,reused:full_Region6_s0.1,0-7,
c16afaa9e5fc7943,2026-09-28T23:15:16,wp1_reused_phase1_heldout,full_Region6_s0.2,F1,"{""k"": 4, ""name"": ""F1"", ""tau"": 0.0}",cpsat,classical,cd6c30cd5f,"{""cp_model_presolve"": false, ""linearization_level"": 1, ""repair_hint"": false, ""start"": ""lp""}",300.0,0,295.719,0,21.983820577570626,"[22.769101, 22.474424, 22.233392, 22.026774, 21.841621, 21.668868, 21.508741, 21.347643]",21.34764309764317,2158.6004965034963,6754,1,"{""cp_improved"": 8, ""cp_time"": 295.4521963596344, ""rep_n_add"": 0, ""rep_n_drop"": 0, ""rep_n_fill"": 19}",ok,/home/sxing/project/OS_final_project/changes/1_literature_review/explore/q2/sols/heldout_full_Region6_s0.2_F1_cpsat_cd6c30cd5f_b300.0_s0.npz,reused:full_Region6_s0.2,0-7,
de02b969aa30b97c,2026-09-28T23:20:24,wp1_reused_phase1_heldout,full_Region6_s0.2,F1,"{""k"": 4, ""name"": ""F1"", ""tau"": 0.0}",lp,classical,e62ade0088,"{""lexi"": true}",300.0,0,5.869,0,22.961309812872344,"[24.103131, 23.441256, 23.016592, 23.000291, 22.737503, 22.611273, 22.390216, 22.390216]",22.390216265216296,2515.4461643356644,8571,1,"{""rep_n_add"": 0, ""rep_n_drop"": 0, ""rep_n_fill"": 0, ""start_n_add"": 630, ""start_n_drop"": 0, ""start_n_fill"": 3363}",ok,/home/sxing/project/OS_final_project/changes/1_literature_review/explore/q2/sols/heldout_full_Region6_s0.2_F1_lp_e62ade0088_b300.0_s0.npz,reused:full_Region6_s0.2,0-7,
d6a27bc47b7dab92,2026-09-28T23:40:23,wp1_reused_phase1_heldout,full_Region6_s0.2,F1,"{""k"": 4, ""name"": ""F1"", ""tau"": 0.0}",pt,ising,eb1d04fc51,"{""eim_R"": 16, ""eim_Tmax"": 7.3329031629428645e-06, ""eim_Tmin"": 1.1006348269620852e-06, ""eim_anneal"": 0.9462286962175356, ""eim_hscale"": 1.8587633596816164, ""eim_moves"": 18358, ""eim_rho"": 3.506794739778118, ""g_scale"": 774.8399988560119, ""p_add"": 0.22230587257383633, ""p_swap"": 0.46272105013386755, ""start"": ""lp"", ""topw"": 20}",300.0,0,300.014,0,22.320816336441368,"[23.059586, 22.777972, 22.581051, 22.403765, 22.193036, 22.024362, 21.859071, 21.667686]",21.66768648018643,2131.047164335664,6501,1,"{""eim_acc"": 3392804, ""rep_n_add"": 0, ""rep_n_drop"": 0, ""rep_n_fill"": 1, ""start_n_add"": 335, ""start_n_drop"": 0, ""start_n_fill"": 6349}",ok,/home/sxing/project/OS_final_project/changes/1_literature_review/explore/q2/sols/heldout_full_Region6_s0.2_F1_pt_eb1d04fc51_b300.0_s0.npz,reused:full_Region6_s0.2,0-7,
923d4cbdf49ac78d,2026-09-29T00:21:05,wp1_reused_phase1_heldout,full_Region6_s0.3,F1,"{""k"": 4, ""name"": ""F1"", ""tau"": 0.0}",pt,ising,eb1d04fc51,"{""eim_R"": 16, ""eim_Tmax"": 7.3329031629428645e-06, ""eim_Tmin"": 1.1006348269620852e-06, ""eim_anneal"": 0.9462286962175356, ""eim_hscale"": 1.8587633596816164, ""eim_moves"": 18358, ""eim_rho"": 3.506794739778118, ""g_scale"": 774.8399988560119, ""p_add"": 0.22230587257383633, ""p_swap"": 0.46272105013386755, ""start"": ""lp"", ""topw"": 20}",300.0,0,300.018,0,21.52122992747992,"[22.25429, 22.000194, 21.782812, 21.590229, 21.409496, 21.203137, 21.04628, 20.883401]",20.88340132090144,2363.36724125874,6117,1,"{""eim_acc"": 2972371, ""rep_n_add"": 1, ""rep_n_drop"": 0, ""rep_n_fill"": 10, ""start_n_add"": 431, ""start_n_drop"": 0, ""start_n_fill"": 6050}",ok,/home/sxing/project/OS_final_project/changes/1_literature_review/explore/q2/sols/heldout_full_Region6_s0.3_F1_pt_eb1d04fc51_b300.0_s0.npz,reused:full_Region6_s0.3,0-7,
16dbad416dfac996,2026-09-29T00:50:56,wp1_reused_phase1_heldout,full_Region6_s0.3,F1,"{""k"": 4, ""name"": ""F1"", ""tau"": 0.0}",cpsat,classical,cd6c30cd5f,"{""cp_model_presolve"": false, ""linearization_level"": 1, ""repair_hint"": false, ""start"": ""lp""}",300.0,0,293.388,0,21.21227094664597,"[21.977435, 21.696047, 21.450596, 21.240563, 21.061092, 20.907424, 20.748446, 20.616566]",20.61656630406636,2340.0276013985995,6270,1,"{""cp_improved"": 8, ""cp_time"": 293.1442756652832, ""rep_n_add"": 0, ""rep_n_drop"": 0, ""rep_n_fill"": 17}",ok,/home/sxing/project/OS_final_project/changes/1_literature_review/explore/q2/sols/heldout_full_Region6_s0.3_F1_cpsat_cd6c30cd5f_b300.0_s0.npz,reused:full_Region6_s0.3,0-7,
d4f9ff04c9939e7e,2026-09-29T01:05:51,wp1_reused_phase1_heldout,full_Region6_s0.3,F1,"{""k"": 4, ""name"": ""F1"", ""tau"": 0.0}",lp,classical,e62ade0088,"{""lexi"": true}",300.0,0,5.492,0,22.10587647306401,"[22.735318, 22.724213, 22.538057, 22.004241, 21.95835, 21.86409, 21.523326, 21.499417]",21.49941724941732,2742.90547202797,7973,1,"{""rep_n_add"": 0, ""rep_n_drop"": 0, ""rep_n_fill"": 0, ""start_n_add"": 668, ""start_n_drop"": 0, ""start_n_fill"": 3071}",ok,/home/sxing/project/OS_final_project/changes/1_literature_review/explore/q2/sols/heldout_full_Region6_s0.3_F1_lp_e62ade0088_b300.0_s0.npz,reused:full_Region6_s0.3,0-7,
88867c2d6b1a99f4,2026-10-01T14:45:44,wp1,full_Region4_s0,F1,"{""k"": 4, ""name"": ""F1"", ""tau"": 0.0}",lp,classical,e62ade0088,"{""lexi"": true}",300.0,0,2.446,0,17.761197714323302,"[17.864057, 17.827894, 17.827894, 17.72928, 17.714209, 17.7089, 17.708673, 17.708673]",17.7086732711744,16884.756178321808,5766,1,"{""rep_n_add"": 0, ""rep_n_drop"": 0, ""rep_n_fill"": 0, ""start_n_add"": 110, ""start_n_drop"": 0, ""start_n_fill"": 52}",contaminated_overlap,/home/sxing/project/OS_final_project/changes/2_deployable_peak/wp1_offline/sols/wp1_full_Region4_s0_F1_lp_e62ade0088_b300_s0_wp1_Region4_s0_lp.npz,wp1_Region4_s0_lp,0-7,"[2.08, 0.061, 0.053, 0.047, 0.052, 0.05, 0.045, 0.035]"
a6dbbb2c1be56a82,2026-10-01T14:45:55,wp1,full_Region4_s0,F1,"{""k"": 4, ""name"": ""F1"", ""tau"": 0.0}",cpsat,classical,cd6c30cd5f,"{""cp_model_presolve"": false, ""linearization_level"": 1, ""repair_hint"": false, ""start"": ""lp""}",300.0,0,1.378,0,17.674290986791323,"[17.674291, 17.674291, 17.674291, 17.674291, 17.674291, 17.674291, 17.674291, 17.674291]",17.674290986791323,16859.93716433579,5661,1,"{""cp_improved"": 1, ""cp_time"": 1.260542631149292, ""rep_n_add"": 0, ""rep_n_drop"": 0, ""rep_n_fill"": 411}",contaminated_overlap,/home/sxing/project/OS_final_project/changes/2_deployable_peak/wp1_offline/sols/wp1_full_Region4_s0_F1_cpsat_cd6c30cd5f_b300_s0_wp1_Region4_s0_cpsat.npz,wp1_Region4_s0_cpsat,0-7,"[0.347, 0.19, 0.143, 0.143, 0.137, 0.137, 0.128, 0.127]"
b1b14a57c98d7265,2026-10-01T14:51:11,wp1,full_Region4_s0,F1,"{""k"": 4, ""name"": ""F1"", ""tau"": 0.0}",pt,ising,eb1d04fc51,"{""eim_R"": 16, ""eim_Tmax"": 7.3329031629428645e-06, ""eim_Tmin"": 1.1006348269620852e-06, ""eim_anneal"": 0.9462286962175356, ""eim_hscale"": 1.8587633596816164, ""eim_moves"": 18358, ""eim_rho"": 3.506794739778118, ""g_scale"": 774.8399988560119, ""p_add"": 0.22230587257383633, ""p_swap"": 0.46272105013386755, ""start"": ""lp"", ""topw"": 20}",300.0,0,300.021,0,17.674290986791323,"[17.674291, 17.674291, 17.674291, 17.674291, 17.674291, 17.674291, 17.674291, 17.674291]",17.674290986791323,16858.459192307822,5655,1,"{""eim_acc"": 361286566, ""rep_n_add"": 0, ""rep_n_drop"": 0, ""rep_n_fill"": 6, ""start_n_add"": 423, ""start_n_drop"": 0, ""start_n_fill"": 3727}",contaminated_overlap,/home/sxing/project/OS_final_project/changes/2_deployable_peak/wp1_offline/sols/wp1_full_Region4_s0_F1_pt_eb1d04fc51_b300_s0_wp1_Region4_s0_pt.npz,wp1_Region4_s0_pt,0-7,"[66.665, 33.337, 33.331, 33.331, 33.34, 33.324, 33.33, 33.318]"
96db32a7ab66d8bc,2026-10-01T14:51:26,wp1,full_Region5_s0,F1,"{""k"": 4, ""name"": ""F1"", ""tau"": 0.0}",lp,classical,e62ade0088,"{""lexi"": true}",300.0,0,5.73,0,22.120938956876465,"[22.379338, 22.111872, 22.079384, 22.079384, 22.079384, 22.079384, 22.079384, 22.079384]",22.079383579383588,2174.2670769230776,11725,1,"{""rep_n_add"": 0, ""rep_n_drop"": 0, ""rep_n_fill"": 0, ""start_n_add"": 209, ""start_n_drop"": 0, ""start_n_fill"": 290}",ok,/home/sxing/project/OS_final_project/changes/2_deployable_peak/wp1_offline/sols/wp1_full_Region5_s0_F1_lp_e62ade0088_b300_s0_wp1_Region5_s0_lp.npz,wp1_Region5_s0_lp,0-7,"[4.925, 0.15, 0.141, 0.105, 0.112, 0.085, 0.08, 0.071]"
782a6b653c24d0e8,2026-10-01T14:51:48,wp1,full_Region5_s0,F1,"{""k"": 4, ""name"": ""F1"", ""tau"": 0.0}",cpsat,classical,cd6c30cd5f,"{""cp_model_presolve"": false, ""linearization_level"": 1, ""repair_hint"": false, ""start"": ""lp""}",300.0,0,4.022,0,21.865562678062645,"[21.865563, 21.865563, 21.865563, 21.865563, 21.865563, 21.865563, 21.865563, 21.865563]",21.865562678062645,2110.0073531468533,11241,1,"{""cp_improved"": 1, ""cp_time"": 3.8456599712371826, ""rep_n_add"": 0, ""rep_n_drop"": 0, ""rep_n_fill"": 680}",ok,/home/sxing/project/OS_final_project/changes/2_deployable_peak/wp1_offline/sols/wp1_full_Region5_s0_F1_cpsat_cd6c30cd5f_b300_s0_wp1_Region5_s0_cpsat.npz,wp1_Region5_s0_cpsat,0-7,"[2.119, 0.253, 0.323, 0.21, 0.258, 0.297, 0.293, 0.224]"
84e73e0103f3456a,2026-10-01T14:56:58,wp1,full_Region5_s0,F1,"{""k"": 4, ""name"": ""F1"", ""tau"": 0.0}",pt,ising,eb1d04fc51,"{""eim_R"": 16, ""eim_Tmax"": 7.3329031629428645e-06, ""eim_Tmin"": 1.1006348269620852e-06, ""eim_anneal"": 0.9462286962175356, ""eim_hscale"": 1.8587633596816164, ""eim_moves"": 18358, ""eim_rho"": 3.506794739778118, ""g_scale"": 774.8399988560119, ""p_add"": 0.22230587257383633, ""p_swap"": 0.46272105013386755, ""start"": ""lp"", ""topw"": 20}",300.0,0,300.012,0,21.865562678062645,"[21.865563, 21.865563, 21.865563, 21.865563, 21.865563, 21.865563, 21.865563, 21.865563]",21.865562678062645,2099.8896958041964,11311,1,"{""eim_acc"": 210160366, ""rep_n_add"": 0, ""rep_n_drop"": 0, ""rep_n_fill"": 8, ""start_n_add"": 355, ""start_n_drop"": 0, ""start_n_fill"": 8852}",ok,/home/sxing/project/OS_final_project/changes/2_deployable_peak/wp1_offline/sols/wp1_full_Region5_s0_F1_pt_eb1d04fc51_b300_s0_wp1_Region5_s0_pt.npz,wp1_Region5_s0_pt,0-7,"[66.693, 33.334, 33.336, 33.338, 33.328, 33.315, 33.303, 33.306]"
a59c3e38d45fd704,2026-10-01T15:18:54,wp1,full_Region4_s0,F1,"{""k"": 4, ""name"": ""F1"", ""tau"": 0.0}",lp,classical,e62ade0088,"{""lexi"": true}",300.0,0,2.182,0,17.761197714323302,"[17.864057, 17.827894, 17.827894, 17.72928, 17.714209, 17.7089, 17.708673, 17.708673]",17.7086732711744,16884.756178321808,5766,1,"{""rep_n_add"": 0, ""rep_n_drop"": 0, ""rep_n_fill"": 0, ""start_n_add"": 110, ""start_n_drop"": 0, ""start_n_fill"": 52}",ok,/home/sxing/project/OS_final_project/changes/2_deployable_peak/wp1_offline/sols/wp1_full_Region4_s0_F1_lp_e62ade0088_b300_s0_wp1_Region4_s0_lp_rerun.npz,wp1_Region4_s0_lp_rerun,0-7,"[1.775, 0.049, 0.044, 0.035, 0.067, 0.044, 0.067, 0.054]"
72a7139e600b9de9,2026-10-01T15:19:30,wp1,full_Region4_s0,F1,"{""k"": 4, ""name"": ""F1"", ""tau"": 0.0}",cpsat,classical,cd6c30cd5f,"{""cp_model_presolve"": false, ""linearization_level"": 1, ""repair_hint"": false, ""start"": ""lp""}",300.0,0,1.403,0,17.674290986791323,"[17.674291, 17.674291, 17.674291, 17.674291, 17.674291, 17.674291, 17.674291, 17.674291]",17.674290986791323,16858.93936013999,5655,1,"{""cp_improved"": 1, ""cp_time"": 1.3047916889190674, ""rep_n_add"": 0, ""rep_n_drop"": 0, ""rep_n_fill"": 418}",ok,/home/sxing/project/OS_final_project/changes/2_deployable_peak/wp1_offline/sols/wp1_full_Region4_s0_F1_cpsat_cd6c30cd5f_b300_s0_wp1_Region4_s0_cpsat_rerun.npz,wp1_Region4_s0_cpsat_rerun,0-7,"[0.319, 0.185, 0.153, 0.152, 0.144, 0.144, 0.142, 0.136]"
d5217f7699732989,2026-10-01T15:27:00,wp1,full_Region4_s0,F1,"{""k"": 4, ""name"": ""F1"", ""tau"": 0.0}",pt,ising,eb1d04fc51,"{""eim_R"": 16, ""eim_Tmax"": 7.3329031629428645e-06, ""eim_Tmin"": 1.1006348269620852e-06, ""eim_anneal"": 0.9462286962175356, ""eim_hscale"": 1.8587633596816164, ""eim_moves"": 18358, ""eim_rho"": 3.506794739778118, ""g_scale"": 774.8399988560119, ""p_add"": 0.22230587257383633, ""p_swap"": 0.46272105013386755, ""start"": ""lp"", ""topw"": 20}",300.0,0,300.013,0,17.674290986791323,"[17.674291, 17.674291, 17.674291, 17.674291, 17.674291, 17.674291, 17.674291, 17.674291]",17.674290986791323,16858.459192307822,5655,1,"{""eim_acc"": 404308034, ""rep_n_add"": 0, ""rep_n_drop"": 0, ""rep_n_fill"": 6, ""start_n_add"": 423, ""start_n_drop"": 0, ""start_n_fill"": 3727}",ok,/home/sxing/project/OS_final_project/changes/2_deployable_peak/wp1_offline/sols/wp1_full_Region4_s0_F1_pt_eb1d04fc51_b300_s0_wp1_Region4_s0_pt_rerun.npz,wp1_Region4_s0_pt_rerun,0-7,"[66.669, 33.347, 33.354, 33.323, 33.328, 33.322, 33.327, 33.305]"
36578686dad5169d,2026-10-01T15:27:40,wp1,full_Region7_s0,F1,"{""k"": 4, ""name"": ""F1"", ""tau"": 0.0}",lp,classical,e62ade0088,"{""lexi"": true}",300.0,0,6.313,0,24.40604360916865,"[24.653506, 24.580436, 24.398779, 24.398779, 24.398779, 24.398779, 24.209645, 24.209645]",24.20964452214452,1957.6856958041953,15465,1,"{""rep_n_add"": 0, ""rep_n_drop"": 0, ""rep_n_fill"": 0, ""start_n_add"": 278, ""start_n_drop"": 0, ""start_n_fill"": 1238}",ok,/home/sxing/project/OS_final_project/changes/2_deployable_peak/wp1_offline/sols/wp1_full_Region7_s0_F1_lp_e62ade0088_b300_s0_wp1_Region7_s0_lp.npz,wp1_Region7_s0_lp,0-7,"[5.412, 0.196, 0.123, 0.11, 0.091, 0.096, 0.117, 0.098]"
4833a845abfa2922,2026-10-01T15:28:35,wp1,full_Region7_s0,F1,"{""k"": 4, ""name"": ""F1"", ""tau"": 0.0}",cpsat,classical,cd6c30cd5f,"{""cp_model_presolve"": false, ""linearization_level"": 1, ""repair_hint"": false, ""start"": ""lp""}",300.0,0,9.078,0,24.087525900025927,"[24.087526, 24.087526, 24.087526, 24.087526, 24.087526, 24.087526, 24.087526, 24.087526]",24.087525900025927,1916.9935104895103,14930,1,"{""cp_improved"": 1, ""cp_time"": 8.899235486984253, ""rep_n_add"": 0, ""rep_n_drop"": 0, ""rep_n_fill"": 63}",ok,/home/sxing/project/OS_final_project/changes/2_deployable_peak/wp1_offline/sols/wp1_full_Region7_s0_F1_cpsat_cd6c30cd5f_b300_s0_wp1_Region7_s0_cpsat.npz,wp1_Region7_s0_cpsat,0-7,"[7.38, 0.264, 0.254, 0.214, 0.248, 0.239, 0.214, 0.204]"
a2b8cdda64a51b11,2026-10-01T15:34:17,wp1,full_Region7_s0,F1,"{""k"": 4, ""name"": ""F1"", ""tau"": 0.0}",pt,ising,eb1d04fc51,"{""eim_R"": 16, ""eim_Tmax"": 7.3329031629428645e-06, ""eim_Tmin"": 1.1006348269620852e-06, ""eim_anneal"": 0.9462286962175356, ""eim_hscale"": 1.8587633596816164, ""eim_moves"": 18358, ""eim_rho"": 3.506794739778118, ""g_scale"": 774.8399988560119, ""p_add"": 0.22230587257383633, ""p_swap"": 0.46272105013386755, ""start"": ""lp"", ""topw"": 20}",300.0,0,300.009,0,24.087525900025927,"[24.087526, 24.087526, 24.087526, 24.087526, 24.087526, 24.087526, 24.087526, 24.087526]",24.087525900025927,1907.9687587412584,14960,1,"{""eim_acc"": 318905207, ""rep_n_add"": 0, ""rep_n_drop"": 0, ""rep_n_fill"": 16, ""start_n_add"": 231, ""start_n_drop"": 0, ""start_n_fill"": 10595}",ok,/home/sxing/project/OS_final_project/changes/2_deployable_peak/wp1_offline/sols/wp1_full_Region7_s0_F1_pt_eb1d04fc51_b300_s0_wp1_Region7_s0_pt.npz,wp1_Region7_s0_pt,0-7,"[66.66, 33.34, 33.345, 33.327, 33.327, 33.339, 33.32, 33.308]"
5e20833fbf61bf0e,2026-10-01T15:34:55,wp1,full_Region6_s0,F1,"{""k"": 4, ""name"": ""F1"", ""tau"": 0.0}",lp,classical,e62ade0088,"{""lexi"": true}",300.0,0,3.891,0,22.985346250971308,"[24.858893, 23.149249, 22.774929, 22.712817, 22.59672, 22.59672, 22.59672, 22.59672]",22.596720409220488,2631.376300699301,8571,1,"{""rep_n_add"": 0, ""rep_n_drop"": 0, ""rep_n_fill"": 0, ""start_n_add"": 553, ""start_n_drop"": 0, ""start_n_fill"": 3541}",ok,/home/sxing/project/OS_final_project/changes/2_deployable_peak/wp1_offline/sols/wp1_full_Region6_s0_F1_lp_e62ade0088_b300_s0_wp1_Region6_s0_lp.npz,wp1_Region6_s0_lp,0-7,"[2.098, 0.489, 0.349, 0.201, 0.215, 0.187, 0.154, 0.141]"
05a2091db47e2fb2,2026-10-01T15:39:55,wp1,full_Region6_s0,F1,"{""k"": 4, ""name"": ""F1"", ""tau"": 0.0}",cpsat,classical,cd6c30cd5f,"{""cp_model_presolve"": false, ""linearization_level"": 1, ""repair_hint"": false, ""start"": ""lp""}",300.0,0,295.671,0,21.874326194638712,"[22.685153, 22.394409, 22.145882, 21.914206, 21.728195, 21.545163, 21.367764, 21.213837]",21.21383708883713,2251.1800384615385,6596,1,"{""cp_improved"": 8, ""cp_time"": 295.4589943885803, ""rep_n_add"": 0, ""rep_n_drop"": 0, ""rep_n_fill"": 8}",ok,/home/sxing/project/OS_final_project/changes/2_deployable_peak/wp1_offline/sols/wp1_full_Region6_s0_F1_cpsat_cd6c30cd5f_b300_s0_wp1_Region6_s0_cpsat.npz,wp1_Region6_s0_cpsat,0-7,"[60.099, 30.85, 31.358, 32.039, 32.772, 33.852, 35.536, 39.083]"
008782bf876159eb,2026-10-01T15:45:01,wp1,full_Region6_s0,F1,"{""k"": 4, ""name"": ""F1"", ""tau"": 0.0}",pt,ising,eb1d04fc51,"{""eim_R"": 16, ""eim_Tmax"": 7.3329031629428645e-06, ""eim_Tmin"": 1.1006348269620852e-06, ""eim_anneal"": 0.9462286962175356, ""eim_hscale"": 1.8587633596816164, ""eim_moves"": 18358, ""eim_rho"": 3.506794739778118, ""g_scale"": 774.8399988560119, ""p_add"": 0.22230587257383633, ""p_swap"": 0.46272105013386755, ""start"": ""lp"", ""topw"": 20}",300.0,0,300.008,0,22.169877865190376,"[22.913931, 22.685897, 22.441822, 22.249692, 22.049161, 21.855656, 21.66181, 21.501052]",21.501052188552197,2237.3093986013987,6399,1,"{""eim_acc"": 3581450, ""rep_n_add"": 1, ""rep_n_drop"": 0, ""rep_n_fill"": 7, ""start_n_add"": 248, ""start_n_drop"": 0, ""start_n_fill"": 6890}",ok,/home/sxing/project/OS_final_project/changes/2_deployable_peak/wp1_offline/sols/wp1_full_Region6_s0_F1_pt_eb1d04fc51_b300_s0_wp1_Region6_s0_pt.npz,wp1_Region6_s0_pt,0-7,"[66.664, 33.33, 33.35, 33.325, 33.334, 33.315, 33.34, 33.296]"
81279420a0a497d9,2026-10-01T15:46:20,wp1,full_Region5_s0.1,F1,"{""k"": 4, ""name"": ""F1"", ""tau"": 0.0}",lp,classical,e62ade0088,"{""lexi"": true}",300.0,0,3.877,0,22.924157439782423,"[22.953364, 22.953364, 22.953364, 22.953364, 22.953364, 22.895073, 22.876133, 22.855235]",22.855235042735103,2119.4757937062936,12342,1,"{""rep_n_add"": 0, ""rep_n_drop"": 0, ""rep_n_fill"": 0, ""start_n_add"": 159, ""start_n_drop"": 0, ""start_n_fill"": 135}",ok,/home/sxing/project/OS_final_project/changes/2_deployable_peak/wp1_offline/sols/wp1_full_Region5_s0.1_F1_lp_e62ade0088_b300_s0_wp1_Region5_s0.1_lp.npz,wp1_Region5_s0.1_lp,0-7,"[3.401, 0.104, 0.068, 0.064, 0.049, 0.046, 0.043, 0.046]"
f6a5cea940211b94,2026-10-01T15:47:05,wp1,full_Region5_s0.1,F1,"{""k"": 4, ""name"": ""F1"", ""tau"": 0.0}",cpsat,classical,cd6c30cd5f,"{""cp_model_presolve"": false, ""linearization_level"": 1, ""repair_hint"": false, ""start"": ""lp""}",300.0,0,1.688,0,22.569832944832864,"[22.569833, 22.569833, 22.569833, 22.569833, 22.569833, 22.569833, 22.569833, 22.569833]",22.569832944832864,2069.3663356643356,12100,1,"{""cp_improved"": 1, ""cp_time"": 1.5611910820007324, ""rep_n_add"": 0, ""rep_n_drop"": 0, ""rep_n_fill"": 298}",ok,/home/sxing/project/OS_final_project/changes/2_deployable_peak/wp1_offline/sols/wp1_full_Region5_s0.1_F1_cpsat_cd6c30cd5f_b300_s0_wp1_Region5_s0.1_cpsat.npz,wp1_Region5_s0.1_cpsat,0-7,"[0.475, 0.183, 0.183, 0.175, 0.164, 0.157, 0.159, 0.155]"
e58ae91348a1890e,2026-10-01T15:52:18,wp1,full_Region5_s0.1,F1,"{""k"": 4, ""name"": ""F1"", ""tau"": 0.0}",pt,ising,eb1d04fc51,"{""eim_R"": 16, ""eim_Tmax"": 7.3329031629428645e-06, ""eim_Tmin"": 1.1006348269620852e-06, ""eim_anneal"": 0.9462286962175356, ""eim_hscale"": 1.8587633596816164, ""eim_moves"": 18358, ""eim_rho"": 3.506794739778118, ""g_scale"": 774.8399988560119, ""p_add"": 0.22230587257383633, ""p_swap"": 0.46272105013386755, ""start"": ""lp"", ""topw"": 20}",300.0,0,300.02,0,22.569832944832864,"[22.569833, 22.569833, 22.569833, 22.569833, 22.569833, 22.569833, 22.569833, 22.569833]",22.569832944832864,2071.9405874125873,12164,1,"{""eim_acc"": 340322602, ""rep_n_add"": 0, ""rep_n_drop"": 0, ""rep_n_fill"": 8, ""start_n_add"": 91, ""start_n_drop"": 0, ""start_n_fill"": 9287}",ok,/home/sxing/project/OS_final_project/changes/2_deployable_peak/wp1_offline/sols/wp1_full_Region5_s0.1_F1_pt_eb1d04fc51_b300_s0_wp1_Region5_s0.1_pt.npz,wp1_Region5_s0.1_pt,0-7,"[66.676, 33.33, 33.332, 33.324, 33.329, 33.334, 33.323, 33.321]"
2ffe15877c658a09,2026-10-01T15:52:32,wp1,full_Region4_s0.2,F1,"{""k"": 4, ""name"": ""F1"", ""tau"": 0.0}",lp,classical,e62ade0088,"{""lexi"": true}",300.0,0,4.48,0,27.873069638695476,"[28.007883, 27.88863, 27.878124, 27.855478, 27.83861, 27.83861, 27.83861, 27.83861]",27.83861046361174,17108.48319930083,6818,1,"{""rep_n_add"": 0, ""rep_n_drop"": 0, ""rep_n_fill"": 0, ""start_n_add"": 93, ""start_n_drop"": 0, ""start_n_fill"": 19}",ok,/home/sxing/project/OS_final_project/changes/2_deployable_peak/wp1_offline/sols/wp1_full_Region4_s0.2_F1_lp_e62ade0088_b300_s0_wp1_Region4_s0.2_lp.npz,wp1_Region4_s0.2_lp,0-7,"[4.041, 0.07, 0.057, 0.062, 0.063, 0.046, 0.046, 0.04]"
63c700d0ba4b314f,2026-10-01T15:52:44,wp1,full_Region4_s0.2,F1,"{""k"": 4, ""name"": ""F1"", ""tau"": 0.0}",cpsat,classical,cd6c30cd5f,"{""cp_model_presolve"": false, ""linearization_level"": 1, ""repair_hint"": false, ""start"": ""lp""}",300.0,0,2.268,0,27.83861046361174,"[27.83861, 27.83861, 27.83861, 27.83861, 27.83861, 27.83861, 27.83861, 27.83861]",27.83861046361174,17083.471381119012,6950,1,"{""cp_improved"": 1, ""cp_time"": 2.0820775032043457, ""rep_n_add"": 0, ""rep_n_drop"": 0, ""rep_n_fill"": 554}",ok,/home/sxing/project/OS_final_project/changes/2_deployable_peak/wp1_offline/sols/wp1_full_Region4_s0.2_F1_cpsat_cd6c30cd5f_b300_s0_wp1_Region4_s0.2_cpsat.npz,wp1_Region4_s0.2_cpsat,0-7,"[0.41, 0.275, 0.264, 0.244, 0.24, 0.261, 0.25, 0.259]"
e2807ef3591cea1f,2026-10-01T15:57:53,wp1,full_Region4_s0.2,F1,"{""k"": 4, ""name"": ""F1"", ""tau"": 0.0}",pt,ising,eb1d04fc51,"{""eim_R"": 16, ""eim_Tmax"": 7.3329031629428645e-06, ""eim_Tmin"": 1.1006348269620852e-06, ""eim_anneal"": 0.9462286962175356, ""eim_hscale"": 1.8587633596816164, ""eim_moves"": 18358, ""eim_rho"": 3.506794739778118, ""g_scale"": 774.8399988560119, ""p_add"": 0.22230587257383633, ""p_swap"": 0.46272105013386755, ""start"": ""lp"", ""topw"": 20}",300.0,0,300.01,0,27.83861046361174,"[27.83861, 27.83861, 27.83861, 27.83861, 27.83861, 27.83861, 27.83861, 27.83861]",27.83861046361174,17082.524989510617,6874,1,"{""eim_acc"": 483202264, ""rep_n_add"": 0, ""rep_n_drop"": 0, ""rep_n_fill"": 3, ""start_n_add"": 657, ""start_n_drop"": 0, ""start_n_fill"": 4875}",ok,/home/sxing/project/OS_final_project/changes/2_deployable_peak/wp1_offline/sols/wp1_full_Region4_s0.2_F1_pt_eb1d04fc51_b300_s0_wp1_Region4_s0.2_pt.npz,wp1_Region4_s0.2_pt,0-7,"[66.686, 33.336, 33.333, 33.328, 33.33, 33.326, 33.318, 33.298]"
5a0251dd119aa4ab,2026-10-01T15:58:01,wp1,full_Region5_s0.2,F1,"{""k"": 4, ""name"": ""F1"", ""tau"": 0.0}",lp,classical,e62ade0088,"{""lexi"": true}",300.0,0,6.544,0,24.199213691401226,"[24.2849, 24.202959, 24.200547, 24.18198, 24.180831, 24.180831, 24.180831, 24.180831]",24.180830743330713,2241.2619405594405,12038,1,"{""rep_n_add"": 0, ""rep_n_drop"": 0, ""rep_n_fill"": 0, ""start_n_add"": 87, ""start_n_drop"": 0, ""start_n_fill"": 26}",ok,/home/sxing/project/OS_final_project/changes/2_deployable_peak/wp1_offline/sols/wp1_full_Region5_s0.2_F1_lp_e62ade0088_b300_s0_wp1_Region5_s0.2_lp.npz,wp1_Region5_s0.2_lp,0-7,"[6.188, 0.058, 0.043, 0.04, 0.04, 0.043, 0.037, 0.04]"
9fb8821d9e526db6,2026-10-01T15:58:09,wp1,full_Region5_s0.2,F1,"{""k"": 4, ""name"": ""F1"", ""tau"": 0.0}",cpsat,classical,cd6c30cd5f,"{""cp_model_presolve"": false, ""linearization_level"": 1, ""repair_hint"": false, ""start"": ""lp""}",300.0,0,1.451,0,24.120645558145487,"[24.120646, 24.120646, 24.120646, 24.120646, 24.120646, 24.120646, 24.120646, 24.120646]",24.120645558145487,2216.877090909091,11907,1,"{""cp_improved"": 1, ""cp_time"": 1.3212213516235352, ""rep_n_add"": 0, ""rep_n_drop"": 0, ""rep_n_fill"": 1290}",ok,/home/sxing/project/OS_final_project/changes/2_deployable_peak/wp1_offline/sols/wp1_full_Region5_s0.2_F1_cpsat_cd6c30cd5f_b300_s0_wp1_Region5_s0.2_cpsat.npz,wp1_Region5_s0.2_cpsat,0-7,"[0.344, 0.164, 0.153, 0.157, 0.147, 0.145, 0.141, 0.154]"
30d7bf91ea0df4e9,2026-10-01T16:03:45,wp1,full_Region5_s0.2,F1,"{""k"": 4, ""name"": ""F1"", ""tau"": 0.0}",pt,ising,eb1d04fc51,"{""eim_R"": 16, ""eim_Tmax"": 7.3329031629428645e-06, ""eim_Tmin"": 1.1006348269620852e-06, ""eim_anneal"": 0.9462286962175356, ""eim_hscale"": 1.8587633596816164, ""eim_moves"": 18358, ""eim_rho"": 3.506794739778118, ""g_scale"": 774.8399988560119, ""p_add"": 0.22230587257383633, ""p_swap"": 0.46272105013386755, ""start"": ""lp"", ""topw"": 20}",300.0,0,300.006,0,24.120645558145487,"[24.120646, 24.120646, 24.120646, 24.120646, 24.120646, 24.120646, 24.120646, 24.120646]",24.120645558145487,2212.5858076923078,11893,1,"{""eim_acc"": 461700353, ""rep_n_add"": 0, ""rep_n_drop"": 0, ""rep_n_fill"": 8, ""start_n_add"": 621, ""start_n_drop"": 0, ""start_n_fill"": 9101}",ok,/home/sxing/project/OS_final_project/changes/2_deployable_peak/wp1_offline/sols/wp1_full_Region5_s0.2_F1_pt_eb1d04fc51_b300_s0_wp1_Region5_s0.2_pt.npz,wp1_Region5_s0.2_pt,0-7,"[66.673, 33.331, 33.347, 33.324, 33.335, 33.334, 33.314, 33.307]"
c4b1f92e79c5db04,2026-10-01T16:05:21,wp1,full_Region4_s0.3,F1,"{""k"": 4, ""name"": ""F1"", ""tau"": 0.0}",lp,classical,e62ade0088,"{""lexi"": true}",300.0,0,5.861,0,28.637183129370637,"[30.242473, 29.0107, 28.944865, 28.944865, 28.259049, 27.998155, 27.848679, 27.848679]",27.848679098679213,1864.9691993006988,7013,1,"{""rep_n_add"": 0, ""rep_n_drop"": 0, ""rep_n_fill"": 0, ""start_n_add"": 913, ""start_n_drop"": 0, ""start_n_fill"": 1966}",ok,/home/sxing/project/OS_final_project/changes/2_deployable_peak/wp1_offline/sols/wp1_full_Region4_s0.3_F1_lp_e62ade0088_b300_s0_wp1_Region4_s0.3_lp.npz,wp1_Region4_s0.3_lp,0-7,"[4.211, 0.373, 0.336, 0.29, 0.161, 0.151, 0.141, 0.133]"
894ae5ad2007d273,2026-10-01T16:09:38,wp1,full_Region4_s0.3,F1,"{""k"": 4, ""name"": ""F1"", ""tau"": 0.0}",cpsat,classical,cd6c30cd5f,"{""cp_model_presolve"": false, ""linearization_level"": 1, ""repair_hint"": false, ""start"": ""lp""}",300.0,0,221.764,0,27.651994706682157,"[28.611904, 28.266997, 27.948184, 27.667233, 27.393907, 27.164044, 27.081844, 27.081844]",27.081844081844096,1748.8102342657337,6319,1,"{""cp_improved"": 7, ""cp_time"": 221.61328125, ""rep_n_add"": 0, ""rep_n_drop"": 0, ""rep_n_fill"": 199}",ok,/home/sxing/project/OS_final_project/changes/2_deployable_peak/wp1_offline/sols/wp1_full_Region4_s0.3_F1_cpsat_cd6c30cd5f_b300_s0_wp1_Region4_s0.3_cpsat.npz,wp1_Region4_s0.3_cpsat,0-7,"[60.07, 30.868, 31.369, 32.004, 32.796, 33.875, 0.478, 0.278]"
372d34448bbb1a1d,2026-10-01T16:15:50,wp1,full_Region4_s0.3,F1,"{""k"": 4, ""name"": ""F1"", ""tau"": 0.0}",pt,ising,eb1d04fc51,"{""eim_R"": 16, ""eim_Tmax"": 7.3329031629428645e-06, ""eim_Tmin"": 1.1006348269620852e-06, ""eim_anneal"": 0.9462286962175356, ""eim_hscale"": 1.8587633596816164, ""eim_moves"": 18358, ""eim_rho"": 3.506794739778118, ""g_scale"": 774.8399988560119, ""p_add"": 0.22230587257383633, ""p_swap"": 0.46272105013386755, ""start"": ""lp"", ""topw"": 20}",300.0,0,300.013,0,27.967169693732206,"[28.901548, 28.562597, 28.298109, 28.042703, 27.809991, 27.57668, 27.375858, 27.169872]",27.169871794872083,1552.6689160839155,5899,1,"{""eim_acc"": 3804695, ""rep_n_add"": 0, ""rep_n_drop"": 0, ""rep_n_fill"": 12, ""start_n_add"": 640, ""start_n_drop"": 0, ""start_n_fill"": 5238}",ok,/home/sxing/project/OS_final_project/changes/2_deployable_peak/wp1_offline/sols/wp1_full_Region4_s0.3_F1_pt_eb1d04fc51_b300_s0_wp1_Region4_s0.3_pt.npz,wp1_Region4_s0.3_pt,0-7,"[66.666, 33.339, 33.328, 33.337, 33.331, 33.316, 33.312, 33.315]"
3e04f6979eb4c82f,2026-10-01T16:16:20,wp1,full_Region5_s0.3,F1,"{""k"": 4, ""name"": ""F1"", ""tau"": 0.0}",lp,classical,e62ade0088,"{""lexi"": true}",300.0,0,4.021,0,22.721170033670024,"[22.72117, 22.72117, 22.72117, 22.72117, 22.72117, 22.72117, 22.72117, 22.72117]",22.721170033670024,2085.3906188811184,12557,1,"{""rep_n_add"": 0, ""rep_n_drop"": 0, ""rep_n_fill"": 0, ""start_n_add"": 116, ""start_n_drop"": 0, ""start_n_fill"": 580}",ok,/home/sxing/project/OS_final_project/changes/2_deployable_peak/wp1_offline/sols/wp1_full_Region5_s0.3_F1_lp_e62ade0088_b300_s0_wp1_Region5_s0.3_lp.npz,wp1_Region5_s0.3_lp,0-7,"[3.508, 0.09, 0.068, 0.069, 0.07, 0.055, 0.049, 0.058]"
1d77333e9272f8bf,2026-10-01T16:16:47,wp1,full_Region5_s0.3,F1,"{""k"": 4, ""name"": ""F1"", ""tau"": 0.0}",cpsat,classical,cd6c30cd5f,"{""cp_model_presolve"": false, ""linearization_level"": 1, ""repair_hint"": false, ""start"": ""lp""}",300.0,0,1.599,0,22.397452084952093,"[22.397452, 22.397452, 22.397452, 22.397452, 22.397452, 22.397452, 22.397452, 22.397452]",22.397452084952093,2036.4062622377617,12276,1,"{""cp_improved"": 1, ""cp_time"": 1.4881348609924316, ""rep_n_add"": 0, ""rep_n_drop"": 0, ""rep_n_fill"": 219}",ok,/home/sxing/project/OS_final_project/changes/2_deployable_peak/wp1_offline/sols/wp1_full_Region5_s0.3_F1_cpsat_cd6c30cd5f_b300_s0_wp1_Region5_s0.3_cpsat.npz,wp1_Region5_s0.3_cpsat,0-7,"[0.432, 0.174, 0.173, 0.161, 0.16, 0.157, 0.154, 0.157]"
b4caa40e12b4c65d,2026-10-01T16:22:24,wp1,full_Region5_s0.3,F1,"{""k"": 4, ""name"": ""F1"", ""tau"": 0.0}",pt,ising,eb1d04fc51,"{""eim_R"": 16, ""eim_Tmax"": 7.3329031629428645e-06, ""eim_Tmin"": 1.1006348269620852e-06, ""eim_anneal"": 0.9462286962175356, ""eim_hscale"": 1.8587633596816164, ""eim_moves"": 18358, ""eim_rho"": 3.506794739778118, ""g_scale"": 774.8399988560119, ""p_add"": 0.22230587257383633, ""p_swap"": 0.46272105013386755, ""start"": ""lp"", ""topw"": 20}",300.0,0,300.009,0,22.397452084952093,"[22.397452, 22.397452, 22.397452, 22.397452, 22.397452, 22.397452, 22.397452, 22.397452]",22.397452084952093,2011.2339650349645,12068,1,"{""eim_acc"": 344493090, ""rep_n_add"": 0, ""rep_n_drop"": 0, ""rep_n_fill"": 32, ""start_n_add"": 491, ""start_n_drop"": 0, ""start_n_fill"": 9131}",ok,/home/sxing/project/OS_final_project/changes/2_deployable_peak/wp1_offline/sols/wp1_full_Region5_s0.3_F1_pt_eb1d04fc51_b300_s0_wp1_Region5_s0.3_pt.npz,wp1_Region5_s0.3_pt,0-7,"[66.679, 33.327, 33.337, 33.332, 33.331, 33.331, 33.312, 33.301]"
e63e0b665e4cc086,2026-10-01T16:23:38,wp1,full_Region4_s0.4,F1,"{""k"": 4, ""name"": ""F1"", ""tau"": 0.0}",lp,classical,e62ade0088,"{""lexi"": true}",300.0,0,5.679,0,29.34365894522139,"[29.530999, 29.390249, 29.344211, 29.31284, 29.297429, 29.291181, 29.291181, 29.291181]",29.29118104118083,2009.77994055944,7107,1,"{""rep_n_add"": 0, ""rep_n_drop"": 0, ""rep_n_fill"": 0, ""start_n_add"": 263, ""start_n_drop"": 0, ""start_n_fill"": 149}",ok,/home/sxing/project/OS_final_project/changes/2_deployable_peak/wp1_offline/sols/wp1_full_Region4_s0.4_F1_lp_e62ade0088_b300_s0_wp1_Region4_s0.4_lp.npz,wp1_Region4_s0.4_lp,0-7,"[4.792, 0.144, 0.13, 0.135, 0.116, 0.106, 0.103, 0.098]"
4f556956f4e0285c,2026-10-01T16:23:59,wp1,full_Region4_s0.4,F1,"{""k"": 4, ""name"": ""F1"", ""tau"": 0.0}",cpsat,classical,cd6c30cd5f,"{""cp_model_presolve"": false, ""linearization_level"": 1, ""repair_hint"": false, ""start"": ""lp""}",300.0,0,11.702,0,29.064555814555604,"[29.064556, 29.064556, 29.064556, 29.064556, 29.064556, 29.064556, 29.064556, 29.064556]",29.064555814555604,1942.7366923076916,6618,1,"{""cp_improved"": 1, ""cp_time"": 11.508714437484741, ""rep_n_add"": 0, ""rep_n_drop"": 0, ""rep_n_fill"": 0}",ok,/home/sxing/project/OS_final_project/changes/2_deployable_peak/wp1_offline/sols/wp1_full_Region4_s0.4_F1_cpsat_cd6c30cd5f_b300_s0_wp1_Region4_s0.4_cpsat.npz,wp1_Region4_s0.4_cpsat,0-7,"[9.516, 0.31, 0.316, 0.328, 0.294, 0.29, 0.295, 0.296]"
b0c546abcf3cb1cb,2026-10-01T16:29:24,wp1,full_Region4_s0.4,F1,"{""k"": 4, ""name"": ""F1"", ""tau"": 0.0}",pt,ising,eb1d04fc51,"{""eim_R"": 16, ""eim_Tmax"": 7.3329031629428645e-06, ""eim_Tmin"": 1.1006348269620852e-06, ""eim_anneal"": 0.9462286962175356, ""eim_hscale"": 1.8587633596816164, ""eim_moves"": 18358, ""eim_rho"": 3.506794739778118, ""g_scale"": 774.8399988560119, ""p_add"": 0.22230587257383633, ""p_swap"": 0.46272105013386755, ""start"": ""lp"", ""topw"": 20}",300.0,0,300.015,0,29.064555814555604,"[29.064556, 29.064556, 29.064556, 29.064556, 29.064556, 29.064556, 29.064556, 29.064556]",29.064555814555604,1959.41744055944,6835,1,"{""eim_acc"": 274266361, ""rep_n_add"": 0, ""rep_n_drop"": 0, ""rep_n_fill"": 3, ""start_n_add"": 386, ""start_n_drop"": 0, ""start_n_fill"": 3225}",ok,/home/sxing/project/OS_final_project/changes/2_deployable_peak/wp1_offline/sols/wp1_full_Region4_s0.4_F1_pt_eb1d04fc51_b300_s0_wp1_Region4_s0.4_pt.npz,wp1_Region4_s0.4_pt,0-7,"[66.67, 33.352, 33.324, 33.332, 33.327, 33.331, 33.319, 33.311]"
0a498b347eb877d6,2026-10-01T16:30:25,wp1,full_Region5_s0.4,F1,"{""k"": 4, ""name"": ""F1"", ""tau"": 0.0}",lp,classical,e62ade0088,"{""lexi"": true}",300.0,0,2.344,0,18.483320788008243,"[18.545082, 18.491987, 18.478179, 18.47172, 18.468823, 18.481222, 18.468823, 18.460729]",18.46072908572905,2802.4887097902097,10716,1,"{""rep_n_add"": 0, ""rep_n_drop"": 0, ""rep_n_fill"": 0, ""start_n_add"": 113, ""start_n_drop"": 0, ""start_n_fill"": 24}",ok,/home/sxing/project/OS_final_project/changes/2_deployable_peak/wp1_offline/sols/wp1_full_Region5_s0.4_F1_lp_e62ade0088_b300_s0_wp1_Region5_s0.4_lp.npz,wp1_Region5_s0.4_lp,0-7,"[2.077, 0.037, 0.037, 0.037, 0.034, 0.028, 0.028, 0.025]"
e999f0e1b4719470,2026-10-01T16:30:52,wp1,full_Region5_s0.4,F1,"{""k"": 4, ""name"": ""F1"", ""tau"": 0.0}",cpsat,classical,cd6c30cd5f,"{""cp_model_presolve"": false, ""linearization_level"": 1, ""repair_hint"": false, ""start"": ""lp""}",300.0,0,1.403,0,18.414351851851798,"[18.414352, 18.414352, 18.414352, 18.414352, 18.414352, 18.414352, 18.414352, 18.414352]",18.414351851851798,2786.0710594405596,10698,1,"{""cp_improved"": 1, ""cp_time"": 1.2363247871398926, ""rep_n_add"": 0, ""rep_n_drop"": 0, ""rep_n_fill"": 1106}",ok,/home/sxing/project/OS_final_project/changes/2_deployable_peak/wp1_offline/sols/wp1_full_Region5_s0.4_F1_cpsat_cd6c30cd5f_b300_s0_wp1_Region5_s0.4_cpsat.npz,wp1_Region5_s0.4_cpsat,0-7,"[0.397, 0.149, 0.15, 0.119, 0.139, 0.114, 0.127, 0.132]"
df20de1a3bda4018,2026-10-01T16:36:23,wp1,full_Region5_s0.4,F1,"{""k"": 4, ""name"": ""F1"", ""tau"": 0.0}",pt,ising,eb1d04fc51,"{""eim_R"": 16, ""eim_Tmax"": 7.3329031629428645e-06, ""eim_Tmin"": 1.1006348269620852e-06, ""eim_anneal"": 0.9462286962175356, ""eim_hscale"": 1.8587633596816164, ""eim_moves"": 18358, ""eim_rho"": 3.506794739778118, ""g_scale"": 774.8399988560119, ""p_add"": 0.22230587257383633, ""p_swap"": 0.46272105013386755, ""start"": ""lp"", ""topw"": 20}",300.0,0,300.012,0,18.414351851851798,"[18.414352, 18.414352, 18.414352, 18.414352, 18.414352, 18.414352, 18.414352, 18.414352]",18.414351851851798,2702.1991538461543,9864,1,"{""eim_acc"": 354678605, ""rep_n_add"": 0, ""rep_n_drop"": 0, ""rep_n_fill"": 8, ""start_n_add"": 637, ""start_n_drop"": 0, ""start_n_fill"": 13744}",ok,/home/sxing/project/OS_final_project/changes/2_deployable_peak/wp1_offline/sols/wp1_full_Region5_s0.4_F1_pt_eb1d04fc51_b300_s0_wp1_Region5_s0.4_pt.npz,wp1_Region5_s0.4_pt,0-7,"[66.678, 33.341, 33.344, 33.329, 33.333, 33.321, 33.328, 33.317]"
8cb695de2f76f1c3,2026-10-01T16:38:27,wp1,full_Region7_s0.4,F1,"{""k"": 4, ""name"": ""F1"", ""tau"": 0.0}",lp,classical,e62ade0088,"{""lexi"": true}",300.0,0,5.667,0,24.10144311706813,"[24.223792, 24.223792, 24.223792, 24.223792, 23.994901, 23.994901, 23.994901, 23.931672]",23.93167249417246,2138.656444055944,15529,1,"{""rep_n_add"": 0, ""rep_n_drop"": 0, ""rep_n_fill"": 0, ""start_n_add"": 269, ""start_n_drop"": 0, ""start_n_fill"": 467}",ok,/home/sxing/project/OS_final_project/changes/2_deployable_peak/wp1_offline/sols/wp1_full_Region7_s0.4_F1_lp_e62ade0088_b300_s0_wp1_Region7_s0.4_lp.npz,wp1_Region7_s0.4_lp,0-7,"[4.935, 0.141, 0.086, 0.092, 0.095, 0.074, 0.06, 0.101]"
1e13758aaff7b0eb,2026-10-01T16:40:10,wp1,full_Region7_s0.4,F1,"{""k"": 4, ""name"": ""F1"", ""tau"": 0.0}",cpsat,classical,cd6c30cd5f,"{""cp_model_presolve"": false, ""linearization_level"": 1, ""repair_hint"": false, ""start"": ""lp""}",300.0,0,2.127,0,23.87657018907011,"[23.87657, 23.87657, 23.87657, 23.87657, 23.87657, 23.87657, 23.87657, 23.87657]",23.87657018907011,2087.6393356643357,15089,1,"{""cp_improved"": 1, ""cp_time"": 1.9318740367889404, ""rep_n_add"": 0, ""rep_n_drop"": 0, ""rep_n_fill"": 297}",ok,/home/sxing/project/OS_final_project/changes/2_deployable_peak/wp1_offline/sols/wp1_full_Region7_s0.4_F1_cpsat_cd6c30cd5f_b300_s0_wp1_Region7_s0.4_cpsat.npz,wp1_Region7_s0.4_cpsat,0-7,"[0.528, 0.235, 0.216, 0.216, 0.223, 0.225, 0.211, 0.197]"
bda2d98b9a35e63f,2026-10-01T16:45:20,wp1,full_Region7_s0.4,F1,"{""k"": 4, ""name"": ""F1"", ""tau"": 0.0}",pt,ising,eb1d04fc51,"{""eim_R"": 16, ""eim_Tmax"": 7.3329031629428645e-06, ""eim_Tmin"": 1.1006348269620852e-06, ""eim_anneal"": 0.9462286962175356, ""eim_hscale"": 1.8587633596816164, ""eim_moves"": 18358, ""eim_rho"": 3.506794739778118, ""g_scale"": 774.8399988560119, ""p_add"": 0.22230587257383633, ""p_swap"": 0.46272105013386755, ""start"": ""lp"", ""topw"": 20}",300.0,0,300.013,0,23.87657018907011,"[23.87657, 23.87657, 23.87657, 23.87657, 23.87657, 23.87657, 23.87657, 23.87657]",23.87657018907011,2086.5172272727273,15172,1,"{""eim_acc"": 472786588, ""rep_n_add"": 0, ""rep_n_drop"": 0, ""rep_n_fill"": 7, ""start_n_add"": 600, ""start_n_drop"": 0, ""start_n_fill"": 11998}",ok,/home/sxing/project/OS_final_project/changes/2_deployable_peak/wp1_offline/sols/wp1_full_Region7_s0.4_F1_pt_eb1d04fc51_b300_s0_wp1_Region7_s0.4_pt.npz,wp1_Region7_s0.4_pt,0-7,"[66.673, 33.331, 33.331, 33.345, 33.324, 33.321, 33.318, 33.296]"
81a76af08ee69afb,2026-10-01T16:46:55,wp1,full_Region6_s0.4,F1,"{""k"": 4, ""name"": ""F1"", ""tau"": 0.0}",lp,classical,e62ade0088,"{""lexi"": true}",300.0,0,3.417,0,23.13762019230768,"[28.544758, 22.881637, 22.881637, 22.485706, 22.485706, 22.269441, 21.792282, 21.759793]",21.759793447293525,2542.051479020979,8302,1,"{""rep_n_add"": 0, ""rep_n_drop"": 0, ""rep_n_fill"": 0, ""start_n_add"": 417, ""start_n_drop"": 0, ""start_n_fill"": 3449}",ok,/home/sxing/project/OS_final_project/changes/2_deployable_peak/wp1_offline/sols/wp1_full_Region6_s0.4_F1_lp_e62ade0088_b300_s0_wp1_Region6_s0.4_lp.npz,wp1_Region6_s0.4_lp,0-7,"[1.873, 0.525, 0.198, 0.176, 0.168, 0.145, 0.132, 0.133]"
727045dfbddd6d7a,2026-10-01T16:50:22,wp1,full_Region6_s0.4,F1,"{""k"": 4, ""name"": ""F1"", ""tau"": 0.0}",cpsat,classical,cd6c30cd5f,"{""cp_model_presolve"": false, ""linearization_level"": 1, ""repair_hint"": false, ""start"": ""lp""}",300.0,0,187.789,0,21.525116954804467,"[22.183048, 21.900576, 21.660402, 21.451227, 21.263063, 21.247539, 21.247539, 21.247539]",21.247539497539467,2491.4754825174823,8054,1,"{""cp_improved"": 6, ""cp_time"": 187.58982515335083, ""rep_n_add"": 0, ""rep_n_drop"": 0, ""rep_n_fill"": 155}",ok,/home/sxing/project/OS_final_project/changes/2_deployable_peak/wp1_offline/sols/wp1_full_Region6_s0.4_F1_cpsat_cd6c30cd5f_b300_s0_wp1_Region6_s0.4_cpsat.npz,wp1_Region6_s0.4_cpsat,0-7,"[60.098, 30.842, 31.356, 31.978, 32.758, 0.278, 0.209, 0.201]"
3d4227ab781e584b,2026-10-01T16:56:18,wp1,full_Region6_s0.4,F1,"{""k"": 4, ""name"": ""F1"", ""tau"": 0.0}",pt,ising,eb1d04fc51,"{""eim_R"": 16, ""eim_Tmax"": 7.3329031629428645e-06, ""eim_Tmin"": 1.1006348269620852e-06, ""eim_anneal"": 0.9462286962175356, ""eim_hscale"": 1.8587633596816164, ""eim_moves"": 18358, ""eim_rho"": 3.506794739778118, ""g_scale"": 774.8399988560119, ""p_add"": 0.22230587257383633, ""p_swap"": 0.46272105013386755, ""start"": ""lp"", ""topw"": 20}",300.0,0,300.022,0,21.751145266770248,"[22.4713, 22.202797, 22.013776, 21.789805, 21.620192, 21.416213, 21.247539, 21.247539]",21.247539497539467,2381.305356643357,8041,1,"{""eim_acc"": 5328538, ""rep_n_add"": 0, ""rep_n_drop"": 0, ""rep_n_fill"": 5, ""start_n_add"": 165, ""start_n_drop"": 0, ""start_n_fill"": 9126}",ok,/home/sxing/project/OS_final_project/changes/2_deployable_peak/wp1_offline/sols/wp1_full_Region6_s0.4_F1_pt_eb1d04fc51_b300_s0_wp1_Region6_s0.4_pt.npz,wp1_Region6_s0.4_pt,0-7,"[66.674, 33.332, 33.339, 33.327, 33.331, 33.333, 33.324, 33.296]"
91d8d1f9d7ddd74f,2026-10-01T16:56:42,wp1,full_Region4_s0.5,F1,"{""k"": 4, ""name"": ""F1"", ""tau"": 0.0}",lp,classical,e62ade0088,"{""lexi"": true}",300.0,0,3.622,0,23.85066409285196,"[23.925246, 23.866809, 23.847837, 23.834094, 23.832832, 23.832832, 23.832832, 23.832832]",23.832831520332164,3255.0011083916074,6412,1,"{""rep_n_add"": 0, ""rep_n_drop"": 0, ""rep_n_fill"": 0, ""start_n_add"": 64, ""start_n_drop"": 0, ""start_n_fill"": 18}",ok,/home/sxing/project/OS_final_project/changes/2_deployable_peak/wp1_offline/sols/wp1_full_Region4_s0.5_F1_lp_e62ade0088_b300_s0_wp1_Region4_s0.5_lp.npz,wp1_Region4_s0.5_lp,0-7,"[3.26, 0.046, 0.052, 0.052, 0.04, 0.037, 0.04, 0.043]"
6e44d930e7eabced,2026-10-01T16:57:22,wp1,full_Region4_s0.5,F1,"{""k"": 4, ""name"": ""F1"", ""tau"": 0.0}",cpsat,classical,cd6c30cd5f,"{""cp_model_presolve"": false, ""linearization_level"": 1, ""repair_hint"": false, ""start"": ""lp""}",300.0,0,1.905,0,23.825369075369718,"[23.825369, 23.825369, 23.825369, 23.825369, 23.825369, 23.825369, 23.825369, 23.825369]",23.825369075369718,3222.350919580419,6324,1,"{""cp_improved"": 1, ""cp_time"": 1.7360949516296387, ""rep_n_add"": 0, ""rep_n_drop"": 0, ""rep_n_fill"": 397}",ok,/home/sxing/project/OS_final_project/changes/2_deployable_peak/wp1_offline/sols/wp1_full_Region4_s0.5_F1_cpsat_cd6c30cd5f_b300_s0_wp1_Region4_s0.5_cpsat.npz,wp1_Region4_s0.5_cpsat,0-7,"[0.347, 0.243, 0.195, 0.204, 0.197, 0.219, 0.215, 0.223]"
d81a00c30edbf1a5,2026-10-01T17:02:49,wp1,full_Region4_s0.5,F1,"{""k"": 4, ""name"": ""F1"", ""tau"": 0.0}",pt,ising,eb1d04fc51,"{""eim_R"": 16, ""eim_Tmax"": 7.3329031629428645e-06, ""eim_Tmin"": 1.1006348269620852e-06, ""eim_anneal"": 0.9462286962175356, ""eim_hscale"": 1.8587633596816164, ""eim_moves"": 18358, ""eim_rho"": 3.506794739778118, ""g_scale"": 774.8399988560119, ""p_add"": 0.22230587257383633, ""p_swap"": 0.46272105013386755, ""start"": ""lp"", ""topw"": 20}",300.0,0,300.022,0,23.825369075369718,"[23.825369, 23.825369, 23.825369, 23.825369, 23.825369, 23.825369, 23.825369, 23.825369]",23.825369075369718,3206.2890069930063,6289,1,"{""eim_acc"": 456611003, ""rep_n_add"": 0, ""rep_n_drop"": 0, ""rep_n_fill"": 17, ""start_n_add"": 348, ""start_n_drop"": 0, ""start_n_fill"": 4899}",ok,/home/sxing/project/OS_final_project/changes/2_deployable_peak/wp1_offline/sols/wp1_full_Region4_s0.5_F1_pt_eb1d04fc51_b300_s0_wp1_Region4_s0.5_pt.npz,wp1_Region4_s0.5_pt,0-7,"[66.664, 33.34, 33.33, 33.337, 33.338, 33.323, 33.314, 33.319]"
53baf39c67645ab0,2026-10-01T17:03:17,wp1,full_Region5_s0.5,F1,"{""k"": 4, ""name"": ""F1"", ""tau"": 0.0}",lp,classical,e62ade0088,"{""lexi"": true}",300.0,0,3.029,0,21.874949414011898,"[21.996293, 21.996293, 21.896384, 21.896384, 21.82681, 21.795811, 21.795811, 21.795811]",21.795810670810617,2133.468167832167,11705,1,"{""rep_n_add"": 0, ""rep_n_drop"": 0, ""rep_n_fill"": 0, ""start_n_add"": 219, ""start_n_drop"": 0, ""start_n_fill"": 587}",ok,/home/sxing/project/OS_final_project/changes/2_deployable_peak/wp1_offline/sols/wp1_full_Region5_s0.5_F1_lp_e62ade0088_b300_s0_wp1_Region5_s0.5_lp.npz,wp1_Region5_s0.5_lp,0-7,"[2.514, 0.109, 0.07, 0.071, 0.055, 0.052, 0.049, 0.046]"
43090ab90216c9cd,2026-10-01T17:04:07,wp1,full_Region5_s0.5,F1,"{""k"": 4, ""name"": ""F1"", ""tau"": 0.0}",cpsat,classical,cd6c30cd5f,"{""cp_model_presolve"": false, ""linearization_level"": 1, ""repair_hint"": false, ""start"": ""lp""}",300.0,0,3.421,0,21.627169127169097,"[21.627169, 21.627169, 21.627169, 21.627169, 21.627169, 21.627169, 21.627169, 21.627169]",21.627169127169097,2100.411965034965,11405,1,"{""cp_improved"": 1, ""cp_time"": 3.246565580368042, ""rep_n_add"": 0, ""rep_n_drop"": 0, ""rep_n_fill"": 2979}",ok,/home/sxing/project/OS_final_project/changes/2_deployable_peak/wp1_offline/sols/wp1_full_Region5_s0.5_F1_cpsat_cd6c30cd5f_b300_s0_wp1_Region5_s0.5_cpsat.npz,wp1_Region5_s0.5_cpsat,0-7,"[2.153, 0.164, 0.169, 0.184, 0.186, 0.166, 0.179, 0.152]"
d8b4ca99d7b65840,2026-10-01T17:09:42,wp1,full_Region5_s0.5,F1,"{""k"": 4, ""name"": ""F1"", ""tau"": 0.0}",pt,ising,eb1d04fc51,"{""eim_R"": 16, ""eim_Tmax"": 7.3329031629428645e-06, ""eim_Tmin"": 1.1006348269620852e-06, ""eim_anneal"": 0.9462286962175356, ""eim_hscale"": 1.8587633596816164, ""eim_moves"": 18358, ""eim_rho"": 3.506794739778118, ""g_scale"": 774.8399988560119, ""p_add"": 0.22230587257383633, ""p_swap"": 0.46272105013386755, ""start"": ""lp"", ""topw"": 20}",300.0,0,300.01,0,21.627169127169097,"[21.627169, 21.627169, 21.627169, 21.627169, 21.627169, 21.627169, 21.627169, 21.627169]",21.627169127169097,2073.541776223776,11381,1,"{""eim_acc"": 320845511, ""rep_n_add"": 0, ""rep_n_drop"": 0, ""rep_n_fill"": 7, ""start_n_add"": 406, ""start_n_drop"": 0, ""start_n_fill"": 9279}",ok,/home/sxing/project/OS_final_project/changes/2_deployable_peak/wp1_offline/sols/wp1_full_Region5_s0.5_F1_pt_eb1d04fc51_b300_s0_wp1_Region5_s0.5_pt.npz,wp1_Region5_s0.5_pt,0-7,"[66.677, 33.328, 33.331, 33.337, 33.333, 33.331, 33.307, 33.31]"
08ba31f7c61cde0e,2026-10-01T17:09:59,wp1,full_Region7_s0.5,F1,"{""k"": 4, ""name"": ""F1"", ""tau"": 0.0}",lp,classical,e62ade0088,"{""lexi"": true}",300.0,0,7.325,0,23.369876651126724,"[24.006524, 23.607663, 23.261526, 23.261526, 23.261526, 23.261526, 23.261526, 23.037199]",23.037198912199,1815.1481993006987,15363,1,"{""rep_n_add"": 0, ""rep_n_drop"": 0, ""rep_n_fill"": 0, ""start_n_add"": 448, ""start_n_drop"": 0, ""start_n_fill"": 6339}",ok,/home/sxing/project/OS_final_project/changes/2_deployable_peak/wp1_offline/sols/wp1_full_Region7_s0.5_F1_lp_e62ade0088_b300_s0_wp1_Region7_s0.5_lp.npz,wp1_Region7_s0.5_lp,0-7,"[5.116, 1.231, 0.227, 0.215, 0.164, 0.116, 0.09, 0.097]"
6cd7012209a3e87e,2026-10-01T17:11:12,wp1,full_Region7_s0.5,F1,"{""k"": 4, ""name"": ""F1"", ""tau"": 0.0}",cpsat,classical,cd6c30cd5f,"{""cp_model_presolve"": false, ""linearization_level"": 1, ""repair_hint"": false, ""start"": ""lp""}",300.0,0,62.661,0,22.866256717819013,"[22.907035, 22.860431, 22.860431, 22.860431, 22.860431, 22.860431, 22.860431, 22.860431]",22.860431235431,1781.2853391608387,14829,1,"{""cp_improved"": 2, ""cp_time"": 62.46881461143494, ""rep_n_add"": 0, ""rep_n_drop"": 0, ""rep_n_fill"": 397}",ok,/home/sxing/project/OS_final_project/changes/2_deployable_peak/wp1_offline/sols/wp1_full_Region7_s0.5_F1_cpsat_cd6c30cd5f_b300_s0_wp1_Region7_s0.5_cpsat.npz,wp1_Region7_s0.5_cpsat,0-7,"[60.09, 1.097, 0.259, 0.269, 0.227, 0.21, 0.235, 0.206]"
16ba042bfc3b5d61,2026-10-01T17:16:22,wp1,full_Region7_s0.5,F1,"{""k"": 4, ""name"": ""F1"", ""tau"": 0.0}",pt,ising,eb1d04fc51,"{""eim_R"": 16, ""eim_Tmax"": 7.3329031629428645e-06, ""eim_Tmin"": 1.1006348269620852e-06, ""eim_anneal"": 0.9462286962175356, ""eim_hscale"": 1.8587633596816164, ""eim_moves"": 18358, ""eim_rho"": 3.506794739778118, ""g_scale"": 774.8399988560119, ""p_add"": 0.22230587257383633, ""p_swap"": 0.46272105013386755, ""start"": ""lp"", ""topw"": 20}",300.0,0,300.023,0,22.896235997798264,"[23.089582, 22.917719, 22.860431, 22.860431, 22.860431, 22.860431, 22.860431, 22.860431]",22.860431235431,1771.9729860139855,15245,1,"{""eim_acc"": 33710764, ""rep_n_add"": 0, ""rep_n_drop"": 0, ""rep_n_fill"": 11, ""start_n_add"": 272, ""start_n_drop"": 0, ""start_n_fill"": 12214}",ok,/home/sxing/project/OS_final_project/changes/2_deployable_peak/wp1_offline/sols/wp1_full_Region7_s0.5_F1_pt_eb1d04fc51_b300_s0_wp1_Region7_s0.5_pt.npz,wp1_Region7_s0.5_pt,0-7,"[66.659, 33.341, 33.332, 33.33, 33.329, 33.326, 33.313, 33.318]"
b2576771b8acc0a5,2026-10-01T17:17:34,wp1,full_Region6_s0.5,F1,"{""k"": 4, ""name"": ""F1"", ""tau"": 0.0}",lp,classical,e62ade0088,"{""lexi"": true}",300.0,0,2.637,0,24.07067874255376,"[24.244431, 24.187403, 24.187403, 24.109363, 24.014423, 23.959288, 23.940916, 23.922203]",23.9222027972027,2787.481716783217,8426,1,"{""rep_n_add"": 0, ""rep_n_drop"": 0, ""rep_n_fill"": 0, ""start_n_add"": 136, ""start_n_drop"": 0, ""start_n_fill"": 420}",ok,/home/sxing/project/OS_final_project/changes/2_deployable_peak/wp1_offline/sols/wp1_full_Region6_s0.5_F1_lp_e62ade0088_b300_s0_wp1_Region6_s0.5_lp.npz,wp1_Region6_s0.5_lp,0-7,"[1.908, 0.118, 0.103, 0.095, 0.115, 0.072, 0.079, 0.073]"
0f4da0a9e71202aa,2026-10-01T17:19:15,wp1,full_Region6_s0.5,F1,"{""k"": 4, ""name"": ""F1"", ""tau"": 0.0}",cpsat,classical,cd6c30cd5f,"{""cp_model_presolve"": false, ""linearization_level"": 1, ""repair_hint"": false, ""start"": ""lp""}",300.0,0,4.563,0,23.6721056721057,"[23.672106, 23.672106, 23.672106, 23.672106, 23.672106, 23.672106, 23.672106, 23.672106]",23.6721056721057,2709.770363636363,7889,1,"{""cp_improved"": 1, ""cp_time"": 4.373511552810669, ""rep_n_add"": 0, ""rep_n_drop"": 0, ""rep_n_fill"": 228}",ok,/home/sxing/project/OS_final_project/changes/2_deployable_peak/wp1_offline/sols/wp1_full_Region6_s0.5_F1_cpsat_cd6c30cd5f_b300_s0_wp1_Region6_s0.5_cpsat.npz,wp1_Region6_s0.5_cpsat,0-7,"[2.869, 0.241, 0.25, 0.218, 0.246, 0.217, 0.208, 0.244]"
6424cb7438abb4a8,2026-10-01T17:24:41,wp1,full_Region6_s0.5,F1,"{""k"": 4, ""name"": ""F1"", ""tau"": 0.0}",pt,ising,eb1d04fc51,"{""eim_R"": 16, ""eim_Tmax"": 7.3329031629428645e-06, ""eim_Tmin"": 1.1006348269620852e-06, ""eim_anneal"": 0.9462286962175356, ""eim_hscale"": 1.8587633596816164, ""eim_moves"": 18358, ""eim_rho"": 3.506794739778118, ""g_scale"": 774.8399988560119, ""p_add"": 0.22230587257383633, ""p_swap"": 0.46272105013386755, ""start"": ""lp"", ""topw"": 20}",300.0,0,300.009,0,23.6721056721057,"[23.672106, 23.672106, 23.672106, 23.672106, 23.672106, 23.672106, 23.672106, 23.672106]",23.6721056721057,2681.535402097902,7840,1,"{""eim_acc"": 315989164, ""rep_n_add"": 0, ""rep_n_drop"": 0, ""rep_n_fill"": 9, ""start_n_add"": 513, ""start_n_drop"": 0, ""start_n_fill"": 4848}",ok,/home/sxing/project/OS_final_project/changes/2_deployable_peak/wp1_offline/sols/wp1_full_Region6_s0.5_F1_pt_eb1d04fc51_b300_s0_wp1_Region6_s0.5_pt.npz,wp1_Region6_s0.5_pt,0-7,"[66.665, 33.335, 33.334, 33.344, 33.328, 33.32, 33.321, 33.302]"
76081a7acc64b336,2026-10-01T17:25:19,wp1,full_Region4_s0.6,F1,"{""k"": 4, ""name"": ""F1"", ""tau"": 0.0}",lp,classical,e62ade0088,"{""lexi"": true}",300.0,0,2.727,0,19.117070140507835,"[19.306381, 19.10823, 19.086992, 19.086992, 19.086992, 19.086992, 19.086992, 19.086992]",19.086991711991953,3505.765430069929,6220,1,"{""rep_n_add"": 0, ""rep_n_drop"": 0, ""rep_n_fill"": 0, ""start_n_add"": 189, ""start_n_drop"": 0, ""start_n_fill"": 332}",ok,/home/sxing/project/OS_final_project/changes/2_deployable_peak/wp1_offline/sols/wp1_full_Region4_s0.6_F1_lp_e62ade0088_b300_s0_wp1_Region4_s0.6_lp.npz,wp1_Region4_s0.6_lp,0-7,"[2.038, 0.126, 0.127, 0.098, 0.071, 0.085, 0.071, 0.052]"
31c154469dad2ba6,2026-10-01T17:25:36,wp1,full_Region4_s0.6,F1,"{""k"": 4, ""name"": ""F1"", ""tau"": 0.0}",cpsat,classical,cd6c30cd5f,"{""cp_model_presolve"": false, ""linearization_level"": 1, ""repair_hint"": false, ""start"": ""lp""}",300.0,0,10.093,0,18.882753820253008,"[18.882754, 18.882754, 18.882754, 18.882754, 18.882754, 18.882754, 18.882754, 18.882754]",18.882753820253008,3482.744409090908,5985,1,"{""cp_improved"": 1, ""cp_time"": 9.92312240600586, ""rep_n_add"": 0, ""rep_n_drop"": 0, ""rep_n_fill"": 26}",ok,/home/sxing/project/OS_final_project/changes/2_deployable_peak/wp1_offline/sols/wp1_full_Region4_s0.6_F1_cpsat_cd6c30cd5f_b300_s0_wp1_Region4_s0.6_cpsat.npz,wp1_Region4_s0.6_cpsat,0-7,"[8.619, 0.19, 0.224, 0.217, 0.193, 0.193, 0.187, 0.207]"
e7f9b1768e1a9a19,2026-10-01T17:31:11,wp1,full_Region4_s0.6,F1,"{""k"": 4, ""name"": ""F1"", ""tau"": 0.0}",pt,ising,eb1d04fc51,"{""eim_R"": 16, ""eim_Tmax"": 7.3329031629428645e-06, ""eim_Tmin"": 1.1006348269620852e-06, ""eim_anneal"": 0.9462286962175356, ""eim_hscale"": 1.8587633596816164, ""eim_moves"": 18358, ""eim_rho"": 3.506794739778118, ""g_scale"": 774.8399988560119, ""p_add"": 0.22230587257383633, ""p_swap"": 0.46272105013386755, ""start"": ""lp"", ""topw"": 20}",300.0,0,300.017,0,18.907067469566854,"[18.907067, 18.907067, 18.907067, 18.907067, 18.907067, 18.907067, 18.907067, 18.907067]",18.907067469566854,3470.657706293706,5952,1,"{""eim_acc"": 237256595, ""rep_n_add"": 0, ""rep_n_drop"": 0, ""rep_n_fill"": 27, ""start_n_add"": 308, ""start_n_drop"": 0, ""start_n_fill"": 2847}",ok,/home/sxing/project/OS_final_project/changes/2_deployable_peak/wp1_offline/sols/wp1_full_Region4_s0.6_F1_pt_eb1d04fc51_b300_s0_wp1_Region4_s0.6_pt.npz,wp1_Region4_s0.6_pt,0-7,"[66.684, 33.336, 33.341, 33.331, 33.317, 33.331, 33.321, 33.3]"
ceb8ec0a7b4b9f61,2026-10-01T17:31:38,wp1,full_Region5_s0.6,F1,"{""k"": 4, ""name"": ""F1"", ""tau"": 0.0}",lp,classical,e62ade0088,"{""lexi"": true}",300.0,0,4.855,0,23.40028490028489,"[23.522193, 23.522193, 23.415453, 23.415453, 23.415453, 23.328461, 23.301023, 23.282051]",23.282051282051178,2063.5670594405597,12133,1,"{""rep_n_add"": 0, ""rep_n_drop"": 0, ""rep_n_fill"": 0, ""start_n_add"": 190, ""start_n_drop"": 0, ""start_n_fill"": 144}",ok,/home/sxing/project/OS_final_project/changes/2_deployable_peak/wp1_offline/sols/wp1_full_Region5_s0.6_F1_lp_e62ade0088_b300_s0_wp1_Region5_s0.6_lp.npz,wp1_Region5_s0.6_lp,0-7,"[4.385, 0.088, 0.068, 0.077, 0.046, 0.043, 0.049, 0.04]"
ec5f202cb467b6f9,2026-10-01T17:32:11,wp1,full_Region5_s0.6,F1,"{""k"": 4, ""name"": ""F1"", ""tau"": 0.0}",cpsat,classical,cd6c30cd5f,"{""cp_model_presolve"": false, ""linearization_level"": 1, ""repair_hint"": false, ""start"": ""lp""}",300.0,0,1.634,0,23.219340844340806,"[23.219341, 23.219341, 23.219341, 23.219341, 23.219341, 23.219341, 23.219341, 23.219341]",23.219340844340806,2024.9796293706297,11829,1,"{""cp_improved"": 1, ""cp_time"": 1.476855754852295, ""rep_n_add"": 0, ""rep_n_drop"": 0, ""rep_n_fill"": 1207}",ok,/home/sxing/project/OS_final_project/changes/2_deployable_peak/wp1_offline/sols/wp1_full_Region5_s0.6_F1_cpsat_cd6c30cd5f_b300_s0_wp1_Region5_s0.6_cpsat.npz,wp1_Region5_s0.6_cpsat,0-7,"[0.41, 0.18, 0.171, 0.164, 0.161, 0.157, 0.185, 0.147]"
1f93823e78bd080c,2026-10-01T17:37:42,wp1,full_Region5_s0.6,F1,"{""k"": 4, ""name"": ""F1"", ""tau"": 0.0}",pt,ising,eb1d04fc51,"{""eim_R"": 16, ""eim_Tmax"": 7.3329031629428645e-06, ""eim_Tmin"": 1.1006348269620852e-06, ""eim_anneal"": 0.9462286962175356, ""eim_hscale"": 1.8587633596816164, ""eim_moves"": 18358, ""eim_rho"": 3.506794739778118, ""g_scale"": 774.8399988560119, ""p_add"": 0.22230587257383633, ""p_swap"": 0.46272105013386755, ""start"": ""lp"", ""topw"": 20}",300.0,0,300.005,0,23.219340844340806,"[23.219341, 23.219341, 23.219341, 23.219341, 23.219341, 23.219341, 23.219341, 23.219341]",23.219340844340806,1985.812933566434,11660,1,"{""eim_acc"": 444013908, ""rep_n_add"": 0, ""rep_n_drop"": 0, ""rep_n_fill"": 6, ""start_n_add"": 271, ""start_n_drop"": 0, ""start_n_fill"": 13900}",ok,/home/sxing/project/OS_final_project/changes/2_deployable_peak/wp1_offline/sols/wp1_full_Region5_s0.6_F1_pt_eb1d04fc51_b300_s0_wp1_Region5_s0.6_pt.npz,wp1_Region5_s0.6_pt,0-7,"[66.663, 33.338, 33.33, 33.342, 33.332, 33.329, 33.313, 33.301]"
ca1603fb2476b0b5,2026-10-01T17:38:31,wp1,full_Region7_s0.6,F1,"{""k"": 4, ""name"": ""F1"", ""tau"": 0.0}",lp,classical,e62ade0088,"{""lexi"": true}",300.0,0,7.365,0,22.963875534188123,"[23.535451, 23.012772, 23.012772, 22.974084, 22.793981, 22.793981, 22.793981, 22.793981]",22.79398148148161,1993.4108881118877,15829,1,"{""rep_n_add"": 0, ""rep_n_drop"": 0, ""rep_n_fill"": 0, ""start_n_add"": 414, ""start_n_drop"": 0, ""start_n_fill"": 7446}",ok,/home/sxing/project/OS_final_project/changes/2_deployable_peak/wp1_offline/sols/wp1_full_Region7_s0.6_F1_lp_e62ade0088_b300_s0_wp1_Region7_s0.6_lp.npz,wp1_Region7_s0.6_lp,0-7,"[4.54, 1.714, 0.251, 0.253, 0.169, 0.12, 0.125, 0.113]"
cd8aa4409643eff6,2026-10-01T17:40:36,wp1,full_Region7_s0.6,F1,"{""k"": 4, ""name"": ""F1"", ""tau"": 0.0}",cpsat,classical,cd6c30cd5f,"{""cp_model_presolve"": false, ""linearization_level"": 1, ""repair_hint"": false, ""start"": ""lp""}",300.0,0,92.5,0,22.482667217042163,"[22.702943, 22.46871, 22.448281, 22.448281, 22.448281, 22.448281, 22.448281, 22.448281]",22.448280885780804,1943.1719510489506,15404,1,"{""cp_improved"": 3, ""cp_time"": 92.29906916618347, ""rep_n_add"": 0, ""rep_n_drop"": 0, ""rep_n_fill"": 454}",ok,/home/sxing/project/OS_final_project/changes/2_deployable_peak/wp1_offline/sols/wp1_full_Region7_s0.6_F1_cpsat_cd6c30cd5f_b300_s0_wp1_Region7_s0.6_cpsat.npz,wp1_Region7_s0.6_cpsat,0-7,"[60.099, 30.856, 0.346, 0.249, 0.244, 0.201, 0.23, 0.199]"
7d2a8c52dc7835be,2026-10-01T17:46:44,wp1,full_Region7_s0.6,F1,"{""k"": 4, ""name"": ""F1"", ""tau"": 0.0}",pt,ising,eb1d04fc51,"{""eim_R"": 16, ""eim_Tmax"": 7.3329031629428645e-06, ""eim_Tmin"": 1.1006348269620852e-06, ""eim_anneal"": 0.9462286962175356, ""eim_hscale"": 1.8587633596816164, ""eim_moves"": 18358, ""eim_rho"": 3.506794739778118, ""g_scale"": 774.8399988560119, ""p_add"": 0.22230587257383633, ""p_swap"": 0.46272105013386755, ""start"": ""lp"", ""topw"": 20}",300.0,0,300.018,0,22.56173716329964,"[22.914303, 22.6892, 22.525803, 22.49053, 22.468515, 22.468515, 22.468515, 22.468515]",22.4685152810152,1893.1087447552445,15557,1,"{""eim_acc"": 10649694, ""rep_n_add"": 1, ""rep_n_drop"": 0, ""rep_n_fill"": 11, ""start_n_add"": 294, ""start_n_drop"": 0, ""start_n_fill"": 13650}",ok,/home/sxing/project/OS_final_project/changes/2_deployable_peak/wp1_offline/sols/wp1_full_Region7_s0.6_F1_pt_eb1d04fc51_b300_s0_wp1_Region7_s0.6_pt.npz,wp1_Region7_s0.6_pt,0-7,"[66.678, 33.335, 33.33, 33.335, 33.33, 33.311, 33.323, 33.302]"
529a92a535394cf5,2026-10-01T17:46:49,wp1,full_Region6_s0.6,F1,"{""k"": 4, ""name"": ""F1"", ""tau"": 0.0}",lp,classical,e62ade0088,"{""lexi"": true}",300.0,0,3.029,0,21.34027373089892,"[22.049242, 22.049242, 22.049242, 21.196274, 21.104053, 20.93716, 20.721154, 20.615822]",20.615821678322224,2813.3504440559436,7699,1,"{""rep_n_add"": 0, ""rep_n_drop"": 0, ""rep_n_fill"": 0, ""start_n_add"": 594, ""start_n_drop"": 0, ""start_n_fill"": 3003}",ok,/home/sxing/project/OS_final_project/changes/2_deployable_peak/wp1_offline/sols/wp1_full_Region6_s0.6_F1_lp_e62ade0088_b300_s0_wp1_Region6_s0.6_lp.npz,wp1_Region6_s0.6_lp,0-7,"[1.571, 0.465, 0.209, 0.168, 0.166, 0.14, 0.133, 0.123]"
27bef64a872ae877,2026-10-01T17:49:51,wp1,full_Region6_s0.6,F1,"{""k"": 4, ""name"": ""F1"", ""tau"": 0.0}",cpsat,classical,cd6c30cd5f,"{""cp_model_presolve"": false, ""linearization_level"": 1, ""repair_hint"": false, ""start"": ""lp""}",300.0,0,158.269,0,20.4316563066563,"[21.03121, 20.768535, 20.535774, 20.342868, 20.193716, 20.193716, 20.193716, 20.193716]",20.193716006215947,2774.913541958041,7622,1,"{""cp_improved"": 5, ""cp_time"": 158.072420835495, ""rep_n_add"": 0, ""rep_n_drop"": 0, ""rep_n_fill"": 18}",ok,/home/sxing/project/OS_final_project/changes/2_deployable_peak/wp1_offline/sols/wp1_full_Region6_s0.6_F1_cpsat_cd6c30cd5f_b300_s0_wp1_Region6_s0.6_cpsat.npz,wp1_Region6_s0.6_cpsat,0-7,"[60.164, 30.842, 31.353, 31.97, 3.281, 0.206, 0.206, 0.18]"
10d77ed246c77875,2026-10-01T17:55:13,wp1,full_Region6_s0.6,F1,"{""k"": 4, ""name"": ""F1"", ""tau"": 0.0}",pt,ising,eb1d04fc51,"{""eim_R"": 16, ""eim_Tmax"": 7.3329031629428645e-06, ""eim_Tmin"": 1.1006348269620852e-06, ""eim_anneal"": 0.9462286962175356, ""eim_hscale"": 1.8587633596816164, ""eim_moves"": 18358, ""eim_rho"": 3.506794739778118, ""g_scale"": 774.8399988560119, ""p_add"": 0.22230587257383633, ""p_swap"": 0.46272105013386755, ""start"": ""lp"", ""topw"": 20}",300.0,0,300.009,0,20.67810719373216,"[21.365207, 21.097659, 20.885846, 20.65867, 20.486435, 20.333171, 20.298935, 20.298935]",20.2989348614348,2716.0408111888105,7528,1,"{""eim_acc"": 5260797, ""rep_n_add"": 0, ""rep_n_drop"": 0, ""rep_n_fill"": 4, ""start_n_add"": 401, ""start_n_drop"": 0, ""start_n_fill"": 6353}",ok,/home/sxing/project/OS_final_project/changes/2_deployable_peak/wp1_offline/sols/wp1_full_Region6_s0.6_F1_pt_eb1d04fc51_b300_s0_wp1_Region6_s0.6_pt.npz,wp1_Region6_s0.6_pt,0-7,"[66.675, 33.343, 33.327, 33.324, 33.336, 33.324, 33.314, 33.309]"
f76c3dda9b83c762,2026-10-01T17:55:43,wp1,full_Region4_s0.7,F1,"{""k"": 4, ""name"": ""F1"", ""tau"": 0.0}",lp,classical,e62ade0088,"{""lexi"": true}",300.0,0,5.817,0,32.3800889504014,"[32.557207, 32.417541, 32.375696, 32.375696, 32.344211, 32.329432, 32.325644, 32.315284]",32.315284252784195,2109.5924405594405,6872,1,"{""rep_n_add"": 0, ""rep_n_drop"": 0, ""rep_n_fill"": 0, ""start_n_add"": 330, ""start_n_drop"": 0, ""start_n_fill"": 31}",ok,/home/sxing/project/OS_final_project/changes/2_deployable_peak/wp1_offline/sols/wp1_full_Region4_s0.7_F1_lp_e62ade0088_b300_s0_wp1_Region4_s0.7_lp.npz,wp1_Region4_s0.7_lp,0-7,"[5.087, 0.104, 0.108, 0.112, 0.098, 0.084, 0.082, 0.083]"
c1e6b1223bd623b6,2026-10-01T17:56:10,wp1,full_Region4_s0.7,F1,"{""k"": 4, ""name"": ""F1"", ""tau"": 0.0}",cpsat,classical,cd6c30cd5f,"{""cp_model_presolve"": false, ""linearization_level"": 1, ""repair_hint"": false, ""start"": ""lp""}",300.0,0,2.934,0,32.301541051541,"[32.301541, 32.301541, 32.301541, 32.301541, 32.301541, 32.301541, 32.301541, 32.301541]",32.301541051541,1970.781409090909,6389,1,"{""cp_improved"": 1, ""cp_time"": 2.7211122512817383, ""rep_n_add"": 0, ""rep_n_drop"": 0, ""rep_n_fill"": 0}",ok,/home/sxing/project/OS_final_project/changes/2_deployable_peak/wp1_offline/sols/wp1_full_Region4_s0.7_F1_cpsat_cd6c30cd5f_b300_s0_wp1_Region4_s0.7_cpsat.npz,wp1_Region4_s0.7_cpsat,0-7,"[0.664, 0.329, 0.308, 0.313, 0.311, 0.296, 0.319, 0.318]"
b0db8445669c1842,2026-10-01T18:01:35,wp1,full_Region4_s0.7,F1,"{""k"": 4, ""name"": ""F1"", ""tau"": 0.0}",pt,ising,eb1d04fc51,"{""eim_R"": 16, ""eim_Tmax"": 7.3329031629428645e-06, ""eim_Tmin"": 1.1006348269620852e-06, ""eim_anneal"": 0.9462286962175356, ""eim_hscale"": 1.8587633596816164, ""eim_moves"": 18358, ""eim_rho"": 3.506794739778118, ""g_scale"": 774.8399988560119, ""p_add"": 0.22230587257383633, ""p_swap"": 0.46272105013386755, ""start"": ""lp"", ""topw"": 20}",300.0,0,300.017,0,32.301541051541,"[32.301541, 32.301541, 32.301541, 32.301541, 32.301541, 32.301541, 32.301541, 32.301541]",32.301541051541,1985.0963916083915,6361,1,"{""eim_acc"": 355332518, ""rep_n_add"": 0, ""rep_n_drop"": 0, ""rep_n_fill"": 0, ""start_n_add"": 429, ""start_n_drop"": 0, ""start_n_fill"": 4076}",ok,/home/sxing/project/OS_final_project/changes/2_deployable_peak/wp1_offline/sols/wp1_full_Region4_s0.7_F1_pt_eb1d04fc51_b300_s0_wp1_Region4_s0.7_pt.npz,wp1_Region4_s0.7_pt,0-7,"[66.662, 33.338, 33.327, 33.332, 33.34, 33.329, 33.314, 33.312]"
714fbbc10eafcc07,2026-10-01T18:02:01,wp1,full_Region5_s0.7,F1,"{""k"": 4, ""name"": ""F1"", ""tau"": 0.0}",lp,classical,e62ade0088,"{""lexi"": true}",300.0,0,1.99,0,16.384087266899762,"[16.422769, 16.422769, 16.422769, 16.422769, 16.365223, 16.345879, 16.33526, 16.33526]",16.335259647759646,5308.81670979023,10299,1,"{""rep_n_add"": 0, ""rep_n_drop"": 0, ""rep_n_fill"": 0, ""start_n_add"": 132, ""start_n_drop"": 0, ""start_n_fill"": 94}",ok,/home/sxing/project/OS_final_project/changes/2_deployable_peak/wp1_offline/sols/wp1_full_Region5_s0.7_F1_lp_e62ade0088_b300_s0_wp1_Region5_s0.7_lp.npz,wp1_Region5_s0.7_lp,0-7,"[1.732, 0.041, 0.033, 0.035, 0.033, 0.031, 0.027, 0.029]"
f59c15cfebeb04f6,2026-10-01T18:02:28,wp1,full_Region5_s0.7,F1,"{""k"": 4, ""name"": ""F1"", ""tau"": 0.0}",cpsat,classical,cd6c30cd5f,"{""cp_model_presolve"": false, ""linearization_level"": 1, ""repair_hint"": false, ""start"": ""lp""}",300.0,0,2.002,0,16.157714970214993,"[16.157715, 16.157715, 16.157715, 16.157715, 16.157715, 16.157715, 16.157715, 16.157715]",16.157714970214993,5294.019898601418,10152,1,"{""cp_improved"": 1, ""cp_time"": 1.8594505786895752, ""rep_n_add"": 0, ""rep_n_drop"": 0, ""rep_n_fill"": 2764}",ok,/home/sxing/project/OS_final_project/changes/2_deployable_peak/wp1_offline/sols/wp1_full_Region5_s0.7_F1_cpsat_cd6c30cd5f_b300_s0_wp1_Region5_s0.7_cpsat.npz,wp1_Region5_s0.7_cpsat,0-7,"[1.117, 0.116, 0.144, 0.112, 0.139, 0.105, 0.105, 0.103]"
8eac9e3cd66c4fc3,2026-10-01T18:07:52,wp1,full_Region5_s0.7,F1,"{""k"": 4, ""name"": ""F1"", ""tau"": 0.0}",pt,ising,eb1d04fc51,"{""eim_R"": 16, ""eim_Tmax"": 7.3329031629428645e-06, ""eim_Tmin"": 1.1006348269620852e-06, ""eim_anneal"": 0.9462286962175356, ""eim_hscale"": 1.8587633596816164, ""eim_moves"": 18358, ""eim_rho"": 3.506794739778118, ""g_scale"": 774.8399988560119, ""p_add"": 0.22230587257383633, ""p_swap"": 0.46272105013386755, ""start"": ""lp"", ""topw"": 20}",300.0,0,300.024,0,16.157714970214993,"[16.157715, 16.157715, 16.157715, 16.157715, 16.157715, 16.157715, 16.157715, 16.157715]",16.157714970214993,5269.499510489531,10040,1,"{""eim_acc"": 421882711, ""rep_n_add"": 0, ""rep_n_drop"": 0, ""rep_n_fill"": 5, ""start_n_add"": 343, ""start_n_drop"": 0, ""start_n_fill"": 10590}",ok,/home/sxing/project/OS_final_project/changes/2_deployable_peak/wp1_offline/sols/wp1_full_Region5_s0.7_F1_pt_eb1d04fc51_b300_s0_wp1_Region5_s0.7_pt.npz,wp1_Region5_s0.7_pt,0-7,"[66.671, 33.347, 33.347, 33.324, 33.332, 33.328, 33.317, 33.305]"
63a79c1aeecba94f,2026-10-01T18:08:22,wp1,full_Region7_s0.7,F1,"{""k"": 4, ""name"": ""F1"", ""tau"": 0.0}",lp,classical,e62ade0088,"{""lexi"": true}",300.0,0,5.351,0,21.406830727143255,"[21.488135, 21.44956, 21.44956, 21.44956, 21.370144, 21.370144, 21.338772, 21.338772]",21.338772338772376,2333.1211818181814,14541,1,"{""rep_n_add"": 0, ""rep_n_drop"": 0, ""rep_n_fill"": 0, ""start_n_add"": 300, ""start_n_drop"": 0, ""start_n_fill"": 653}",ok,/home/sxing/project/OS_final_project/changes/2_deployable_peak/wp1_offline/sols/wp1_full_Region7_s0.7_F1_lp_e62ade0088_b300_s0_wp1_Region7_s0.7_lp.npz,wp1_Region7_s0.7_lp,0-7,"[4.677, 0.139, 0.095, 0.09, 0.072, 0.062, 0.096, 0.043]"
04000726963a1766,2026-10-01T18:08:54,wp1,full_Region7_s0.7,F1,"{""k"": 4, ""name"": ""F1"", ""tau"": 0.0}",cpsat,classical,cd6c30cd5f,"{""cp_model_presolve"": false, ""linearization_level"": 1, ""repair_hint"": false, ""start"": ""lp""}",300.0,0,8.075,0,21.16961279461274,"[21.169613, 21.169613, 21.169613, 21.169613, 21.169613, 21.169613, 21.169613, 21.169613]",21.16961279461274,2291.2863006993,14145,1,"{""cp_improved"": 1, ""cp_time"": 7.88133692741394, ""rep_n_add"": 0, ""rep_n_drop"": 0, ""rep_n_fill"": 475}",ok,/home/sxing/project/OS_final_project/changes/2_deployable_peak/wp1_offline/sols/wp1_full_Region7_s0.7_F1_cpsat_cd6c30cd5f_b300_s0_wp1_Region7_s0.7_cpsat.npz,wp1_Region7_s0.7_cpsat,0-7,"[6.561, 0.265, 0.225, 0.19, 0.188, 0.186, 0.186, 0.202]"
6f56c86590a3f7c1,2026-10-01T18:14:18,wp1,full_Region7_s0.7,F1,"{""k"": 4, ""name"": ""F1"", ""tau"": 0.0}",pt,ising,eb1d04fc51,"{""eim_R"": 16, ""eim_Tmax"": 7.3329031629428645e-06, ""eim_Tmin"": 1.1006348269620852e-06, ""eim_anneal"": 0.9462286962175356, ""eim_hscale"": 1.8587633596816164, ""eim_moves"": 18358, ""eim_rho"": 3.506794739778118, ""g_scale"": 774.8399988560119, ""p_add"": 0.22230587257383633, ""p_swap"": 0.46272105013386755, ""start"": ""lp"", ""topw"": 20}",300.0,0,300.016,0,21.16961279461274,"[21.169613, 21.169613, 21.169613, 21.169613, 21.169613, 21.169613, 21.169613, 21.169613]",21.16961279461274,2289.7597202797197,13987,1,"{""eim_acc"": 410467466, ""rep_n_add"": 0, ""rep_n_drop"": 0, ""rep_n_fill"": 5, ""start_n_add"": 328, ""start_n_drop"": 0, ""start_n_fill"": 10496}",ok,/home/sxing/project/OS_final_project/changes/2_deployable_peak/wp1_offline/sols/wp1_full_Region7_s0.7_F1_pt_eb1d04fc51_b300_s0_wp1_Region7_s0.7_pt.npz,wp1_Region7_s0.7_pt,0-7,"[66.643, 33.345, 33.336, 33.333, 33.332, 33.323, 33.314, 33.309]"
c21234905e35ba75,2026-10-01T18:14:46,wp1,full_Region6_s0.7,F1,"{""k"": 4, ""name"": ""F1"", ""tau"": 0.0}",lp,classical,e62ade0088,"{""lexi"": true}",300.0,0,3.305,0,22.99615141802641,"[24.36655, 24.36655, 23.19629, 23.19629, 22.422332, 22.422332, 22.007657, 21.99121]",21.991210178710205,2708.1625069930074,7892,1,"{""rep_n_add"": 0, ""rep_n_drop"": 0, ""rep_n_fill"": 0, ""start_n_add"": 468, ""start_n_drop"": 0, ""start_n_fill"": 3144}",ok,/home/sxing/project/OS_final_project/changes/2_deployable_peak/wp1_offline/sols/wp1_full_Region6_s0.7_F1_lp_e62ade0088_b300_s0_wp1_Region6_s0.7_lp.npz,wp1_Region6_s0.7_lp,0-7,"[1.771, 0.49, 0.195, 0.186, 0.177, 0.171, 0.133, 0.127]"
8fe5b928cfb48db5,2026-10-01T18:18:46,wp1,full_Region6_s0.7,F1,"{""k"": 4, ""name"": ""F1"", ""tau"": 0.0}",cpsat,classical,cd6c30cd5f,"{""cp_model_presolve"": false, ""linearization_level"": 1, ""repair_hint"": false, ""start"": ""lp""}",300.0,0,215.425,0,21.68017514892514,"[22.422332, 22.137821, 21.887027, 21.670762, 21.46667, 21.285596, 21.285596, 21.285596]",21.285596348096327,2588.2726678321687,7648,1,"{""cp_improved"": 6, ""cp_time"": 215.22627544403076, ""rep_n_add"": 0, ""rep_n_drop"": 0, ""rep_n_fill"": 25}",ok,/home/sxing/project/OS_final_project/changes/2_deployable_peak/wp1_offline/sols/wp1_full_Region6_s0.7_F1_cpsat_cd6c30cd5f_b300_s0_wp1_Region6_s0.7_cpsat.npz,wp1_Region6_s0.7_cpsat,0-7,"[60.088, 30.859, 31.365, 31.99, 32.771, 27.839, 0.246, 0.2]"
78c2b009877cd7b5,2026-10-01T18:24:10,wp1,full_Region6_s0.7,F1,"{""k"": 4, ""name"": ""F1"", ""tau"": 0.0}",pt,ising,eb1d04fc51,"{""eim_R"": 16, ""eim_Tmax"": 7.3329031629428645e-06, ""eim_Tmin"": 1.1006348269620852e-06, ""eim_anneal"": 0.9462286962175356, ""eim_hscale"": 1.8587633596816164, ""eim_moves"": 18358, ""eim_rho"": 3.506794739778118, ""g_scale"": 774.8399988560119, ""p_add"": 0.22230587257383633, ""p_swap"": 0.46272105013386755, ""start"": ""lp"", ""topw"": 20}",300.0,0,300.006,0,21.96069671069688,"[22.763678, 22.471559, 22.242667, 22.008919, 21.822164, 21.63965, 21.438714, 21.298223]",21.29822261072397,2335.3089160839168,6214,1,"{""eim_acc"": 3320745, ""rep_n_add"": 0, ""rep_n_drop"": 0, ""rep_n_fill"": 8, ""start_n_add"": 336, ""start_n_drop"": 0, ""start_n_fill"": 7067}",ok,/home/sxing/project/OS_final_project/changes/2_deployable_peak/wp1_offline/sols/wp1_full_Region6_s0.7_F1_pt_eb1d04fc51_b300_s0_wp1_Region6_s0.7_pt.npz,wp1_Region6_s0.7_pt,0-7,"[66.673, 33.349, 33.328, 33.341, 33.329, 33.327, 33.317, 33.288]"
292548fbd6cb9a8a,2026-10-01T18:24:40,wp1,full_Region4_s0.8,F1,"{""k"": 4, ""name"": ""F1"", ""tau"": 0.0}",lp,classical,e62ade0088,"{""lexi"": true}",300.0,0,4.995,0,27.945338804714037,"[27.976998, 27.976998, 27.949333, 27.949333, 27.949333, 27.949333, 27.913397, 27.897986]",27.897986272986234,2274.984734265734,6754,1,"{""rep_n_add"": 0, ""rep_n_drop"": 0, ""rep_n_fill"": 0, ""start_n_add"": 161, ""start_n_drop"": 0, ""start_n_fill"": 61}",ok,/home/sxing/project/OS_final_project/changes/2_deployable_peak/wp1_offline/sols/wp1_full_Region4_s0.8_F1_lp_e62ade0088_b300_s0_wp1_Region4_s0.8_lp.npz,wp1_Region4_s0.8_lp,0-7,"[4.289, 0.125, 0.117, 0.086, 0.08, 0.084, 0.069, 0.075]"
8866d927148bb23e,2026-10-01T18:25:09,wp1,full_Region4_s0.8,F1,"{""k"": 4, ""name"": ""F1"", ""tau"": 0.0}",cpsat,classical,cd6c30cd5f,"{""cp_model_presolve"": false, ""linearization_level"": 1, ""repair_hint"": false, ""start"": ""lp""}",300.0,0,3.42,0,27.649297461797048,"[27.649297, 27.649297, 27.649297, 27.649297, 27.649297, 27.649297, 27.649297, 27.649297]",27.649297461797048,2193.454517482517,6363,1,"{""cp_improved"": 1, ""cp_time"": 3.2206015586853027, ""rep_n_add"": 0, ""rep_n_drop"": 0, ""rep_n_fill"": 381}",ok,/home/sxing/project/OS_final_project/changes/2_deployable_peak/wp1_offline/sols/wp1_full_Region4_s0.8_F1_cpsat_cd6c30cd5f_b300_s0_wp1_Region4_s0.8_cpsat.npz,wp1_Region4_s0.8_cpsat,0-7,"[1.331, 0.302, 0.31, 0.307, 0.29, 0.278, 0.274, 0.265]"
218b8049a84db0ed,2026-10-01T18:30:34,wp1,full_Region4_s0.8,F1,"{""k"": 4, ""name"": ""F1"", ""tau"": 0.0}",pt,ising,eb1d04fc51,"{""eim_R"": 16, ""eim_Tmax"": 7.3329031629428645e-06, ""eim_Tmin"": 1.1006348269620852e-06, ""eim_anneal"": 0.9462286962175356, ""eim_hscale"": 1.8587633596816164, ""eim_moves"": 18358, ""eim_rho"": 3.506794739778118, ""g_scale"": 774.8399988560119, ""p_add"": 0.22230587257383633, ""p_swap"": 0.46272105013386755, ""start"": ""lp"", ""topw"": 20}",300.0,0,300.017,0,27.649297461797048,"[27.649297, 27.649297, 27.649297, 27.649297, 27.649297, 27.649297, 27.649297, 27.649297]",27.649297461797048,2166.84829020979,6301,1,"{""eim_acc"": 360968019, ""rep_n_add"": 0, ""rep_n_drop"": 0, ""rep_n_fill"": 3, ""start_n_add"": 339, ""start_n_drop"": 0, ""start_n_fill"": 4053}",ok,/home/sxing/project/OS_final_project/changes/2_deployable_peak/wp1_offline/sols/wp1_full_Region4_s0.8_F1_pt_eb1d04fc51_b300_s0_wp1_Region4_s0.8_pt.npz,wp1_Region4_s0.8_pt,0-7,"[66.665, 33.348, 33.341, 33.333, 33.327, 33.322, 33.308, 33.314]"
ff758d380f072a7e,2026-10-01T18:31:01,wp1,full_Region5_s0.8,F1,"{""k"": 4, ""name"": ""F1"", ""tau"": 0.0}",lp,classical,e62ade0088,"{""lexi"": true}",300.0,0,1.977,0,14.604850589225588,"[14.732437, 14.654024, 14.60067, 14.570335, 14.570335, 14.570335, 14.570335, 14.570335]",14.570334757834752,5279.372919580442,9094,1,"{""rep_n_add"": 0, ""rep_n_drop"": 0, ""rep_n_fill"": 0, ""start_n_add"": 132, ""start_n_drop"": 0, ""start_n_fill"": 63}",ok,/home/sxing/project/OS_final_project/changes/2_deployable_peak/wp1_offline/sols/wp1_full_Region5_s0.8_F1_lp_e62ade0088_b300_s0_wp1_Region5_s0.8_lp.npz,wp1_Region5_s0.8_lp,0-7,"[1.768, 0.032, 0.026, 0.026, 0.023, 0.023, 0.02, 0.02]"
558655a570748d48,2026-10-01T18:31:28,wp1,full_Region5_s0.8,F1,"{""k"": 4, ""name"": ""F1"", ""tau"": 0.0}",cpsat,classical,cd6c30cd5f,"{""cp_model_presolve"": false, ""linearization_level"": 1, ""repair_hint"": false, ""start"": ""lp""}",300.0,0,1.037,0,14.499384874384832,"[14.499385, 14.499385, 14.499385, 14.499385, 14.499385, 14.499385, 14.499385, 14.499385]",14.499384874384832,5267.14398951051,9027,1,"{""cp_improved"": 1, ""cp_time"": 0.9180004596710205, ""rep_n_add"": 0, ""rep_n_drop"": 0, ""rep_n_fill"": 921}",ok,/home/sxing/project/OS_final_project/changes/2_deployable_peak/wp1_offline/sols/wp1_full_Region5_s0.8_F1_cpsat_cd6c30cd5f_b300_s0_wp1_Region5_s0.8_cpsat.npz,wp1_Region5_s0.8_cpsat,0-7,"[0.3, 0.101, 0.125, 0.092, 0.092, 0.09, 0.089, 0.096]"
4a2aef37bb904a3b,2026-10-01T18:36:53,wp1,full_Region5_s0.8,F1,"{""k"": 4, ""name"": ""F1"", ""tau"": 0.0}",pt,ising,eb1d04fc51,"{""eim_R"": 16, ""eim_Tmax"": 7.3329031629428645e-06, ""eim_Tmin"": 1.1006348269620852e-06, ""eim_anneal"": 0.9462286962175356, ""eim_hscale"": 1.8587633596816164, ""eim_moves"": 18358, ""eim_rho"": 3.506794739778118, ""g_scale"": 774.8399988560119, ""p_add"": 0.22230587257383633, ""p_swap"": 0.46272105013386755, ""start"": ""lp"", ""topw"": 20}",300.0,0,300.018,0,14.499384874384832,"[14.499385, 14.499385, 14.499385, 14.499385, 14.499385, 14.499385, 14.499385, 14.499385]",14.499384874384832,5244.635681818203,8978,1,"{""eim_acc"": 252920192, ""rep_n_add"": 0, ""rep_n_drop"": 0, ""rep_n_fill"": 15, ""start_n_add"": 177, ""start_n_drop"": 0, ""start_n_fill"": 9601}",ok,/home/sxing/project/OS_final_project/changes/2_deployable_peak/wp1_offline/sols/wp1_full_Region5_s0.8_F1_pt_eb1d04fc51_b300_s0_wp1_Region5_s0.8_pt.npz,wp1_Region5_s0.8_pt,0-7,"[66.671, 33.364, 33.336, 33.318, 33.328, 33.309, 33.316, 33.303]"
f3a2a4931f0e6db2,2026-10-01T18:37:25,wp1,full_Region7_s0.8,F1,"{""k"": 4, ""name"": ""F1"", ""tau"": 0.0}",lp,classical,e62ade0088,"{""lexi"": true}",300.0,0,6.387,0,23.961257203444667,"[24.266268, 23.964533, 23.911778, 23.898326, 23.92625, 23.92625, 23.898326, 23.898326]",23.89832621082615,2067.851660839161,15235,1,"{""rep_n_add"": 0, ""rep_n_drop"": 0, ""rep_n_fill"": 0, ""start_n_add"": 198, ""start_n_drop"": 0, ""start_n_fill"": 193}",ok,/home/sxing/project/OS_final_project/changes/2_deployable_peak/wp1_offline/sols/wp1_full_Region7_s0.8_F1_lp_e62ade0088_b300_s0_wp1_Region7_s0.8_lp.npz,wp1_Region7_s0.8_lp,0-7,"[5.629, 0.172, 0.115, 0.115, 0.077, 0.084, 0.077, 0.058]"
faea7bc9c69b7a9e,2026-10-01T18:38:03,wp1,full_Region7_s0.8,F1,"{""k"": 4, ""name"": ""F1"", ""tau"": 0.0}",cpsat,classical,cd6c30cd5f,"{""cp_model_presolve"": false, ""linearization_level"": 1, ""repair_hint"": false, ""start"": ""lp""}",300.0,0,11.914,0,23.498947811447753,"[23.498948, 23.498948, 23.498948, 23.498948, 23.498948, 23.498948, 23.498948, 23.498948]",23.498947811447753,1995.8139965034964,14634,1,"{""cp_improved"": 1, ""cp_time"": 11.719655275344849, ""rep_n_add"": 0, ""rep_n_drop"": 0, ""rep_n_fill"": 572}",ok,/home/sxing/project/OS_final_project/changes/2_deployable_peak/wp1_offline/sols/wp1_full_Region7_s0.8_F1_cpsat_cd6c30cd5f_b300_s0_wp1_Region7_s0.8_cpsat.npz,wp1_Region7_s0.8_cpsat,0-7,"[10.228, 0.282, 0.254, 0.23, 0.211, 0.238, 0.201, 0.195]"
37e525a9573fafa0,2026-10-01T18:43:29,wp1,full_Region7_s0.8,F1,"{""k"": 4, ""name"": ""F1"", ""tau"": 0.0}",pt,ising,eb1d04fc51,"{""eim_R"": 16, ""eim_Tmax"": 7.3329031629428645e-06, ""eim_Tmin"": 1.1006348269620852e-06, ""eim_anneal"": 0.9462286962175356, ""eim_hscale"": 1.8587633596816164, ""eim_moves"": 18358, ""eim_rho"": 3.506794739778118, ""g_scale"": 774.8399988560119, ""p_add"": 0.22230587257383633, ""p_swap"": 0.46272105013386755, ""start"": ""lp"", ""topw"": 20}",300.0,0,300.019,0,23.50704156954151,"[23.507042, 23.507042, 23.507042, 23.507042, 23.507042, 23.507042, 23.507042, 23.507042]",23.50704156954151,2010.0139895104892,14708,1,"{""eim_acc"": 379215899, ""rep_n_add"": 0, ""rep_n_drop"": 0, ""rep_n_fill"": 8, ""start_n_add"": 593, ""start_n_drop"": 0, ""start_n_fill"": 9828}",ok,/home/sxing/project/OS_final_project/changes/2_deployable_peak/wp1_offline/sols/wp1_full_Region7_s0.8_F1_pt_eb1d04fc51_b300_s0_wp1_Region7_s0.8_pt.npz,wp1_Region7_s0.8_pt,0-7,"[66.681, 33.327, 33.339, 33.331, 33.329, 33.321, 33.316, 33.3]"
49a3e8862b98fe20,2026-10-01T18:43:56,wp1,full_Region6_s0.8,F1,"{""k"": 4, ""name"": ""F1"", ""tau"": 0.0}",lp,classical,e62ade0088,"{""lexi"": true}",300.0,0,2.18,0,23.038908718596225,"[23.252574, 23.050376, 23.050376, 23.050376, 22.992797, 22.971591, 22.971591, 22.971591]",22.97159090909091,2853.3826433566433,8002,1,"{""rep_n_add"": 0, ""rep_n_drop"": 0, ""rep_n_fill"": 0, ""start_n_add"": 317, ""start_n_drop"": 0, ""start_n_fill"": 185}",ok,/home/sxing/project/OS_final_project/changes/2_deployable_peak/wp1_offline/sols/wp1_full_Region6_s0.8_F1_lp_e62ade0088_b300_s0_wp1_Region6_s0.8_lp.npz,wp1_Region6_s0.8_lp,0-7,"[1.463, 0.138, 0.126, 0.09, 0.095, 0.072, 0.07, 0.072]"
31d9ef95a52611a3,2026-10-01T18:44:30,wp1,full_Region6_s0.8,F1,"{""k"": 4, ""name"": ""F1"", ""tau"": 0.0}",cpsat,classical,cd6c30cd5f,"{""cp_model_presolve"": false, ""linearization_level"": 1, ""repair_hint"": false, ""start"": ""lp""}",300.0,0,8.263,0,22.87765475265473,"[22.877655, 22.877655, 22.877655, 22.877655, 22.877655, 22.877655, 22.877655, 22.877655]",22.87765475265473,2796.4557727272727,7617,1,"{""cp_improved"": 1, ""cp_time"": 8.089390516281128, ""rep_n_add"": 0, ""rep_n_drop"": 0, ""rep_n_fill"": 0}",ok,/home/sxing/project/OS_final_project/changes/2_deployable_peak/wp1_offline/sols/wp1_full_Region6_s0.8_F1_cpsat_cd6c30cd5f_b300_s0_wp1_Region6_s0.8_cpsat.npz,wp1_Region6_s0.8_cpsat,0-7,"[6.556, 0.222, 0.235, 0.245, 0.233, 0.238, 0.237, 0.236]"
b230ccaf533815b1,2026-10-01T18:49:55,wp1,full_Region6_s0.8,F1,"{""k"": 4, ""name"": ""F1"", ""tau"": 0.0}",pt,ising,eb1d04fc51,"{""eim_R"": 16, ""eim_Tmax"": 7.3329031629428645e-06, ""eim_Tmin"": 1.1006348269620852e-06, ""eim_anneal"": 0.9462286962175356, ""eim_hscale"": 1.8587633596816164, ""eim_moves"": 18358, ""eim_rho"": 3.506794739778118, ""g_scale"": 774.8399988560119, ""p_add"": 0.22230587257383633, ""p_swap"": 0.46272105013386755, ""start"": ""lp"", ""topw"": 20}",300.0,0,300.012,0,22.87765475265473,"[22.877655, 22.877655, 22.877655, 22.877655, 22.877655, 22.877655, 22.877655, 22.877655]",22.87765475265473,2795.5556328671328,7366,1,"{""eim_acc"": 322913970, ""rep_n_add"": 0, ""rep_n_drop"": 0, ""rep_n_fill"": 11, ""start_n_add"": 408, ""start_n_drop"": 0, ""start_n_fill"": 5245}",ok,/home/sxing/project/OS_final_project/changes/2_deployable_peak/wp1_offline/sols/wp1_full_Region6_s0.8_F1_pt_eb1d04fc51_b300_s0_wp1_Region6_s0.8_pt.npz,wp1_Region6_s0.8_pt,0-7,"[66.685, 33.337, 33.337, 33.342, 33.331, 33.311, 33.318, 33.293]"
6626b6db9201b42c,2026-10-01T18:51:46,wp1,full_Region4_s0.9,F1,"{""k"": 4, ""name"": ""F1"", ""tau"": 0.0}",lp,classical,e62ade0088,"{""lexi"": true}",300.0,0,3.801,0,24.35551427738917,"[24.421604, 24.385441, 24.385441, 24.367877, 24.333754, 24.320319, 24.320319, 24.30936]",24.309359621859628,3117.9130384615282,6902,1,"{""rep_n_add"": 0, ""rep_n_drop"": 0, ""rep_n_fill"": 0, ""start_n_add"": 224, ""start_n_drop"": 0, ""start_n_fill"": 94}",ok,/home/sxing/project/OS_final_project/changes/2_deployable_peak/wp1_offline/sols/wp1_full_Region4_s0.9_F1_lp_e62ade0088_b300_s0_wp1_Region4_s0.9_lp.npz,wp1_Region4_s0.9_lp,0-7,"[3.114, 0.104, 0.086, 0.088, 0.081, 0.111, 0.106, 0.058]"
fd61b9e11a079850,2026-10-01T18:52:18,wp1,full_Region4_s0.9,F1,"{""k"": 4, ""name"": ""F1"", ""tau"": 0.0}",cpsat,classical,cd6c30cd5f,"{""cp_model_presolve"": false, ""linearization_level"": 1, ""repair_hint"": false, ""start"": ""lp""}",300.0,0,6.264,0,24.125097125096904,"[24.125097, 24.125097, 24.125097, 24.125097, 24.125097, 24.125097, 24.125097, 24.125097]",24.125097125096904,3042.481447552437,6515,1,"{""cp_improved"": 1, ""cp_time"": 6.079818964004517, ""rep_n_add"": 0, ""rep_n_drop"": 0, ""rep_n_fill"": 0}",ok,/home/sxing/project/OS_final_project/changes/2_deployable_peak/wp1_offline/sols/wp1_full_Region4_s0.9_F1_cpsat_cd6c30cd5f_b300_s0_wp1_Region4_s0.9_cpsat.npz,wp1_Region4_s0.9_cpsat,0-7,"[4.501, 0.272, 0.236, 0.239, 0.238, 0.254, 0.237, 0.221]"
62a3eb651627820f,2026-10-01T18:59:06,wp1,full_Region4_s0.9,F1,"{""k"": 4, ""name"": ""F1"", ""tau"": 0.0}",pt,ising,eb1d04fc51,"{""eim_R"": 16, ""eim_Tmax"": 7.3329031629428645e-06, ""eim_Tmin"": 1.1006348269620852e-06, ""eim_anneal"": 0.9462286962175356, ""eim_hscale"": 1.8587633596816164, ""eim_moves"": 18358, ""eim_rho"": 3.506794739778118, ""g_scale"": 774.8399988560119, ""p_add"": 0.22230587257383633, ""p_swap"": 0.46272105013386755, ""start"": ""lp"", ""topw"": 20}",300.0,0,300.014,0,24.125097125096904,"[24.125097, 24.125097, 24.125097, 24.125097, 24.125097, 24.125097, 24.125097, 24.125097]",24.125097125096904,3052.2410524475417,6143,1,"{""eim_acc"": 335437041, ""rep_n_add"": 0, ""rep_n_drop"": 0, ""rep_n_fill"": 10, ""start_n_add"": 317, ""start_n_drop"": 0, ""start_n_fill"": 3838}",ok,/home/sxing/project/OS_final_project/changes/2_deployable_peak/wp1_offline/sols/wp1_full_Region4_s0.9_F1_pt_eb1d04fc51_b300_s0_wp1_Region4_s0.9_pt.npz,wp1_Region4_s0.9_pt,0-7,"[66.686, 33.342, 33.338, 33.339, 33.322, 33.331, 33.311, 33.292]"
ecfa9a6d8a49c37e,2026-10-01T18:59:36,wp1,full_Region5_s0.9,F1,"{""k"": 4, ""name"": ""F1"", ""tau"": 0.0}",lp,classical,e62ade0088,"{""lexi"": true}",300.0,0,3.909,0,21.842693764568768,"[21.954821, 21.954821, 21.918107, 21.918107, 21.918107, 21.718208, 21.708851, 21.650528]",21.65052771302769,2115.268548951048,12561,1,"{""rep_n_add"": 0, ""rep_n_drop"": 0, ""rep_n_fill"": 0, ""start_n_add"": 214, ""start_n_drop"": 0, ""start_n_fill"": 644}",ok,/home/sxing/project/OS_final_project/changes/2_deployable_peak/wp1_offline/sols/wp1_full_Region5_s0.9_F1_lp_e62ade0088_b300_s0_wp1_Region5_s0.9_lp.npz,wp1_Region5_s0.9_lp,0-7,"[3.333, 0.099, 0.114, 0.074, 0.069, 0.062, 0.046, 0.052]"
128170349450783b,2026-10-01T19:00:03,wp1,full_Region5_s0.9,F1,"{""k"": 4, ""name"": ""F1"", ""tau"": 0.0}",cpsat,classical,cd6c30cd5f,"{""cp_model_presolve"": false, ""linearization_level"": 1, ""repair_hint"": false, ""start"": ""lp""}",300.0,0,1.983,0,21.470344470344408,"[21.470344, 21.470344, 21.470344, 21.470344, 21.470344, 21.470344, 21.470344, 21.470344]",21.470344470344408,2045.0306083916073,12156,1,"{""cp_improved"": 1, ""cp_time"": 1.8249115943908691, ""rep_n_add"": 0, ""rep_n_drop"": 0, ""rep_n_fill"": 407}",ok,/home/sxing/project/OS_final_project/changes/2_deployable_peak/wp1_offline/sols/wp1_full_Region5_s0.9_F1_cpsat_cd6c30cd5f_b300_s0_wp1_Region5_s0.9_cpsat.npz,wp1_Region5_s0.9_cpsat,0-7,"[0.762, 0.185, 0.169, 0.159, 0.161, 0.16, 0.178, 0.149]"
8a147bafd03ce709,2026-10-01T19:06:25,wp1,full_Region5_s0.9,F1,"{""k"": 4, ""name"": ""F1"", ""tau"": 0.0}",pt,ising,eb1d04fc51,"{""eim_R"": 16, ""eim_Tmax"": 7.3329031629428645e-06, ""eim_Tmin"": 1.1006348269620852e-06, ""eim_anneal"": 0.9462286962175356, ""eim_hscale"": 1.8587633596816164, ""eim_moves"": 18358, ""eim_rho"": 3.506794739778118, ""g_scale"": 774.8399988560119, ""p_add"": 0.22230587257383633, ""p_swap"": 0.46272105013386755, ""start"": ""lp"", ""topw"": 20}",300.0,0,300.011,0,21.470344470344408,"[21.470344, 21.470344, 21.470344, 21.470344, 21.470344, 21.470344, 21.470344, 21.470344]",21.470344470344408,2038.0632692307681,12143,1,"{""eim_acc"": 267861116, ""rep_n_add"": 0, ""rep_n_drop"": 0, ""rep_n_fill"": 10, ""start_n_add"": 622, ""start_n_drop"": 0, ""start_n_fill"": 7993}",ok,/home/sxing/project/OS_final_project/changes/2_deployable_peak/wp1_offline/sols/wp1_full_Region5_s0.9_F1_pt_eb1d04fc51_b300_s0_wp1_Region5_s0.9_pt.npz,wp1_Region5_s0.9_pt,0-7,"[66.671, 33.341, 33.335, 33.342, 33.336, 33.317, 33.326, 33.297]"
4e1433a913091fe2,2026-10-01T19:08:18,wp1,full_Region7_s0.9,F1,"{""k"": 4, ""name"": ""F1"", ""tau"": 0.0}",lp,classical,e62ade0088,"{""lexi"": true}",300.0,0,7.695,0,23.404173951049007,"[23.784059, 23.784059, 23.449317, 23.449317, 23.29505, 23.157197, 23.157197, 23.157197]",23.15719696969703,1746.9417097902094,15710,1,"{""rep_n_add"": 0, ""rep_n_drop"": 0, ""rep_n_fill"": 0, ""start_n_add"": 542, ""start_n_drop"": 0, ""start_n_fill"": 7589}",ok,/home/sxing/project/OS_final_project/changes/2_deployable_peak/wp1_offline/sols/wp1_full_Region7_s0.9_F1_lp_e62ade0088_b300_s0_wp1_Region7_s0.9_lp.npz,wp1_Region7_s0.9_lp,0-7,"[5.332, 1.362, 0.235, 0.182, 0.165, 0.144, 0.119, 0.094]"
c919c8c81a3e32a7,2026-10-01T19:15:15,wp1,full_Region7_s0.9,F1,"{""k"": 4, ""name"": ""F1"", ""tau"": 0.0}",cpsat,classical,cd6c30cd5f,"{""cp_model_presolve"": false, ""linearization_level"": 1, ""repair_hint"": false, ""start"": ""lp""}",300.0,0,96.791,0,22.872743864931284,"[23.173384, 22.95474, 22.808971, 22.808971, 22.808971, 22.808971, 22.808971, 22.808971]",22.808971121471018,1709.2826188811189,15308,1,"{""cp_improved"": 3, ""cp_time"": 96.58590579032898, ""rep_n_add"": 0, ""rep_n_drop"": 0, ""rep_n_fill"": 24}",ok,/home/sxing/project/OS_final_project/changes/2_deployable_peak/wp1_offline/sols/wp1_full_Region7_s0.9_F1_cpsat_cd6c30cd5f_b300_s0_wp1_Region7_s0.9_cpsat.npz,wp1_Region7_s0.9_cpsat,0-7,"[60.1, 30.86, 4.625, 0.266, 0.235, 0.214, 0.2, 0.211]"
7f89f1b2721f3801,2026-10-01T19:23:21,wp1,full_Region7_s0.9,F1,"{""k"": 4, ""name"": ""F1"", ""tau"": 0.0}",pt,ising,eb1d04fc51,"{""eim_R"": 16, ""eim_Tmax"": 7.3329031629428645e-06, ""eim_Tmin"": 1.1006348269620852e-06, ""eim_anneal"": 0.9462286962175356, ""eim_hscale"": 1.8587633596816164, ""eim_moves"": 18358, ""eim_rho"": 3.506794739778118, ""g_scale"": 774.8399988560119, ""p_add"": 0.22230587257383633, ""p_swap"": 0.46272105013386755, ""start"": ""lp"", ""topw"": 20}",300.0,0,300.02,0,22.958323216135657,"[23.396368, 23.167217, 22.995063, 22.872054, 22.808971, 22.808971, 22.808971, 22.808971]",22.808971121471018,1612.2452622377623,15164,1,"{""eim_acc"": 13027739, ""rep_n_add"": 0, ""rep_n_drop"": 0, ""rep_n_fill"": 17, ""start_n_add"": 337, ""start_n_drop"": 0, ""start_n_fill"": 15623}",ok,/home/sxing/project/OS_final_project/changes/2_deployable_peak/wp1_offline/sols/wp1_full_Region7_s0.9_F1_pt_eb1d04fc51_b300_s0_wp1_Region7_s0.9_pt.npz,wp1_Region7_s0.9_pt,0-7,"[66.678, 33.344, 33.341, 33.325, 33.334, 33.313, 33.313, 33.3]"
b0100f17051a311a,2026-10-01T19:23:49,wp1,full_Region6_s0.9,F1,"{""k"": 4, ""name"": ""F1"", ""tau"": 0.0}",lp,classical,e62ade0088,"{""lexi"": true}",300.0,0,3.333,0,22.628476269101306,"[23.21374, 22.964873, 22.699786, 22.699786, 22.362406, 22.362406, 22.362406, 22.362406]",22.362406112406156,2608.4912342657344,7748,1,"{""rep_n_add"": 0, ""rep_n_drop"": 0, ""rep_n_fill"": 0, ""start_n_add"": 551, ""start_n_drop"": 0, ""start_n_fill"": 2711}",ok,/home/sxing/project/OS_final_project/changes/2_deployable_peak/wp1_offline/sols/wp1_full_Region6_s0.9_F1_lp_e62ade0088_b300_s0_wp1_Region6_s0.9_lp.npz,wp1_Region6_s0.9_lp,0-7,"[1.702, 0.422, 0.45, 0.162, 0.161, 0.146, 0.13, 0.103]"
2ab0cd0253640eaf,2026-10-01T19:27:14,wp1,full_Region6_s0.9,F1,"{""k"": 4, ""name"": ""F1"", ""tau"": 0.0}",cpsat,classical,cd6c30cd5f,"{""cp_model_presolve"": false, ""linearization_level"": 1, ""repair_hint"": false, ""start"": ""lp""}",300.0,0,124.351,0,21.962165727790733,"[22.444088, 22.156096, 21.917282, 21.835972, 21.835972, 21.835972, 21.835972, 21.835972]",21.8359718984719,2593.992496503497,7692,1,"{""cp_improved"": 4, ""cp_time"": 124.15161752700806, ""rep_n_add"": 0, ""rep_n_drop"": 0, ""rep_n_fill"": 187}",ok,/home/sxing/project/OS_final_project/changes/2_deployable_peak/wp1_offline/sols/wp1_full_Region6_s0.9_F1_cpsat_cd6c30cd5f_b300_s0_wp1_Region6_s0.9_cpsat.npz,wp1_Region6_s0.9_cpsat,0-7,"[60.072, 30.856, 31.363, 1.092, 0.222, 0.213, 0.234, 0.231]"
a5057edc57a41497,2026-10-01T19:34:00,wp1,full_Region6_s0.9,F1,"{""k"": 4, ""name"": ""F1"", ""tau"": 0.0}",pt,ising,eb1d04fc51,"{""eim_R"": 16, ""eim_Tmax"": 7.3329031629428645e-06, ""eim_Tmin"": 1.1006348269620852e-06, ""eim_anneal"": 0.9462286962175356, ""eim_hscale"": 1.8587633596816164, ""eim_moves"": 18358, ""eim_rho"": 3.506794739778118, ""g_scale"": 774.8399988560119, ""p_add"": 0.22230587257383633, ""p_swap"": 0.46272105013386755, ""start"": ""lp"", ""topw"": 20}",300.0,0,300.025,0,22.09673862017615,"[22.722578, 22.444606, 22.223032, 22.027033, 21.848744, 21.835972, 21.835972, 21.835972]",21.8359718984719,2500.2646468531466,7634,1,"{""eim_acc"": 10630445, ""rep_n_add"": 3, ""rep_n_drop"": 0, ""rep_n_fill"": 11, ""start_n_add"": 451, ""start_n_drop"": 0, ""start_n_fill"": 6279}",ok,/home/sxing/project/OS_final_project/changes/2_deployable_peak/wp1_offline/sols/wp1_full_Region6_s0.9_F1_pt_eb1d04fc51_b300_s0_wp1_Region6_s0.9_pt.npz,wp1_Region6_s0.9_pt,0-7,"[66.678, 33.338, 33.325, 33.339, 33.327, 33.332, 33.31, 33.309]"
