instance,method,p100,argmax,sim_used_util,sim_nocache_util,inst_C_util,inst_floor_util,scale
Region7_s0.1,R0,33.676,621,33.676,46.262,46.262,21.971,4.62963
Region5_s0,R0,29.911,652,29.911,41.855,41.855,21.866,4.62963
Region4_s0,R0,26.796,291,26.796,182.470,182.470,16.432,4.62963
Region7_s0,R0,34.522,660,34.522,48.692,48.692,22.522,4.62963
Region5_s0.1,R0,31.319,340,31.319,40.402,40.402,21.935,4.62963
Region5_s0.2,R0,31.764,653,31.764,39.691,39.691,17.951,4.62963
Region4_s0.2,R0,41.437,291,41.437,162.773,162.773,27.839,4.62963
Region6_s0,R0,35.556,816,35.556,52.687,52.687,20.059,4.62963
Region6_s0.1,R0,30.901,817,30.901,43.940,43.940,20.056,4.62963
Region7_s0.2,R0,35.277,657,35.277,43.772,43.772,25.412,4.62963
Region6_s0.2,R0,30.616,799,30.616,40.113,40.113,18.713,4.62963
Region4_s0.3,R0,42.336,805,42.336,60.511,60.511,24.059,4.62963
Region7_s0.1,pt,27.527,300,27.527,40.231,40.231,19.652,4.62963
Region5_s0.3,R0,31.580,654,31.580,46.690,46.690,22.397,4.62963
Region7_s0.3,R0,31.228,252,31.228,41.350,41.350,20.952,4.62963
Region7_s0.2,pt,27.592,297,27.592,47.448,47.448,18.691,4.62963
Region4_s0.4,R0,45.357,869,45.357,63.948,63.948,29.065,4.62963
Region6_s0.3,R0,31.964,815,31.964,49.435,49.435,20.267,4.62963
Region5_s0.4,R0,24.766,873,24.766,34.475,34.475,18.414,4.62963
Region6_s0.4,R0,34.254,779,34.254,49.068,49.068,19.357,4.62963
Region5_s0.5,R0,30.186,335,30.186,48.359,48.359,19.967,4.62963
Region6_s0.2,pt,26.486,813,26.486,45.990,45.990,17.258,4.62963
Region4_s0.5,R0,30.796,291,30.796,84.119,84.119,23.825,4.62963
Region7_s0.5,R0,31.523,657,31.523,42.114,42.114,20.585,4.62963
Region6_s0.5,R0,34.554,795,34.554,49.631,49.631,22.800,4.62963
Region4_s0.6,R0,30.721,452,30.721,62.119,62.119,18.154,4.62963
Region5_s0.6,R0,31.010,347,31.010,45.308,45.308,23.219,4.62963
Region7_s0.6,R0,34.911,660,34.911,43.886,43.886,22.388,4.62963
Region5_s0,pt,25.557,661,25.557,40.084,40.084,17.056,4.62963
Region6_s0.6,R0,32.640,809,32.640,42.646,42.646,20.076,4.62963
Region5_s0.7,R0,25.567,372,25.567,35.092,35.092,15.228,4.62963
Region4_s0.7,R0,46.552,805,46.552,53.935,53.935,21.860,4.62963
Region5_s0.8,R0,21.878,347,21.878,31.595,31.595,14.499,4.62963
Region7_s0.7,R0,28.694,660,28.694,45.498,45.498,19.678,4.62963
Region6_s0.7,R0,32.898,805,32.898,52.515,52.515,17.607,4.62963
Region4_s0.8,R0,38.299,453,38.299,72.997,72.997,24.847,4.62963
Region7_s0.8,R0,34.006,638,34.006,53.073,53.073,23.499,4.62963
Region7_s0.9,R0,32.165,297,32.165,40.695,40.695,21.873,4.62963
Region6_s0.3,pt,27.136,808,27.136,50.835,50.835,20.355,4.62963
Region6_s0.8,R0,35.712,815,35.712,59.467,59.467,22.878,4.62963
Region4_s0.9,R0,34.861,453,34.861,51.088,51.088,20.580,4.62963
Region5_s0.9,R0,29.378,370,29.378,63.748,63.748,20.119,4.62963
Region6_s0.1,pt,26.179,810,26.179,43.544,43.544,17.912,4.62963
Region7_s0.4,R0,33.828,659,33.828,49.975,49.975,22.293,4.62963
Region6_s0.9,R0,33.622,776,33.622,45.594,45.594,21.836,4.62963
Region7_s0.3,pt,26.532,636,26.532,43.355,43.355,20.419,4.62963
Region7_s0,pt,28.271,660,28.271,48.692,48.692,22.522,4.62963
Region5_s0.1,pt,25.481,349,25.481,29.708,29.708,17.029,4.62963
Region4_s0,pt,26.371,291,26.371,182.470,182.470,16.432,4.62963
Region6_s0,pt,27.773,154,27.773,43.848,43.848,15.324,4.62963
Region5_s0.2,pt,27.566,654,27.566,38.931,38.931,16.851,4.62963
Region4_s0.2,pt,41.437,291,41.437,162.773,162.773,27.839,4.62963
Region5_s0.3,pt,27.766,371,27.766,44.997,44.997,18.624,4.62963
Region4_s0.3,pt,39.405,871,39.405,57.620,57.620,25.119,4.62963
Region4_s0.4,pt,43.686,871,43.686,62.576,62.576,26.105,4.62963
Region5_s0.4,pt,20.370,885,20.370,35.343,35.343,15.632,4.62963
Region7_s0.4,pt,27.180,633,27.180,44.607,44.607,21.238,4.62963
Region6_s0.4,pt,27.716,806,27.716,44.641,44.641,20.123,4.62963
Region4_s0.5,pt,26.919,445,26.919,34.842,34.842,14.904,4.62963
Region5_s0.5,pt,26.540,659,26.540,39.694,39.694,18.432,4.62963
Region7_s0.5,pt,26.397,631,26.397,47.006,47.006,20.338,4.62963
Region6_s0.5,pt,29.206,795,29.206,49.631,49.631,22.800,4.62963
Region4_s0.6,pt,27.334,870,27.334,75.746,75.746,18.295,4.62963
Region5_s0.6,pt,27.724,343,27.724,40.356,40.356,16.610,4.62963
Region7_s0.6,pt,26.720,664,26.720,44.884,44.884,22.022,4.62963
Region6_s0.6,pt,26.787,320,26.787,41.437,41.437,17.341,4.62963
Region4_s0.7,pt,43.473,871,43.473,63.055,63.055,23.688,4.62963
Region5_s0.7,pt,20.937,663,20.937,33.551,33.551,12.306,4.62963
Region7_s0.7,pt,24.960,579,24.960,33.246,33.246,15.336,4.62963
Region6_s0.7,pt,27.889,805,27.889,52.515,52.515,17.607,4.62963
Region4_s0.8,pt,39.852,455,39.852,60.626,60.626,18.411,4.62963
Region5_s0.8,pt,17.712,880,17.712,29.974,29.974,14.020,4.62963
Region7_s0.8,pt,26.254,648,26.254,39.301,39.301,18.589,4.62963
Region6_s0.8,pt,28.307,815,28.307,59.467,59.467,22.878,4.62963
Region4_s0.9,pt,31.372,871,31.372,51.134,51.134,19.040,4.62963
Region5_s0.9,pt,26.365,371,26.365,41.618,41.618,18.295,4.62963
Region6_s0.9,pt,29.643,269,29.643,46.385,46.385,16.167,4.62963
Region7_s0.9,pt,30.644,644,30.644,41.746,41.746,17.487,4.62963
