instance,region,sample,author_opt_p100,floor,floor_argmax,R0,R0_wr,R0_matched,R0_argmax,R0_p99,R0_top5,lp,lp_wr,lp_matched,lp_argmax,lp_p99,lp_top5,lp_obj,lp_wall,lp_plan_argmax,lp_plan_peak,cpsat,cpsat_wr,cpsat_matched,cpsat_argmax,cpsat_p99,cpsat_top5,cpsat_obj,cpsat_wall,cpsat_plan_argmax,cpsat_plan_peak,pt,pt_wr,pt_matched,pt_argmax,pt_p99,pt_top5,pt_obj,pt_wall,pt_plan_argmax,pt_plan_peak
Region4_s0,Region4,0.0,26.739202926702564,17.674290986791323,299,26.796490546490016,35.93571491162081,True,291,24.607510360057642,25.986447811441614,26.796490546490016,35.93571491162081,True,291,24.607510360057642,25.986447811441614,17.761197714323302,2.182,291,29.242181429682628,26.796490546490016,35.93571491162081,True,291,24.607510360057642,25.986447811441614,17.674290986791323,1.403,291,29.242181429682628,26.370936933436383,35.63852740490413,True,291,24.75342527847353,26.162208624703307,17.674290986791323,300.013,291,27.949592074593255
Region4_s0.2,Region4,0.2,41.20287814037771,27.83861046361174,291,41.43670681167295,35.69996693395056,True,291,35.225023310006144,39.342955192987944,41.43670681167295,35.69996693395056,True,291,35.225023310006144,39.342955192987944,27.87306963869548,4.48,291,41.72251359751486,41.33553483550111,35.24696205670828,True,291,35.212073297056016,39.16246438749697,27.83861046361174,2.268,291,41.72251359751486,41.43670681167295,35.49371745060759,True,291,35.232048692035754,39.121186221218636,27.83861046361174,300.01,291,41.72251359751486
Region4_s0.3,Region4,0.3,46.34950466200499,27.081844081844096,588,42.33551864808339,35.62268140428374,True,805,37.597860010387784,39.30142126390107,39.24091880337612,35.652025485541216,True,871,35.36646335148008,36.81399572651234,28.63718312937064,5.861,166,29.540727790727715,39.30719049464591,35.38544897270918,True,871,35.433062678087865,36.932410644909325,27.65199470668216,221.764,580,28.730380730380727,39.4049469049041,35.72931200941655,True,871,35.69029979277207,36.92020202021198,27.96716969373221,300.013,970,29.002266252266235
Region4_s0.4,Region4,0.4,45.26063519813306,29.064555814555604,869,45.35672429426751,35.42843301941696,True,869,38.00774087027844,42.29972804975609,43.92950336701957,35.609061689857676,True,871,34.76488021239154,41.65275835275342,29.34365894522139,5.679,755,29.53099909349919,43.7346218596354,35.70970947304375,True,871,34.3247241647554,41.481326081323765,29.064555814555604,11.702,869,29.064555814555604,43.68580031081348,35.571654608221785,True,871,34.637470215005685,41.46098808598456,29.064555814555604,300.015,869,29.064555814555604
Region4_s0.5,Region4,0.5,30.81649831649818,23.825369075369718,291,30.796263921260447,35.75287127337895,True,291,26.734461279488393,28.683378658361548,30.78880147629776,35.70286060994823,True,291,26.691984589511744,28.681886169369005,23.85066409285196,3.622,291,31.0132737632744,26.486256798738882,35.697487563463945,True,445,24.729019684041496,26.010994560976997,23.82536907536972,1.905,291,25.88835470085534,26.919013856499944,35.30318861377054,True,445,24.80563196067157,26.0923271173203,23.82536907536972,300.022,291,23.82600038850103
Region4_s0.6,Region4,0.6,30.72052253302176,18.792977855477908,291,30.720522532981757,35.62255513046468,True,452,24.6292877492923,28.120499870497948,26.395622895622466,35.638055148651375,True,870,23.26139018388146,25.793065268079246,19.117070140507835,2.727,649,19.108229733229756,27.175650738207143,35.85340206799176,True,455,23.11847513596776,25.770781533299,18.882753820253008,10.093,454,18.882753820253008,27.33449883449642,35.60333510791319,True,870,23.174880212375903,26.1811577311724,18.90706746956685,300.017,452,18.907067469566854
Region4_s0.7,Region4,0.7,47.2073297073305,32.301541051541,588,46.552366614969706,35.46304486199172,True,805,39.87647694890241,43.7985754985772,43.004597254484565,35.46759140620479,True,871,37.296908184417696,40.42984654230184,32.3800889504014,5.817,935,32.55720668220666,45.36200142441278,35.45085185705665,True,454,38.63765475268573,42.25857290850685,32.301541051541,2.934,588,32.301541051541,43.47340391080302,35.826148415736,True,871,38.63797461797344,42.10087736331911,32.301541051541,300.017,588,32.301541051541
Region4_s0.8,Region4,0.8,39.22424566174506,27.649297461797048,454,38.298886298861134,35.55031841658015,True,453,34.302437839977216,37.1712088836971,38.910483035507504,35.7106839839436,True,454,31.932143227121973,36.55762755764452,27.94533880471404,4.995,600,27.976997539497923,40.152891090478434,35.559824622892926,True,455,32.96232517481316,37.66620694123321,27.649297461797048,3.42,454,27.649297461797048,39.85215941474541,35.64703373297976,True,455,32.89331326083541,37.69190624192438,27.649297461797048,300.017,454,27.649297461797048
Region4_s0.9,Region4,0.9,34.860593110594166,24.125097125096904,870,34.86059311056364,35.55784533026487,True,453,31.27525770526303,33.025618363118866,31.118492618504572,35.36337980666696,True,455,28.439960502484848,30.739915177417316,24.35551427738917,3.801,293,24.42160385910392,37.25788332044999,35.68287364246118,True,455,28.9954370629251,32.03029331780735,24.125097125096904,6.264,870,24.125097125096904,31.37158443410339,35.577684533522465,True,871,28.701054131052103,30.754891867399305,24.125097125096904,300.014,870,24.125097125096904
Region5_s0,Region5,0.0,30.906824656824483,21.865562678062645,652,29.9111790986899,35.82886336106222,True,652,26.501798756787846,28.816873866878723,25.833074333055112,35.63457432925319,True,661,23.94393032893639,25.150777000763153,22.120938956876465,5.73,334,22.147031209531153,25.682595182601098,35.66092569417024,True,648,23.954517612004462,25.134285159273553,21.865562678062645,4.022,652,21.865562678062645,25.556623931600424,35.593583317160004,True,661,24.21158443410529,25.259181559170816,21.865562678062645,300.012,652,21.865562678062645
Region5_s0.1,Region5,0.1,32.49524087023987,22.569832944832864,653,31.31882931882362,35.59309555521347,True,340,26.639251489243296,29.994554519554498,25.4361078735883,35.757909390874836,True,888,24.46998575498739,25.194201631694778,22.924157439782423,3.877,354,22.95336376586375,25.30359686610108,35.951168254010746,True,373,24.296795519290267,25.054914529909798,22.569832944832864,1.688,653,22.569832944832864,25.480623543126473,35.89929790979245,True,349,24.360343175336244,25.12662198911799,22.569832944832864,300.02,653,22.569832944832864
Region5_s0.2,Region5,0.2,33.106546231546524,24.120645558145487,376,31.76421263922462,35.53785210531159,True,653,26.268047785544308,29.75899702150118,27.098711473717717,35.70517271670111,True,654,25.285196192689742,26.385923335931025,24.199213691401223,6.544,376,24.181980056979985,27.755568505580392,35.55144690498699,True,654,24.8684718984719,26.500861175866326,24.120645558145487,1.451,376,24.120645558145487,27.565996503508604,35.59223130401318,True,654,25.06093887593856,26.52329383580156,24.120645558145487,300.006,376,24.120645558145487
Region5_s0.3,Region5,0.3,32.06672494172414,22.397452084952093,654,31.58012820510428,35.7660041527725,True,654,27.50714322714531,29.13204804454473,26.974407536897616,35.62357677191374,True,870,24.63934602433879,26.22617845116898,22.721170033670024,4.021,673,22.721170033670024,27.12603600103644,35.52862518467456,True,353,25.149705387210545,26.27806915306013,22.397452084952093,1.599,654,22.397452084952093,27.76633320383397,35.838158993295664,True,371,25.168791116298223,26.817573167569563,22.397452084952093,300.009,654,22.397452084952093
Region5_s0.4,Region5,0.4,26.37205387205304,18.414351851851798,873,24.766106578641498,35.61126764333853,True,873,20.394195804205907,22.63662263661714,20.01016576015133,35.24610323988247,True,885,19.27520655269838,19.70451955451006,18.483320788008243,2.344,361,18.576194638694577,19.948167573148705,35.43726032164584,True,629,19.09955387205135,19.710295260282837,18.4143518518518,1.403,873,18.414351851851798,20.36970668218516,35.71165648277662,True,885,18.586723646720042,19.89593045841797,18.4143518518518,300.012,873,18.414351851851798
Region5_s0.5,Region5,0.5,32.262011137009736,21.627169127169097,879,30.18622118621978,35.785876230872844,True,335,26.780548433063757,28.66986531987486,26.711506086491628,35.421738657564276,True,659,24.59474876975083,25.653266640770447,21.874949414011898,3.029,524,21.912571225071233,26.50359362857662,35.56856495076509,True,659,24.45905011654548,25.588076275569286,21.627169127169097,3.421,879,21.627169127169097,26.540015539999917,35.52025031582294,True,659,24.382258482255985,25.522976560469278,21.627169127169097,300.01,879,21.627169127169097
Region5_s0.6,Region5,0.6,30.34026159026153,23.219340844340806,347,31.009518259507047,35.6285316051998,True,347,27.266364931367875,29.026851851849052,26.04388435638801,35.90859197609259,True,342,24.823257575745185,25.72731157730754,23.40028490028489,4.855,341,23.493120305620252,26.722869722870307,35.56954951065777,True,343,25.037774540263918,26.086839549335156,23.21934084434081,1.634,347,23.219340844340806,27.724342786842517,35.55951000520381,True,343,25.003128075617568,26.151952214445373,23.21934084434081,300.005,347,23.219340844340806
Region5_s0.7,Region5,0.7,24.590941465941405,16.157714970214993,158,25.566870629372968,35.249234476180916,True,372,21.25286065786053,23.67723711474073,24.576275576277094,35.40589495172598,True,372,21.1713759388622,23.147251359755796,16.384087266899762,1.99,372,23.061366873866852,21.771189458688774,35.63115974766996,True,662,19.91287555036942,21.302978502985027,16.157714970214993,2.002,158,19.369010619010638,20.93675537424731,35.36991951541924,True,663,19.500531598022107,20.562635975124557,16.157714970214993,300.024,158,16.56340650090652
Region5_s0.8,Region5,0.8,22.216718466718056,14.499384874384832,347,21.877784252781552,35.75008157152777,True,347,18.68510230509815,20.4895849520945,20.313681688678447,35.88436085570624,True,347,18.13966783216729,19.82092074592151,14.604850589225588,1.977,347,19.248607873607835,19.05966718465556,35.67938624745873,True,880,16.60687192436866,18.42807886557483,14.499384874384832,1.037,352,16.980866355866297,17.711570836562863,35.87704033398312,True,880,16.410286842785474,17.352826340323155,14.499384874384832,300.018,347,14.499384874384832
Region5_s0.9,Region5,0.9,31.746163558662165,21.470344470344408,382,29.378367003372603,35.60406676549423,True,370,27.039647759645845,28.741423853928072,26.31818181818083,35.71010283197864,True,383,24.40171069670884,25.57286324785966,21.842693764568768,3.909,219,22.018308080808186,26.071322196322118,35.59277298326512,True,383,24.668396140893226,25.89901256151363,21.470344470344408,1.983,382,21.470344470344408,26.364850427355613,35.616824556530815,True,371,24.77104182852974,25.929458041963045,21.470344470344408,300.011,382,21.470344470344408
Region6_s0,Region6,0.0,36.81345506345224,20.881798756798727,806,35.55639730640897,35.4880148446598,True,816,29.444633514648206,32.786221186237675,27.97439134939463,35.32864222897452,True,816,26.494614737109675,27.67164918415656,22.985346250971308,3.891,525,22.774928774928874,27.75801282053778,35.66600184721646,True,539,26.03255957005702,27.388723776230485,21.874326194638712,295.671,806,22.43034511784507,27.772646335144994,35.60137436920235,True,154,26.33895169644522,27.474310411812795,22.169877865190376,300.008,748,22.69209725459726
Region6_s0.1,Region6,0.1,31.556445868943683,20.055604118104146,817,30.90125615128896,35.68375067344405,True,817,27.4058398083533,29.016213416228975,26.535968660977215,35.63648410337408,True,810,23.432511655006678,24.760589873101335,21.234540922040864,5.985,196,21.41792929292936,26.033152033162587,35.642340138603984,True,810,23.437855477859173,24.730361305367826,20.35322172040924,188.459,266,20.618087930587922,26.178839678849457,35.58127005692066,True,810,23.28181753431775,24.859987697495054,20.616669499482,300.019,817,20.917071354571384
Region6_s0.2,Region6,0.2,31.292427479926303,21.08603664853674,728,30.615595053107974,35.47434368040904,True,799,27.717422299923676,29.77810800312304,26.615611240620858,35.665496604421364,True,805,24.935512173017294,26.107578995088346,22.961309812872344,5.869,280,23.000291375291418,26.145800958307447,35.55193419989325,True,805,24.872526547519975,25.835748510752406,21.983820577570626,295.719,822,22.336117586117563,26.48640248642769,35.57619430841123,True,813,24.99556656305778,26.08574203574907,22.320816336441368,300.014,625,22.61190429940436
Region6_s0.3,Region6,0.3,34.48297073297184,20.355445480445447,808,31.96417702668828,35.61983035446846,True,815,28.55652162652606,30.675896788417,26.915743978242464,35.622340398829316,True,811,24.670450174823657,26.18751942501902,22.10587647306401,5.492,148,22.00424112924119,27.12417443667745,35.25838396650597,True,808,24.735538558656263,26.23289627039711,21.21227094664597,293.388,440,21.64484589484591,27.135683760687034,35.72316051399015,True,808,24.744692275315746,26.275993913502244,21.52122992747992,300.018,443,21.809731934731932
Region6_s0.4,Region6,0.4,35.16054778554934,21.215795778295746,782,34.25430587932017,35.57900319730429,True,779,28.44776353277304,31.702227402226406,28.119933307436895,35.88706371687042,True,806,24.90553872054309,26.487056462051612,23.13762019230768,3.417,276,22.485706423206427,28.089711214717127,35.486354989451065,True,806,24.746803289319228,26.52499352498873,21.525116954804467,187.789,557,21.72575110075117,27.715876715894357,35.664122431155896,True,806,25.12281986533792,26.425595700600798,21.751145266770248,300.022,152,22.02398989899005
Region6_s0.5,Region6,0.5,35.923659673659145,23.6721056721057,805,34.554033929044564,35.66675088090322,True,795,29.064948847459096,32.375518000534,29.309489121997274,35.336307601701236,True,805,25.882313519838824,27.572193084685324,24.07067874255376,2.637,483,24.187402874902876,29.72249741000083,35.61530211717937,True,795,25.60226819478413,27.880163817666325,23.6721056721057,4.563,805,23.6721056721057,29.205646205641468,35.688083295130184,True,795,25.67398601399881,27.814886039885142,23.6721056721057,300.009,805,23.6721056721057
Region6_s0.6,Region6,0.6,32.566676379177444,20.076356513856457,809,32.63974682729061,35.57654015668452,True,809,27.631852499360367,29.621066433580367,26.655772468254103,35.50835461168541,True,320,23.880452602952527,25.5390960890875,21.34027373089892,3.029,700,22.077570577570484,27.30086117583983,35.34542044127342,True,320,24.184127169121396,25.69467430716309,20.4316563066563,158.269,780,20.79945286195293,26.786535224017726,35.423018101379775,True,320,24.18978114477231,26.074339549337665,20.67810719373216,300.009,806,21.07349132349132
Region6_s0.7,Region6,0.7,32.897597772598935,21.26131507381505,775,32.89759777260946,35.556551144844015,True,805,28.27448264699931,30.784612147135277,27.899507899532082,35.8989418308134,True,805,25.507121212116108,26.438069800569455,22.99615141802641,3.305,895,23.19628982128984,27.898876586401975,35.55466872812213,True,805,25.457562160061745,26.443884356381705,21.68017514892514,215.425,247,22.17383773633781,27.88926120178058,35.63686759164441,True,805,25.488614996122827,26.531193343687512,21.96069671069688,300.006,817,22.570059570059517
Region6_s0.8,Region6,0.8,33.498462185960946,22.87765475265473,815,35.71181364934419,35.60779471116197,True,815,29.010881248396064,31.825721963238497,28.418544418552,35.74353787255118,True,815,25.361013338512446,27.13095700596695,23.038908718596225,2.18,789,23.050375550375563,28.413234913241713,35.71634740879063,True,815,25.019780497290473,26.806105931113194,22.87765475265473,8.263,815,22.87765475265473,28.307384744891806,35.84079606984853,True,815,24.79010165758892,26.958113183116406,22.87765475265473,300.012,815,22.87765475265473
Region6_s0.9,Region6,0.9,38.43533087283252,21.8359718984719,776,33.621730121741095,35.40008098331141,True,776,29.32604506607024,32.231316368828985,29.67111823359034,35.72865738370361,True,269,25.69289562287723,27.49295519294858,22.628476269101306,3.333,194,22.69978632478637,29.27010489507977,35.763585619773316,True,269,26.016835016835017,27.29541569540814,21.962165727790733,124.351,781,22.158572908572875,29.64279008025983,35.69059188092107,True,269,26.056166796166526,27.65027842526327,22.09673862017615,300.025,793,22.375582750582726
Region7_s0,Region7,0.0,34.480154105153815,24.087525900025927,647,34.52162652162003,35.548695295702295,True,660,29.36608067858464,32.21165177414901,28.141543641513383,35.84443942474211,True,660,26.31066045065356,27.245817145802466,24.40604360916865,6.313,258,24.398779461279535,27.853616291115145,35.51230245379782,True,647,26.03674242424825,27.277761590244992,24.087525900025927,9.078,647,24.087525900025927,28.271416083902697,35.325318541943794,True,660,26.052933825419835,27.446639471626163,24.087525900025927,300.009,647,24.087525900025927
Region7_s0.1,Region7,0.1,33.06827894327937,23.11664724164724,299,33.67582880087883,35.526804522159885,True,621,28.716970344467942,31.707417119942935,27.626586376582225,35.521785105382655,True,300,25.387312872305085,26.583776871278054,23.406818586506137,9.549,273,23.41731416731421,27.420826858322773,35.484766906650556,True,300,25.1879182854232,26.298802123800737,23.116647241647247,31.444,299,23.116647241647247,27.52730833980384,35.592266082629635,True,300,25.46504208754342,26.42536260036166,23.1342552123802,300.023,299,23.116647241647247
Region7_s0.2,Region7,0.2,36.28669709919702,25.41197228697224,657,35.27735690236913,35.650736099933575,True,657,29.843701113690575,32.18745143744685,28.406857031839117,35.8084299713725,True,297,26.906131183639744,27.85293965293657,25.594375242812795,15.325,756,25.58747733747734,27.97599391347679,35.60116919339375,True,297,26.918250453255055,27.661985236975564,25.41197228697224,3.497,657,25.411972286972233,27.592430717420395,35.615809207983574,True,297,26.178139083144824,27.157757057753532,25.41197228697224,300.018,657,25.411972286972233
Region7_s0.3,Region7,0.3,31.49155011654842,21.453007640507725,185,31.228357290826935,35.62871245712373,True,252,27.41515928517553,29.863063325561995,26.87512950010134,35.76361582866226,True,636,24.110147630153147,25.417845117832442,22.70463246244536,10.392,880,22.60013597513597,26.676201113675514,35.766753116372456,True,636,23.97968207717718,25.33332038330829,21.798497798497834,192.559,588,21.88357938357942,26.532035094509897,35.7326612565883,True,636,23.972155529666082,25.532323232311295,22.016464727402266,300.023,272,22.121713934213936
Region7_s0.4,Region7,0.4,32.42764180264303,23.87657018907011,303,33.827602952608565,35.6830031020878,True,659,28.23170681171532,30.43611434861485,27.22732128980262,35.37994719423353,True,660,25.407997928000864,26.330931105920392,24.10144311706813,5.667,269,24.088723776223823,27.51201113701679,35.81894950657729,True,633,25.66155853404602,26.496513209009972,23.87657018907011,2.127,303,23.87657018907011,27.17979474229853,35.73278040096241,True,633,25.577468272466817,26.55451955451545,23.87657018907011,300.013,303,23.87657018907011
Region7_s0.5,Region7,0.5,32.617699430200325,22.771399896399664,877,31.52314814815327,35.367220767486806,True,657,28.70818699816301,30.540183890194907,26.795454545429546,35.61338709812353,True,622,25.048362470854627,26.06888759387929,23.369876651126724,7.325,225,23.3523374773375,26.436949624439876,35.86624614123296,True,631,24.876893939394655,25.88984395233385,22.866256717819013,62.661,877,22.860431235431,26.397371147361863,35.66483732525746,True,631,24.909836829830876,25.799624449617838,22.896235997798264,300.023,877,22.860431235431
Region7_s0.6,Region7,0.6,34.18053936803954,22.388209013208932,660,34.911130536127324,35.560806379290725,True,660,27.373533411045997,30.90157342658846,26.731999481981987,35.31569357720802,True,664,24.73338189587535,25.865054390040196,22.963875534188123,7.365,168,22.97408378658381,26.65826534575688,35.56854458208685,True,661,24.486103341097092,25.8709207459076,22.482667217042163,92.5,660,22.448280885780804,26.72049015797239,35.513958881281745,True,664,24.762270784771303,25.954843304829723,22.56173716329964,300.018,814,22.490530303030383
Region7_s0.7,Region7,0.7,27.86075498575468,21.16961279461274,590,28.694412069430403,35.64595202837805,True,660,26.04469243718271,27.560369722882612,24.02285677285194,35.51627638481038,True,638,23.109062419048904,23.74194509193856,21.40683072714325,5.351,482,21.59335340585343,24.861078736071924,35.27135674187854,True,638,22.73065527064175,23.900679875674555,21.16961279461274,8.075,590,21.16961279461274,24.960065397566368,35.80720996578236,True,579,22.717432012424595,23.765595053090173,21.16961279461274,300.016,590,21.16961279461274
Region7_s0.8,Region7,0.8,32.92310929810827,23.498947811447753,638,34.00577894328089,35.64305493972275,True,638,27.853344340845418,31.174109686630633,26.609524734533768,35.49497619864303,True,648,25.530343822842948,26.220626133123524,23.961257203444667,6.387,613,23.92624967624957,26.123899248908078,35.50145987233437,True,648,25.349911939904693,25.82263662263139,23.498947811447756,11.914,638,23.498947811447753,26.254030691539487,35.47887158979679,True,648,24.980014245016015,25.83464128463388,23.50704156954151,300.019,638,23.50704156954151
Region7_s0.9,Region7,0.9,32.16129241129313,22.777227402227304,637,32.16548497798044,35.44979343786654,True,297,29.269267676790722,30.206497668996235,29.528668091142272,35.39227563035334,True,644,26.423418803399272,27.689536389535377,23.404173951049007,7.695,874,23.449316886816955,29.405999093474595,35.92290354912062,True,644,26.24583268583087,27.59792799792788,22.872743864931284,96.791,637,22.808971121471018,30.643826081298236,35.48451327803815,True,644,26.268088578084203,28.017200854702224,22.958323216135657,300.02,660,22.99256993006989
