key,p100,n_label,zero_value_added,zv_share_labels,adm_k0,adm_all
Region6_s0_C2_rep1,43.20473970470732,1223,19,0.01553556827473426,0.010630960991774463,0.3030546289441066
Region6_s0_JUNK10_rep1,43.38495532242295,1311,94,0.07170099160945843,0.0037342932597688775,0.3428596384690253
Region6_s0_L5_rep1,43.27973646720524,1337,79,0.059087509349289455,0.009924473077764133,0.3490404372312018
Region6_s0_L5_rep2,43.209045584014206,1308,67,0.05122324159021407,0.011118774075257784,0.3466779246491586
Region6_s0_P0_rep1,42.9379046878698,1678,605,0.3605482717520858,0.03823445306060657,0.33990649774147125
Region6_s0_PW4_rep1,42.80777324523839,1794,735,0.4096989966555184,0.030934077949166514,0.3454010032359767
Region6_s0_R0_rep1,43.26696451693124,1286,0,0.0,0.0020185368971723664,0.33524386287444574
Region6_s0_SAT12_rep1,43.32425213671816,1262,14,0.011093502377179081,0.005281838214267692,0.33106371297135867
Region6_s0_T2_rep1,42.32708495205391,1438,172,0.11961057023643949,0.013860620027250248,0.3383633777274958
Region6_s0_T2_rep2,43.03376715873557,1411,162,0.11481218993621545,0.014247506265874952,0.3492442455349344
Region6_s0_T5_rep1,43.066773504241,1315,9,0.006844106463878327,0.006375212366902723,0.3438537238688639
Region6_s0_T5_rep3,42.90768259515002,1323,17,0.012849584278155708,0.005079984524550455,0.3251116786317392
Region6_s0_T5c_rep1,43.0546328671013,1301,0,0.0,0.0060724318323268685,0.338937368460457
Region6_s0_TK10_rep1,42.948151385619184,1334,12,0.008995502248875561,0.004743561708355061,0.34036402658658527
Region6_s0_TK10_rep2,43.26696451693124,1323,9,0.006802721088435374,0.0030782687681878587,0.32806481935929327
Region6_s0_TK10_rep3,42.98115773112461,1314,6,0.0045662100456621,0.004255748624871739,0.3372445117335352
Region7_s0_C2_rep1,38.89126845371248,2337,40,0.017115960633290545,0.14254433456050433,0.36418969198912904
Region7_s0_JUNK10_rep1,39.50891932135989,2407,110,0.045700041545492315,0.12122524603575639,0.3452099779992235
Region7_s0_L5_rep1,39.20945027192391,2695,548,0.20333951762523192,0.20178541350850598,0.39006891419697165
Region7_s0_L5_rep2,39.23462185956496,2614,524,0.20045906656465187,0.20513005606487164,0.3853007312022777
Region7_s0_P0_rep1,38.71283346278123,3131,1385,0.4423506866815714,0.27891672080656416,0.42495874854406623
Region7_s0_PW4_rep1,40.25707394451829,2365,0,0.0,0.05628143121826801,0.31197829041024977
Region7_s0_R0_rep1,40.17487373731978,2361,0,0.0,0.060131379484588174,0.3170861912773392
Region7_s0_SAT12_rep1,39.366388241353015,2413,137,0.05677579776212184,0.14714021030342406,0.37045020706613174
Region7_s0_T2_rep1,39.22589678835156,2857,749,0.2621631081554078,0.2200967299501913,0.4004060437427203
Region7_s0_T2_rep2,39.295956358401966,2827,763,0.26989741775733994,0.2177626988137347,0.39361977481558175
Region7_s0_T2_rep3,39.54534123278529,2836,753,0.2655148095909732,0.21060420125604562,0.39622023424356156
Region7_s0_T5_rep1,39.25801282047216,2553,243,0.09518213866039953,0.16817055270819797,0.37849828523359647
Region7_s0_T5c_rep1,39.89994496238633,2380,0,0.0,0.1481989460766621,0.3640036560113886
