solver,budget,instance,obj,sd,n,ratio,wall,over
cpsat,1.0,full_Region6_s0,25.428137545325043,0.0,3,-4.599117881926751,0.88,0
cpsat,1.0,full_Region6_s0.1,23.73589864996117,0.0,3,-7.2290867920483,0.82,0
cpsat,1.0,full_Region6_s0.2,25.069881507381535,0.0,3,-5.473534657886603,0.916,0
cpsat,1.0,full_Region6_s0.3,24.67116881960635,0.0,3,-5.637449104604708,0.855,0
cpsat,1.0,full_Region7_s0,24.38105817793324,0.0,3,-11.063641241155707,0.746,0
cpsat,1.0,full_Region7_s0.1,23.439284673659685,0.0,3,-14.776389847251428,0.697,0
cpsat,1.0,full_Region7_s0.2,25.581941206941153,0.14719740254688368,3,-6.842899924791042,0.837,0
cpsat,1.0,full_Region7_s0.3,25.159782925408155,0.0,3,-6.6110376108240665,0.806,0
cpsat,3.0,full_Region6_s0,22.806750733834093,0.033728990203099524,3,-14.43399523946636,2.945,0
cpsat,3.0,full_Region6_s0.1,21.092366641845818,0.012024043536442446,3,-17.56123735032148,2.943,0
cpsat,3.0,full_Region6_s0.2,22.78663032569284,0.027024471280318957,3,-14.082576692237168,2.943,0
cpsat,3.0,full_Region6_s0.3,22.074334423292783,0.030460500129132886,3,-15.569849133188448,2.942,0
cpsat,3.0,full_Region7_s0,24.29225278964866,0.0273652471985045,3,-11.387582384913934,2.428,0
cpsat,3.0,full_Region7_s0.1,23.379967544030066,0.035989389843791145,3,-14.992062808321593,2.462,0
cpsat,3.0,full_Region7_s0.2,25.41197228697224,0.0,3,-7.46184481091733,2.136,0
cpsat,3.0,full_Region7_s0.3,22.572313681688723,0.009374576750401976,3,-16.21529646318631,2.944,0
cpsat,10.0,full_Region6_s0,22.45526714797549,0.024659135570769406,3,-15.752685768065406,9.9,0
cpsat,10.0,full_Region6_s0.1,20.76359953703705,0.024014749371185588,3,-18.846211852261973,9.884,0
cpsat,10.0,full_Region6_s0.2,22.563112427695803,0.0035590364767144615,3,-14.92535518052552,9.891,0
cpsat,10.0,full_Region6_s0.3,21.746815106190127,0.03715090267561549,3,-16.822548527177585,9.887,0
cpsat,10.0,full_Region7_s0,24.142744215660912,0.0011254477827716985,3,-11.932954455176763,6.332,0
cpsat,10.0,full_Region7_s0.1,23.26660434472935,0.14112354568330213,3,-15.404243522766762,6.259,0
cpsat,10.0,full_Region7_s0.2,25.41197228697224,0.0,3,-7.46184481091733,2.123,0
cpsat,10.0,full_Region7_s0.3,22.214843412760164,0.04964973730147674,3,-17.542167112237266,9.89,0
eim,1.0,full_Region6_s0,23.524409425451122,0.2089089079624184,3,-11.741494771513127,1.194,0
eim,1.0,full_Region6_s0.1,22.006249730208072,0.2132785023341511,3,-13.98935789789518,1.146,0
eim,1.0,full_Region6_s0.2,23.703100718725732,0.1380036589852132,3,-10.627007633460844,1.209,0
eim,1.0,full_Region6_s0.3,22.908597864326993,0.09398306025168818,3,-12.378949383347797,1.112,0
eim,1.0,full_Region7_s0,24.515032132219673,0.1943508143985618,3,-10.574935805329163,1.066,0
eim,1.0,full_Region7_s0.1,23.6828332739791,0.12871739239957178,3,-13.890864061978874,1.146,0
eim,1.0,full_Region7_s0.2,25.41197228697224,0.0,3,-7.461844810917317,1.208,0
eim,1.0,full_Region7_s0.3,23.23144101269105,0.15789604348000819,3,-13.768724578717022,1.199,0
eim,3.0,full_Region6_s0,22.29231686523355,0.03673251897919081,3,-16.364040047837616,3.056,0
eim,3.0,full_Region6_s0.1,20.708787932746286,0.02322561154560239,3,-19.060441052488837,3.04,0
eim,3.0,full_Region6_s0.2,22.462606163127006,0.03672568762811123,3,-15.304315963871469,3.051,0
eim,3.0,full_Region6_s0.3,21.61540619873954,0.018838019437046213,3,-17.32516272466788,3.063,0
eim,3.0,full_Region7_s0,24.13089225589228,0.001661227828743014,3,-11.976187613404997,3.021,0
eim,3.0,full_Region7_s0.1,23.186951647889146,0.014025184790295353,3,-15.693855192987764,3.035,0
eim,3.0,full_Region7_s0.2,25.41197228697224,0.0,3,-7.46184481091733,3.043,0
eim,3.0,full_Region7_s0.3,22.111707351290804,0.023650127807443723,3,-17.924991153052144,3.064,0
eim,10.0,full_Region6_s0,22.241289767331434,0.020233194725842257,3,-16.555482702381624,10.075,0
eim,10.0,full_Region6_s0.1,20.610029245445915,0.023730603730393852,3,-19.446435859055338,10.04,0
eim,10.0,full_Region6_s0.2,22.388542206250573,0.019752870243437533,3,-15.583575522825456,10.056,0
eim,10.0,full_Region6_s0.3,21.545027599715137,0.0056882656783170974,3,-17.594347544444616,10.062,0
eim,10.0,full_Region7_s0,24.129633002028864,0.0038423194998144297,3,-11.980781074958154,10.059,0
eim,10.0,full_Region7_s0.1,23.167267628205128,0.0023617318797499514,3,-15.765424920611542,10.057,0
eim,10.0,full_Region7_s0.2,25.41197228697224,0.0,3,-7.46184481091733,10.054,0
eim,10.0,full_Region7_s0.3,22.050905691530733,0.015451576037769331,3,-18.1506768806821,10.038,0
greedy,1.0,full_Region6_s0,33.30810711279461,,1,24.96482664449331,0.051,0
greedy,1.0,full_Region6_s0.1,31.00620588901841,,1,21.18664971813542,0.051,0
greedy,1.0,full_Region6_s0.2,29.896430247992733,,1,12.725059225258484,0.05,0
greedy,1.0,full_Region6_s0.3,31.910011574074097,,1,22.049754239380405,0.051,0
greedy,1.0,full_Region7_s0,32.48943157536906,,1,18.513795478867358,0.152,0
greedy,1.0,full_Region7_s0.1,33.023324187386606,,1,20.07051177873034,0.123,0
greedy,1.0,full_Region7_s0.2,34.53615481740475,,1,25.7640303568885,0.12,0
greedy,1.0,full_Region7_s0.3,30.52614283864288,,1,13.308004838375798,0.073,0
greedy,3.0,full_Region6_s0,33.30810711279461,,1,24.96482664449331,0.054,0
greedy,3.0,full_Region6_s0.1,31.00620588901841,,1,21.18664971813542,0.056,0
greedy,3.0,full_Region6_s0.2,29.896430247992733,,1,12.725059225258484,0.062,0
greedy,3.0,full_Region6_s0.3,31.910011574074097,,1,22.049754239380405,0.077,0
greedy,3.0,full_Region7_s0,32.48943157536906,,1,18.513795478867358,0.135,0
greedy,3.0,full_Region7_s0.1,33.023324187386606,,1,20.07051177873034,0.075,0
greedy,3.0,full_Region7_s0.2,34.53615481740475,,1,25.7640303568885,0.072,0
greedy,3.0,full_Region7_s0.3,30.52614283864288,,1,13.308004838375798,0.061,0
greedy,10.0,full_Region6_s0,33.30810711279461,,1,24.96482664449331,0.062,0
greedy,10.0,full_Region6_s0.1,31.00620588901841,,1,21.18664971813542,0.059,0
greedy,10.0,full_Region6_s0.2,29.896430247992733,,1,12.725059225258484,0.05,0
greedy,10.0,full_Region6_s0.3,31.910011574074097,,1,22.049754239380405,0.05,0
greedy,10.0,full_Region7_s0,32.48943157536906,,1,18.513795478867358,0.118,0
greedy,10.0,full_Region7_s0.1,33.023324187386606,,1,20.07051177873034,0.057,0
greedy,10.0,full_Region7_s0.2,34.53615481740475,,1,25.7640303568885,0.069,0
greedy,10.0,full_Region7_s0.3,30.52614283864288,,1,13.308004838375798,0.064,0
lp,1.0,full_Region6_s0,25.428137545325043,,1,-4.599117881926751,0.691,0
lp,1.0,full_Region6_s0.1,23.73589864996117,,1,-7.2290867920483,0.666,0
lp,1.0,full_Region6_s0.2,25.06988150738153,,1,-5.473534657886603,0.69,0
lp,1.0,full_Region6_s0.3,24.67116881960635,,1,-5.637449104604708,0.69,0
lp,1.0,full_Region7_s0,24.308424792799872,,1,-11.328590725749333,0.365,0
lp,1.0,full_Region7_s0.1,23.767816385003925,,1,-13.581871376221422,0.361,0
lp,1.0,full_Region7_s0.2,25.728094243719195,,1,-6.310681006637431,0.273,0
lp,1.0,full_Region7_s0.3,22.681646189458903,,1,-15.809472236231137,0.703,0
lp,3.0,full_Region6_s0,23.06459425990673,,1,-13.466621998232398,0.83,0
lp,3.0,full_Region6_s0.1,21.22322180134673,,1,-17.04979462704831,0.808,0
lp,3.0,full_Region6_s0.2,22.961309812872344,,1,-13.423944361406658,0.83,0
lp,3.0,full_Region6_s0.3,22.130161794224293,,1,-15.35632000656294,0.876,0
lp,3.0,full_Region7_s0,24.308424792799872,,1,-11.328590725749333,0.405,0
lp,3.0,full_Region7_s0.1,23.767816385003925,,1,-13.581871376221422,0.394,0
lp,3.0,full_Region7_s0.2,25.728094243719195,,1,-6.310681006637431,0.268,0
lp,3.0,full_Region7_s0.3,22.681646189458903,,1,-15.809472236231137,0.705,0
lp,10.0,full_Region6_s0,23.06459425990673,,1,-13.466621998232398,0.904,0
lp,10.0,full_Region6_s0.1,21.22322180134673,,1,-17.04979462704831,0.857,0
lp,10.0,full_Region6_s0.2,22.961309812872344,,1,-13.423944361406658,0.866,0
lp,10.0,full_Region6_s0.3,22.130161794224293,,1,-15.35632000656294,0.925,0
lp,10.0,full_Region7_s0,24.308424792799872,,1,-11.328590725749333,0.389,0
lp,10.0,full_Region7_s0.1,23.767816385003925,,1,-13.581871376221422,0.367,0
lp,10.0,full_Region7_s0.2,25.728094243719195,,1,-6.310681006637431,0.255,0
lp,10.0,full_Region7_s0.3,22.681646189458903,,1,-15.809472236231137,0.698,0
ls,1.0,full_Region6_s0,22.66998038612618,0.0672654974584562,3,-14.947128055256462,1.027,0
ls,1.0,full_Region6_s0.1,20.958600427350444,0.06827886721402547,3,-18.084057828202436,1.054,0
ls,1.0,full_Region6_s0.2,22.810326151472,0.05663444370258146,3,-13.993231130168715,1.059,0
ls,1.0,full_Region6_s0.3,22.036781409177138,0.06572972579944233,3,-15.713482304023339,1.046,0
ls,1.0,full_Region7_s0,24.255414724164748,0.0215747209332848,3,-11.521958972835156,1.069,0
ls,1.0,full_Region7_s0.1,23.305968337218303,0.019892677544160756,3,-15.261118781690328,1.101,0
ls,1.0,full_Region7_s0.2,25.41197228697224,0.0,3,-7.4618448109173245,1.093,0
ls,1.0,full_Region7_s0.3,22.48789106341218,0.08489947234953385,3,-16.528659290933987,1.051,0
ls,3.0,full_Region6_s0,22.361995354182834,0.03064260284205715,3,-16.102621400932495,3.03,0
ls,3.0,full_Region6_s0.1,20.74730342959511,0.00849450090130747,3,-18.909904606912573,3.021,0
ls,3.0,full_Region6_s0.2,22.495358229733228,0.005832966906670424,3,-15.180823673410352,3.033,0
ls,3.0,full_Region6_s0.3,21.679730666709613,0.023730648761549827,3,-17.07913381022823,3.022,0
ls,3.0,full_Region7_s0,24.165943624276988,0.007263094196307743,3,-11.848328475753954,3.046,0
ls,3.0,full_Region7_s0.1,23.240985576923077,0.004098793295162332,3,-15.497391582125813,3.028,0
ls,3.0,full_Region7_s0.2,25.41197228697224,0.0,3,-7.46184481091733,3.035,0
ls,3.0,full_Region7_s0.3,22.313276326297213,0.02440176323660609,3,-17.176800380440667,3.034,0
ls,10.0,full_Region6_s0,22.202593509885173,0.008899926250315904,3,-16.700662705772,10.011,0
ls,10.0,full_Region6_s0.1,20.61271502417338,0.00766501762559852,3,-19.435938588701443,10.016,0
ls,10.0,full_Region6_s0.2,22.293222691660215,0.011278347149368498,3,-15.942979566665857,10.013,0
ls,10.0,full_Region6_s0.3,21.502148892773665,0.019031149432230398,3,-17.758350482273695,10.01,0
ls,10.0,full_Region7_s0,24.129127142147997,0.0038423194998131478,3,-11.982626332679038,10.013,0
ls,10.0,full_Region7_s0.1,23.204228449020093,0.03515140830020226,3,-15.631037944732547,10.015,0
ls,10.0,full_Region7_s0.2,25.41197228697224,0.0,3,-7.46184481091733,10.013,0
ls,10.0,full_Region7_s0.3,22.10560803008725,0.005857957135351008,3,-17.94763082685884,10.011,0
milp,1.0,full_Region6_s0,25.40741280324612,0.01808106954028746,3,-4.676872639721123,0.893,0
milp,1.0,full_Region6_s0.1,22.9053010068635,1.4386373184921308,3,-10.47544805247058,0.874,0
milp,1.0,full_Region6_s0.2,25.068464425235277,0.0015191386888126824,3,-5.478877793088315,0.888,0
milp,1.0,full_Region6_s0.3,23.816675030216732,1.4695616235938338,3,-8.905726107638229,0.886,0
milp,1.0,full_Region7_s0,24.315071117154517,0.09455673793030568,3,-11.304346499640745,0.864,0
milp,1.0,full_Region7_s0.1,23.37851066757318,0.08768736497528425,3,-14.997359909872728,0.881,0
milp,1.0,full_Region7_s0.2,25.67635354614517,0.01632956581589492,3,-6.4990956895918615,0.717,0
milp,1.0,full_Region7_s0.3,24.325450012950245,1.42357587052831,3,-9.707943701492143,1.061,0
milp,3.0,full_Region6_s0,22.598998802123834,0.1732797822570058,3,-15.213435633461557,2.861,0
milp,3.0,full_Region6_s0.1,21.119135397781225,0.1086558098376094,3,-17.45661262259613,2.849,0
milp,3.0,full_Region6_s0.2,23.122927997928,0.26516499528753895,3,-12.81455991881086,3.137,0
milp,3.0,full_Region6_s0.3,22.083780513468042,0.052987560216833804,3,-15.533719626254944,2.859,0
milp,3.0,full_Region7_s0,24.230564188897574,0.0956181468938019,3,-11.6126078734588,2.221,0
milp,3.0,full_Region7_s0.1,23.3544405054822,0.09602007633672958,3,-15.084877346471826,2.647,0
milp,3.0,full_Region7_s0.2,25.67163960653539,0.008164782907948741,3,-6.516261585659881,1.588,0
milp,3.0,full_Region7_s0.3,22.493841999050513,0.09046397056455245,3,-16.506570399859044,2.848,0
milp,10.0,full_Region6_s0,22.400394840499075,0.01696991757500599,3,-15.95855481874887,9.717,0
milp,10.0,full_Region6_s0.1,20.846681963869475,0.0732162340249125,3,-18.5214871505583,10.06,0
milp,10.0,full_Region6_s0.2,22.70454545454548,0.00972905494332879,3,-14.39207926110005,9.718,0
milp,10.0,full_Region6_s0.3,21.872993422472614,0.08370097507254033,3,-16.339940350841832,9.719,0
milp,10.0,full_Region7_s0,24.267720608866483,0.041946297872833826,3,-11.477070003345354,7.138,0
milp,10.0,full_Region7_s0.1,23.484045853837532,0.09597990650643543,3,-14.613641306817478,7.44,0
milp,10.0,full_Region7_s0.2,25.63808963027708,0.19717575740286591,3,-6.6384344290158195,5.457,0
milp,10.0,full_Region7_s0.3,22.379950007554296,0.022699141932547913,3,-16.92931867800604,10.547,0
mq,1.0,full_Region6_s0,25.335649497107813,0.027863301253106595,3,-4.946113070606032,0.926,0
mq,1.0,full_Region6_s0.1,22.892653160882347,1.4459101557729577,3,-10.524881707336094,0.919,0
mq,1.0,full_Region6_s0.2,25.007778776007935,0.005157796297073093,3,-5.707694188441567,0.958,0
mq,1.0,full_Region6_s0.3,23.81054670638005,1.4693501671708527,3,-8.929165786324338,0.943,0
mq,1.0,full_Region7_s0,24.330248262539982,0.0741909229404374,3,-11.248983847327388,1.424,0
mq,1.0,full_Region7_s0.1,23.44176675947509,0.02947337490463539,3,-14.76736515571997,0.939,0
mq,1.0,full_Region7_s0.2,25.614320286195237,0.08863648200283586,3,-6.724990923983968,0.938,0
mq,1.0,full_Region7_s0.3,24.301521491625895,1.4159760268797335,3,-9.79676242399915,0.94,0
mq,3.0,full_Region6_s0,22.566065300440314,0.032944862550246666,3,-15.33699502141298,2.906,0
mq,3.0,full_Region6_s0.1,20.866705921393446,0.01676191201967579,3,-18.443224226835422,2.905,0
mq,3.0,full_Region6_s0.2,22.640753151169818,0.015312958285511557,3,-14.632609355043959,2.91,0
mq,3.0,full_Region6_s0.3,21.757320804195814,0.035369530306732976,3,-16.782366220858723,2.904,0
mq,3.0,full_Region7_s0,24.161787479495842,0.0232942541468611,3,-11.863489113188644,2.907,0
mq,3.0,full_Region7_s0.1,23.228051077009408,0.00613247950539904,3,-15.544420524924638,2.904,0
mq,3.0,full_Region7_s0.2,25.41197228697224,0.0,3,-7.46184481091733,2.906,0
mq,3.0,full_Region7_s0.3,22.262471132262874,0.009541136452400312,3,-17.365380876898612,2.907,0
mq,10.0,full_Region6_s0,22.445984281921795,0.06635775525260124,3,-15.787513077321854,9.906,0
mq,10.0,full_Region6_s0.1,20.758551055426068,0.013291727034252299,3,-18.86594366255789,9.908,0
mq,10.0,full_Region6_s0.2,22.47636757532594,0.03381579888567917,3,-15.252428297274468,9.91,0
mq,10.0,full_Region6_s0.3,21.642774567253763,0.046263583477019934,3,-17.22048389547537,9.905,0
mq,10.0,full_Region7_s0,24.107290857290888,0.0022476642744367233,3,-12.062279957629997,9.946,0
mq,10.0,full_Region7_s0.1,23.189918684710367,0.023937491164215372,3,-15.683067253301,9.915,0
mq,10.0,full_Region7_s0.2,25.41197228697224,0.0,3,-7.46184481091733,9.935,0
mq,10.0,full_Region7_s0.3,22.188115125615145,0.05367784063333539,3,-17.641378103457416,9.916,0
pgreedy,1.0,full_Region6_s0,26.65398577117329,,1,2.220446049250313e-14,0.081,0
pgreedy,1.0,full_Region6_s0.1,25.585496390183955,,1,0.0,0.083,0
pgreedy,1.0,full_Region6_s0.2,26.521547607485125,,1,0.0,0.065,0
pgreedy,1.0,full_Region6_s0.3,26.14508466070967,,1,0.0,0.083,0
pgreedy,1.0,full_Region7_s0,27.41405035936291,,1,0.0,0.151,0
pgreedy,1.0,full_Region7_s0.1,27.503275948588453,,1,0.0,0.081,0
pgreedy,1.0,full_Region7_s0.2,27.4610750938876,,1,0.0,0.084,0
pgreedy,1.0,full_Region7_s0.3,26.940852839290407,,1,0.0,0.07,0
pgreedy,3.0,full_Region6_s0,26.65398577117329,,1,2.220446049250313e-14,0.081,0
pgreedy,3.0,full_Region6_s0.1,25.585496390183955,,1,0.0,0.074,0
pgreedy,3.0,full_Region6_s0.2,26.521547607485125,,1,0.0,0.065,0
pgreedy,3.0,full_Region6_s0.3,26.14508466070967,,1,0.0,0.083,0
pgreedy,3.0,full_Region7_s0,27.41405035936291,,1,0.0,0.214,0
pgreedy,3.0,full_Region7_s0.1,27.503275948588453,,1,0.0,0.075,0
pgreedy,3.0,full_Region7_s0.2,27.4610750938876,,1,0.0,0.082,0
pgreedy,3.0,full_Region7_s0.3,26.940852839290407,,1,0.0,0.064,0
pgreedy,10.0,full_Region6_s0,26.65398577117329,,1,2.220446049250313e-14,0.162,0
pgreedy,10.0,full_Region6_s0.1,25.585496390183955,,1,0.0,0.149,0
pgreedy,10.0,full_Region6_s0.2,26.521547607485125,,1,0.0,0.131,0
pgreedy,10.0,full_Region6_s0.3,26.14508466070967,,1,0.0,0.167,0
pgreedy,10.0,full_Region7_s0,27.41405035936291,,1,0.0,0.126,0
pgreedy,10.0,full_Region7_s0.1,27.503275948588453,,1,0.0,0.075,0
pgreedy,10.0,full_Region7_s0.2,27.4610750938876,,1,0.0,0.146,0
pgreedy,10.0,full_Region7_s0.3,26.940852839290407,,1,0.0,0.13,0
pt,1.0,full_Region6_s0,23.16524081628246,0.06306983887649086,3,-13.089017848369826,1.126,0
pt,1.0,full_Region6_s0.1,21.36440257273584,0.09692661347900565,3,-16.49799461802729,1.14,0
pt,1.0,full_Region6_s0.2,23.172192680005207,0.040436981183468175,3,-12.628806497455818,1.114,0
pt,1.0,full_Region6_s0.3,22.33689323793494,0.06020555672494403,3,-14.56561136517414,1.12,0
pt,1.0,full_Region7_s0,24.205967932530456,0.01993714985216414,3,-11.70232922453494,1.13,0
pt,1.0,full_Region7_s0.1,23.375711576232376,0.04295517460182923,3,-15.007537211464127,1.082,0
pt,1.0,full_Region7_s0.2,25.41197228697224,0.0,3,-7.461844810917317,1.1,0
pt,1.0,full_Region7_s0.3,22.85862767633618,0.1008508381246662,3,-15.152546162164299,1.041,0
pt,3.0,full_Region6_s0,22.399233386212558,0.017001416471918118,3,-15.96291234447312,3.039,0
pt,3.0,full_Region6_s0.1,20.742081606664954,0.01171146910029424,3,-18.930313915571357,3.155,0
pt,3.0,full_Region6_s0.2,22.436401946818638,0.010044805090574533,3,-15.403119460168858,3.127,0
pt,3.0,full_Region6_s0.3,21.616577770223515,0.005530199899453954,3,-17.32068168550056,3.13,0
pt,3.0,full_Region7_s0,24.101173325131683,0.006909565821017129,3,-12.084595274334417,3.151,0
pt,3.0,full_Region7_s0.1,23.164796334067148,0.01916447314772349,3,-15.774410374353847,3.157,0
pt,3.0,full_Region7_s0.2,25.41197228697224,0.0,3,-7.46184481091733,3.099,0
pt,3.0,full_Region7_s0.3,22.067641559829088,0.023042207627289858,3,-18.088556099286688,3.161,0
pt,10.0,full_Region6_s0,22.241105634334826,0.0017614320952523462,3,-16.556173529630467,10.013,0
pt,10.0,full_Region6_s0.1,20.691215709444858,0.04438392899639938,3,-19.12912146045687,10.027,0
pt,10.0,full_Region6_s0.2,22.3070178278512,0.01000781024125609,3,-15.890964743115012,10.02,0
pt,10.0,full_Region6_s0.3,21.530442647630164,0.005204835161367466,3,-17.65013222548215,10.023,0
pt,10.0,full_Region7_s0,24.0970738366572,0.004134377838203903,3,-12.099549242904354,10.02,0
pt,10.0,full_Region7_s0.1,23.165084336959335,0.018753647186300196,3,-15.77336321585272,10.021,0
pt,10.0,full_Region7_s0.2,25.41197228697224,0.0,3,-7.46184481091733,10.021,0
pt,10.0,full_Region7_s0.3,22.056871465725663,0.0029498731905083647,3,-18.128532911333703,10.025,0
sb,1.0,full_Region6_s0,24.640289783518938,1.3645923520775949,3,-7.554952587361967,1.166,0
sb,1.0,full_Region6_s0.1,22.9053010068635,1.4386373184921308,3,-10.47544805247058,1.047,0
sb,1.0,full_Region6_s0.2,25.069881507381535,0.0,3,-5.473534657886603,1.082,0
sb,1.0,full_Region6_s0.3,23.82416647781233,1.4670510901170608,3,-8.877072738590785,1.16,0
sb,1.0,full_Region7_s0,24.339512243158143,0.06620308469634328,3,-11.215191027599092,1.941,1
sb,1.0,full_Region7_s0.1,23.604330565268086,0.14780449511929492,3,-14.176294455280965,1.254,0
sb,1.0,full_Region7_s0.2,25.736161697099146,0.03471720860016816,3,-6.281303229720943,1.774,2
sb,1.0,full_Region7_s0.3,24.333737346758408,1.4307529115890025,3,-9.677182485959756,1.21,0
sb,3.0,full_Region6_s0,23.034802485323294,0.051600867226154305,3,-13.578394304405302,3.024,0
sb,3.0,full_Region6_s0.1,21.18877476689978,0.021266509282902687,3,-17.18442963244992,3.012,0
sb,3.0,full_Region6_s0.2,22.96077157795911,0.0,3,-13.425973786390443,3.033,0
sb,3.0,full_Region6_s0.3,22.11945510122595,0.01854453625417364,3,-15.397271080683707,3.025,0
sb,3.0,full_Region7_s0,24.34573162177333,0.07068788681205607,3,-11.192504199006976,3.015,0
sb,3.0,full_Region7_s0.1,23.519445253820276,0.11121507870983613,3,-14.484931548572995,3.019,0
sb,3.0,full_Region7_s0.2,25.79846070210648,0.14519212960426214,3,-6.054440279911667,3.024,0
sb,3.0,full_Region7_s0.3,22.67906428062692,0.004471997277496437,3,-15.819055855752685,3.018,0
sb,10.0,full_Region6_s0,22.956854873521564,0.03159988785318523,3,-13.870836914943615,9.997,0
sb,10.0,full_Region6_s0.1,20.900230941897636,0.028621447584825845,3,-18.312192880040637,10.497,0
sb,10.0,full_Region6_s0.2,22.703033270741646,0.03839506755670506,3,-14.397780978911593,9.989,0
sb,10.0,full_Region6_s0.3,22.066532040490397,0.02899993364988355,3,-15.599691770547004,10.347,0
sb,10.0,full_Region7_s0,24.301532283303157,0.07510179690380264,3,-11.353732977282272,9.998,0
sb,10.0,full_Region7_s0.1,23.414632435465787,0.16034616728267703,3,-14.866023672109174,9.996,0
sb,10.0,full_Region7_s0.2,25.66692566692561,0.0,3,-6.533427481727905,10.717,0
sb,10.0,full_Region7_s0.3,22.553138219805053,0.03894029666874371,3,-16.28647261339229,9.996,0
