area,key,ts,phase,tag,instance,solver,family,budget,seed,wall,objective,direct_load,sibling_load
wp5,1d5a0b2ee48d84ab,2026-10-01T14:57:44,tune,F1__lp__b1_t2,full_Region6_s0.2,lp,classical,1.0,2,1.165,25.06988150738153,0.2000858323256856,8.846652157828531
wp5,f4bd6fa0a5b2e49a,2026-10-01T14:57:45,tune,F1__lp__b1_t2,full_Region6_s0.3,lp,classical,1.0,2,1.075,24.67116881960635,0.2051162852797397,9.06907004201135
wp5,1e7a9ae4c71f6556,2026-10-01T14:57:46,tune,F1__lp__b1_t3,full_Region7_s0,lp,classical,1.0,3,0.595,24.29050521238024,0.2576470655553481,11.391680969911462
wp5,88c96b56552c4e35,2026-10-01T14:57:46,tune,F1__lp__b1_t3,full_Region7_s0.1,lp,classical,1.0,3,0.544,23.422981821419366,0.2686764475177315,11.879337215248274
wp5,004ff2995d199441,2026-10-01T14:57:47,tune,F1__lp__b1_t3,full_Region7_s0.2,lp,classical,1.0,3,0.405,25.78285863442108,0.3128394962828835,13.83197487136464
wp5,8f8acbb61153edf8,2026-10-01T14:57:47,tune,F1__lp__b1_t3,full_Region7_s0.3,lp,classical,1.0,3,0.585,25.159782925408155,0.2596581287873097,11.480598694238909
wp5,6d01be006f1f6502,2026-10-01T14:57:48,tune,F1__lp__b1_t3,full_Region6_s0,lp,classical,1.0,3,0.631,25.428137545325043,0.2509350330818285,11.0949132484037
wp5,66215d9cb8d374c3,2026-10-01T14:57:48,tune,F1__lp__b1_t3,full_Region6_s0.1,lp,classical,1.0,3,0.654,23.73589864996117,0.2470336485346523,10.922416317353555
wp5,b1871bf1dbdce1e6,2026-10-01T14:57:49,tune,F1__lp__b1_t3,full_Region6_s0.2,lp,classical,1.0,3,0.747,25.06988150738153,0.2337081620651714,10.333239451310083
wp5,cdaddfc1a8265d35,2026-10-01T14:57:49,tune,F1__lp__b1_t3,full_Region6_s0.3,lp,classical,1.0,3,0.676,24.67116881960635,0.243550320348796,10.768403449707485
wp5,b26a7079d4f3a31a,2026-10-01T15:11:38,tune,F1__sb__b1_t8,full_Region6_s0,sb,ising,1.0,8,0.921,25.428137545325043,0.2931596091205212,4.381259510234952
wp5,232694f8725f9085,2026-10-01T15:11:39,tune,F1__sb__b1_t8,full_Region6_s0.1,sb,ising,1.0,8,1.133,23.73589864996117,0.3891526674235278,4.39598383571022
wp5,96411178602160d1,2026-10-01T15:11:40,tune,F1__sb__b1_t8,full_Region6_s0.2,sb,ising,1.0,8,1.013,25.06988150738153,0.4032675252615052,4.555429452028114
wp5,5932e852b4c54a2d,2026-10-01T15:11:41,tune,F1__sb__b1_t8,full_Region6_s0.3,sb,ising,1.0,8,1.147,24.67116881960635,0.3876983610151535,4.379555559615623
wp5,4409d176a4779cc8,2026-10-01T15:11:44,tune,F1__sb__b1_t9,full_Region7_s0,sb,ising,1.0,9,0.987,24.39756337412593,0.4067781123709171,4.59508608418999
wp5,b6015b3801e277cd,2026-10-01T15:11:45,tune,F1__sb__b1_t9,full_Region7_s0.1,sb,ising,1.0,9,0.993,23.50251311188812,0.4059516699292509,4.585750345497092
wp5,dcf0d7c6c6552079,2026-10-01T15:11:46,tune,F1__sb__b1_t9,full_Region7_s0.2,sb,ising,1.0,9,0.989,25.71128957847704,0.4065015390741331,4.591961830281874
wp5,4eaad484b32f5c50,2026-10-01T15:11:47,tune,F1__sb__b1_t9,full_Region7_s0.3,sb,ising,1.0,9,1.063,25.159782925408155,0.3969990500614313,4.484618898842094
wp5,92dc20a2ab71b291,2026-10-01T15:11:48,tune,F1__sb__b1_t9,full_Region6_s0,sb,ising,1.0,9,1.084,25.428137545325043,0.569815525709483,3.8756460677213775
wp5,8c60e19a7b1c1d99,2026-10-01T15:11:49,tune,F1__sb__b1_t9,full_Region6_s0.1,sb,ising,1.0,9,1.064,23.73589864996117,0.6761653665313146,3.557217797838655
wp5,e56f1f0b3cab267f,2026-10-01T15:11:50,tune,F1__sb__b1_t9,full_Region6_s0.2,sb,ising,1.0,9,0.996,25.06988150738153,0.6909237185635241,3.6348595628776703
wp5,7791fa5e5359f9da,2026-10-01T15:11:52,tune,F1__sb__b1_t9,full_Region6_s0.3,sb,ising,1.0,9,1.07,24.67116881960635,0.6749532423286794,3.550840970511748
wp5,2b540be7213597d5,2026-10-01T15:11:55,tune,F1__sb__b1_t10,full_Region7_s0,sb,ising,1.0,10,1.365,24.35180328930329,0.628498171712016,3.3064469033545185
wp5,096fc68be623171f,2026-10-01T15:11:56,tune,F1__sb__b1_t10,full_Region7_s0.1,sb,ising,1.0,10,1.438,23.38444541569544,0.6199443555839868,3.261446392420104
wp5,be951070c9c15473,2026-10-01T15:11:58,tune,F1__sb__b1_t10,full_Region7_s0.2,sb,ising,1.0,10,1.606,25.75583357614602,0.5969862860730695,3.098704776312613
wp5,f75ee16bc6717968,2026-10-01T15:11:59,tune,F1__sb__b1_t10,full_Region7_s0.3,sb,ising,1.0,10,1.496,25.159782925408155,0.6004010850095494,3.0687166567154747
wp5,c4eeede0431791fd,2026-10-01T15:12:01,tune,F1__sb__b1_t10,full_Region6_s0,sb,ising,1.0,10,1.41,25.428137545325043,0.6095744954778793,3.1156029768869384
wp5,c5780271cf6f5db0,2026-10-01T15:12:02,tune,F1__sb__b1_t10,full_Region6_s0.1,sb,ising,1.0,10,1.517,23.73589864996117,0.5983190388764372,3.05807508759068
wp5,13ced7bc27941e33,2026-10-01T15:12:04,tune,F1__sb__b1_t10,full_Region6_s0.2,sb,ising,1.0,10,1.902,25.06988150738153,0.5682965182355526,2.904626648759491
wp5,d828339c06cfc9e6,2026-10-01T15:12:06,tune,F1__sb__b1_t10,full_Region6_s0.3,sb,ising,1.0,10,1.721,24.67116881960635,0.580737931585672,2.968216094771213
wp5,1c78919f491a89da,2026-10-01T15:12:10,tune,F1__sb__b1_t11,full_Region7_s0,sb,ising,1.0,11,1.584,24.27551354895108,0.2525252525252525,5.845959595959597
wp5,7adedc46eb6129d7,2026-10-01T15:12:11,tune,F1__sb__b1_t11,full_Region7_s0.1,sb,ising,1.0,11,1.367,23.41337655400164,0.2731529046081677,6.323489741679082
wp5,5dce8921151b23d2,2026-10-01T15:12:13,tune,F1__sb__b1_t11,full_Region7_s0.2,sb,ising,1.0,11,1.69,25.790041844729288,0.259171604404788,5.999822641970843
wp5,51c51e124b38e476,2026-10-01T15:12:14,tune,F1__sb__b1_t11,full_Region7_s0.3,sb,ising,1.0,11,1.474,25.159782925408155,0.2678426020504499,6.200556237467917
wp5,0942f035b5798a49,2026-10-01T15:12:16,tune,F1__sb__b1_t11,full_Region6_s0,sb,ising,1.0,11,1.485,25.428137545325043,0.2673400532115589,6.18892223184759
wp5,b9f89cba79e6cefb,2026-10-01T15:12:17,tune,F1__sb__b1_t11,full_Region6_s0.1,sb,ising,1.0,11,1.345,23.73589864996117,0.2743494466334913,6.3511896895653255
wp5,ae919b722eb26ce8,2026-10-01T16:30:38,tune,F1__eim__b3_t11,full_Region7_s0.3,eim,ising,3.0,11,3.019,22.21740441271696,0.9340841338191452,0.6763961781883683
wp5,d21d601f47078736,2026-10-01T16:30:41,tune,F1__eim__b3_t11,full_Region6_s0,eim,ising,3.0,11,3.009,23.0818764568765,1.096198092112315,0.5597607278871394
wp5,eddc82669d3a17e3,2026-10-01T16:30:44,tune,F1__eim__b3_t11,full_Region6_s0.1,eim,ising,3.0,11,3.033,20.87207005957008,1.0949620813809329,0.5591295734711147
wp5,4c2f9458d7f46cca,2026-10-01T16:30:47,tune,F1__eim__b3_t11,full_Region6_s0.2,eim,ising,3.0,11,3.023,22.621946629759144,0.658822362485249,0.2418260009644483
wp5,9f0be2fff5e3a915,2026-10-01T16:30:50,tune,F1__eim__b3_t11,full_Region6_s0.3,eim,ising,3.0,11,3.032,24.380327716265207,0.3261741484689838,0.0
wp5,ac2309532c2624a3,2026-10-01T16:30:52,deval_hl,deval_hl_lp_b1_s101,full_Region7_s0,lp,classical,1.0,101,0.365,24.308424792799872,0.6635616511514741,0.0
wp5,f20b1606cb974b4f,2026-10-01T16:30:53,deval_hl,deval_hl_lp_b1_s101,full_Region7_s0.1,lp,classical,1.0,101,0.361,23.767816385003925,0.6678116816893178,0.0
wp5,b46c7c281a9ca117,2026-10-01T16:30:53,deval_hl,deval_hl_lp_b1_s101,full_Region7_s0.2,lp,classical,1.0,101,0.273,25.728094243719195,0.7928205147767678,0.0
wp5,65f0b3dd90b14396,2026-10-01T16:30:54,deval_hl,deval_hl_lp_b1_s101,full_Region7_s0.3,lp,classical,1.0,101,0.703,22.681646189458903,0.4791465422846006,0.0
wp5,b7f3b7187b72a595,2026-10-01T16:30:54,deval_hl,deval_hl_lp_b1_s101,full_Region6_s0,lp,classical,1.0,101,0.691,25.428137545325043,0.4826049142221983,0.0
wp5,cc9a4e62691ab0b1,2026-10-01T16:30:55,deval_hl,deval_hl_lp_b1_s101,full_Region6_s0.1,lp,classical,1.0,101,0.666,23.73589864996117,0.490210163700688,0.0
wp5,7af0834382984075,2026-10-01T16:37:14,tune,F1__milp__b3_t1,full_Region6_s0.1,milp,classical,3.0,1,13.413,25.585496390183955,0.332447627349196,0.4364325733052567
wp5,36c8e62c5b102b3c,2026-10-01T16:37:31,tune,F1__milp__b3_t1,full_Region6_s0.2,milp,classical,3.0,1,16.942,26.521547607485125,0.4266296757560822,0.0944398536182268
wp5,a6d8131a1e2e9968,2026-10-01T20:17:34,tune,F1__milp__b10_t8,full_Region7_s0,milp,classical,10.0,8,9.827,24.314596283346297,0.2279434211865269,0.9830060038668972
wp5,ee054a5fce563b9c,2026-10-01T20:17:42,tune,F1__milp__b10_t8,full_Region7_s0.1,milp,classical,10.0,8,7.944,23.32697163947165,0.566727089857887,0.8374521661501036
wp5,d5c66f4dc836b19e,2026-10-01T20:17:49,tune,F1__milp__b10_t8,full_Region7_s0.2,milp,classical,10.0,8,6.844,25.790041844729288,0.5309643583782648,0.2967153767407951
wp5,c1265c21d7f8b870,2026-10-01T20:20:38,tune,F1__milp__b10_t10,full_Region7_s0.1,milp,classical,10.0,10,3.4,23.20540136946388,0.2294117703157313,1.0208823779050042
wp5,976f4edc344f7e18,2026-10-01T20:33:02,tune,F1__sb__b10_t7,full_Region6_s0,sb,ising,10.0,7,9.996,23.07893032893029,0.7833133253301319,2.030284114006091
wp5,68abc0bc04991b87,2026-10-01T20:33:12,tune,F1__sb__b10_t7,full_Region6_s0.1,sb,ising,10.0,7,10.003,21.287168560606062,2.728464466136157,6.988380499676467
wp5,3e7df75f2d6659cf,2026-10-01T20:33:22,tune,F1__sb__b10_t7,full_Region6_s0.2,sb,ising,10.0,7,10.0,22.96077157795911,2.7135,6.906000000000001
wp5,5ce39a793bccc717,2026-10-01T20:33:32,tune,F1__sb__b10_t7,full_Region6_s0.3,sb,ising,10.0,7,9.999,22.17502144845897,2.757013720361599,6.535556598930004
wp5,8cc9fc447f91c61f,2026-10-01T20:33:44,tune,F1__sb__b10_t8,full_Region7_s0,sb,ising,10.0,8,9.995,24.319456585081625,1.8616107751751856,7.93353668983845
wp5,67ec1bd001d6355e,2026-10-01T20:33:54,tune,F1__sb__b10_t8,full_Region7_s0.1,sb,ising,10.0,8,9.987,23.484676492489,1.7421988575764336,7.880428547590385
wp5,d33895526457592a,2026-10-01T20:34:04,tune,F1__sb__b10_t8,full_Region7_s0.2,sb,ising,10.0,8,10.136,25.586866258741217,2.2879715655484163,7.133381951250425
wp5,6ce462b315b00199,2026-10-01T20:34:15,tune,F1__sb__b10_t8,full_Region7_s0.3,sb,ising,10.0,8,10.06,22.68235641673143,0.784174940458112,3.213280278219144
wp1,e999f0e1b4719470,2026-10-01T16:30:52,wp1,wp1_Region5_s0.4_cpsat,full_Region5_s0.4,cpsat,classical,300.0,0,1.403,18.4143518518518,0.379786195707423,0.0
wp1,4a2aef37bb904a3b,2026-10-01T18:36:53,wp1,wp1_Region5_s0.8_pt,full_Region5_s0.8,pt,ising,300.0,0,300.018,14.499384874384832,0.6672932957355893,1.1849289042657445
