solver,family,budget,n_trials,best,best_trial,trial0_phase1cfg,median,n_failed_trials,best_cfg
pt,Ising,1,12,-13.008638792056837,9,-8.571088142281543,-11.164803602670014,0,"{""eim_R"": 16, ""eim_Tmax"": 0.008864549059196352, ""eim_Tmin"": 1.0984360218168416e-06, ""eim_anneal"": 0.5384470725102187, ""eim_hscale"": 1.2835823710365764, ""eim_moves"": 140985, ""eim_rho"": 14.353412217010282, ""g_scale"": 1163.4607209533538, ""p_add"": 0.039777647903175034, ""p_swap"": 0.7399689064220577, ""start"": ""pgreedy"", ""topw"": 20}"
pt,Ising,3,12,-15.282143129960565,9,-14.730740155976719,-14.678326430990726,0,"{""eim_R"": 16, ""eim_Tmax"": 0.004778562334987127, ""eim_Tmin"": 5.65009413558932e-07, ""eim_anneal"": 0.48645278005217524, ""eim_hscale"": 0.689973517338634, ""eim_moves"": 159234, ""eim_rho"": 15.504304921919466, ""g_scale"": 902.9755641720078, ""p_add"": 0.05480263669113283, ""p_swap"": 0.7323744694634446, ""start"": ""lp"", ""topw"": 19}"
pt,Ising,10,12,-15.34269556367559,9,-15.340924279520179,-14.937411951069054,0,"{""eim_R"": 16, ""eim_Tmax"": 6.797811914032077e-06, ""eim_Tmin"": 4.243691530342208e-07, ""eim_anneal"": 0.805185495739135, ""eim_hscale"": 5.28310260416195, ""eim_moves"": 39664, ""eim_rho"": 12.090487283123066, ""g_scale"": 192.99522546169908, ""p_add"": 0.34530778360406, ""p_swap"": 0.2120831155936331, ""start"": ""lp"", ""topw"": 3}"
eim,Ising,1,12,-12.303029713317269,7,-8.49562427563929,-8.392959374351014,3,"{""eim_R"": 32, ""eim_Tmax"": 0.003583986660864503, ""eim_Tmin"": 5.783861854309937e-05, ""eim_anneal"": 0.12409113813250239, ""eim_eta"": 0.34260036476627304, ""eim_hscale"": 0.1304777081943831, ""eim_moves"": 104211, ""eim_rho"": 943.9510613981709, ""g_scale"": 7782.319746550366, ""p_add"": 0.14263230801054813, ""p_swap"": 0.5234958816794935, ""start"": ""pgreedy"", ""topw"": 12}"
eim,Ising,3,12,-15.038189871815938,0,-15.038189871815938,-14.80178057494993,1,"{""eim_R"": 16, ""eim_Tmax"": 0.0007255047403074508, ""eim_Tmin"": 0.00013246974647468452, ""eim_anneal"": 0.7664913525398744, ""eim_eta"": 0.23358825194833557, ""eim_hscale"": 0.6218230782016851, ""eim_moves"": 52984, ""eim_rho"": 4.5566719139214715, ""g_scale"": 1370.4648392849028, ""p_add"": 0.0716766437045232, ""p_swap"": 0.8407909904010871, ""start"": ""lp"", ""topw"": 11}"
eim,Ising,10,12,-15.325600870941122,2,-15.298044110595669,-14.987538321472194,0,"{""eim_R"": 16, ""eim_Tmax"": 0.0007255047403074508, ""eim_Tmin"": 0.00013246974647468452, ""eim_anneal"": 0.7664913525398744, ""eim_eta"": 0.23358825194833557, ""eim_hscale"": 0.6218230782016851, ""eim_moves"": 52984, ""eim_rho"": 4.5566719139214715, ""g_scale"": 1370.4648392849028, ""p_add"": 0.0716766437045232, ""p_swap"": 0.8407909904010871, ""start"": ""lp"", ""topw"": 11}"
sb,Ising,1,12,-7.690324199304074,0,-7.690324199304074,-3.8081531546703786,4,"{""sb_agents"": 32, ""sb_alpha_floor"": 0.19397546899179888, ""sb_dt"": 1.4232321618458184, ""sb_eta"": 0.0965605178058406, ""sb_eta_mu"": 4.719399631690194, ""sb_heat"": 0.0125536250820598, ""sb_steps"": 1432, ""sb_tau_frac"": 0.9386113363824448, ""sb_variant"": ""ballistic"", ""sb_warm"": 0.10136029824871645, ""sb_xi"": 0.07953090488826875, ""start"": ""lp""}"
sb,Ising,3,12,-13.454329286566418,7,-13.342176572795145,-13.351563527551244,1,"{""sb_agents"": 32, ""sb_alpha_floor"": 0.10495505384946222, ""sb_dt"": 0.2160066056566079, ""sb_eta"": 1.2217235389541414, ""sb_eta_mu"": 0.1904447617876336, ""sb_heat"": 0.02663989797176289, ""sb_steps"": 507, ""sb_tau_frac"": 0.942607649775167, ""sb_variant"": ""ballistic"", ""sb_warm"": 0.7669725518987822, ""sb_xi"": 0.0787719113682172, ""start"": ""lp""}"
sb,Ising,10,12,-13.798416715651502,9,-13.395485469266195,-13.385898696585238,0,"{""sb_agents"": 32, ""sb_alpha_floor"": 0.13772316276737318, ""sb_dt"": 0.39684192105865546, ""sb_eta"": 0.13278794355145754, ""sb_eta_mu"": 0.01808138527815477, ""sb_heat"": 0.09437680013831531, ""sb_steps"": 115, ""sb_tau_frac"": 0.9618306598976332, ""sb_variant"": ""ballistic"", ""sb_warm"": 0.3058407788616103, ""sb_xi"": 0.08879437229711919, ""start"": ""lp""}"
mq,Ising,1,12,-7.978730319605415,10,-7.908233694119432,-7.71401441014471,1,"{""mq_dt"": 0.7526220409196414, ""mq_iters"": 122, ""mq_ksamp"": 2, ""mq_nmax"": 774, ""mq_pen"": 0.03305178151743325, ""mq_q"": 4, ""mq_reads"": 16, ""mq_solver"": ""mq_dsb"", ""mq_xi"": 0.9749475667194528, ""start"": ""lp""}"
mq,Ising,3,12,-14.749182396209404,11,-13.869473595838858,-13.68955795546943,0,"{""mq_dt"": 0.43931700667480106, ""mq_iters"": 50, ""mq_ksamp"": 6, ""mq_nmax"": 253, ""mq_pen"": 0.10984151369889907, ""mq_q"": 5, ""mq_reads"": 16, ""mq_solver"": ""mq_dsb"", ""mq_xi"": 0.17046763810025106, ""start"": ""lp""}"
mq,Ising,10,12,-15.038662295425864,11,-14.296691621957075,-14.211118762325958,0,"{""mq_dt"": 0.43931700667480106, ""mq_iters"": 50, ""mq_ksamp"": 6, ""mq_nmax"": 253, ""mq_pen"": 0.10984151369889907, ""mq_q"": 5, ""mq_reads"": 16, ""mq_solver"": ""mq_dsb"", ""mq_xi"": 0.17046763810025106, ""start"": ""lp""}"
lp,classical,1,12,-7.7979787873785105,5,-7.690324199304074,-6.635149882657896,4,"{""lexi"": false}"
lp,classical,3,12,-13.482266678435742,5,-13.374612090361303,-13.32534306166038,4,"{""lexi"": false}"
lp,classical,10,12,-13.482266678435742,5,-13.374612090361303,-13.380494026586057,0,"{""lexi"": false}"
milp,classical,1,12,-7.778724743912305,11,-3.6815314129615015,-6.1686587641635855,1,"{""eps_tie"": 0.0, ""mip_heuristic_effort"": 0.38541305960242617, ""presolve"": ""off"", ""start"": ""lp""}"
milp,classical,3,12,-14.07976491489199,11,-11.159541477744881,-13.67606923581517,3,"{""eps_tie"": 0.0, ""mip_heuristic_effort"": 0.3864458389180624, ""presolve"": ""off"", ""start"": ""lp""}"
milp,classical,10,12,-14.570360244360147,6,-13.937917684681384,-14.17734530600405,3,"{""eps_tie"": 0.0, ""mip_heuristic_effort"": 0.08696910001601103, ""presolve"": ""off"", ""start"": ""lp""}"
cpsat,classical,1,12,-7.73678238654819,11,-7.696073619949481,-7.260062227327345,2,"{""cp_model_presolve"": false, ""linearization_level"": 1, ""repair_hint"": false, ""start"": ""lp""}"
cpsat,classical,3,12,-12.674070829494106,4,-11.38760194718394,-8.861224487429254,2,"{""cp_model_presolve"": false, ""linearization_level"": 2, ""repair_hint"": false, ""start"": ""lp""}"
cpsat,classical,10,12,-15.076293862300542,9,-14.96841956943045,-11.08029784234254,4,"{""cp_model_presolve"": false, ""linearization_level"": 0, ""repair_hint"": false, ""start"": ""lp""}"
ls,classical,1,12,-14.058930393323537,5,-12.90760652735245,-12.986151706497617,0,"{""g_scale"": 1033.198382944086, ""ls_T0"": 9.976727856592743e-05, ""ls_T1"": 2.387300289641544e-09, ""ls_chains"": 8, ""ls_moves"": 179038, ""ls_restart_every"": 0, ""p_add"": 0.16323012771885298, ""p_swap"": 0.774440157136168, ""start"": ""pgreedy"", ""topw"": 5}"
ls,classical,3,12,-14.665166898108787,1,-14.632243652115918,-14.105672980002687,0,"{""g_scale"": 138.69861245357328, ""ls_T0"": 0.0025766385746135885, ""ls_T1"": 3.895706556508577e-06, ""ls_chains"": 16, ""ls_moves"": 23860, ""ls_restart_every"": 0, ""p_add"": 0.32294705653332806, ""p_swap"": 0.38687290659310525, ""start"": ""pgreedy"", ""topw"": 43}"
ls,classical,10,12,-15.26085632676592,9,-15.215363842140238,-14.861233149762196,0,"{""g_scale"": 1198.298653579562, ""ls_T0"": 0.0012705528127100602, ""ls_T1"": 0.00012504985158089566, ""ls_chains"": 8, ""ls_moves"": 17150, ""ls_restart_every"": 0, ""p_add"": 0.327950305259883, ""p_swap"": 0.5985999245777737, ""start"": ""pgreedy"", ""topw"": 14}"
